signature,signature_counts,all_puzzles,mirror_puzzles,mobile_puzzles,filtered_puzzles,singletons_min_all,singletons_max_all,singletons_min_filtered,singletons_max_filtered
111 only,{},1,1,1,1,26,26,26,26
221,"{""221"":1}",1,1,1,1,22,22,22,22
221 221Core,"{""221"":1,""221Core"":1}",2,2,2,2,19,19,19,19
221 221Core 2x311,"{""221"":1,""221Core"":1,""311"":2}",2,2,2,2,13,13,13,13
221 221Core 2x311 2xClock,"{""221"":1,""221Core"":1,""311"":2,""Clock"":2}",4,3,4,3,9,9,9,9
221 221Core 2x311 2xClock 2xPair,"{""221"":1,""221Core"":1,""311"":2,""Clock"":2,""Pair"":2}",11,6,11,6,5,5,5,5
221 221Core 2x311 2xClock Pair,"{""221"":1,""221Core"":1,""311"":2,""Clock"":2,""Pair"":1}",13,7,13,7,7,7,7,7
221 221Core 2x311 2xPair,"{""221"":1,""221Core"":1,""311"":2,""Pair"":2}",3,2,3,2,9,9,9,9
221 221Core 2x311 3xClock,"{""221"":1,""221Core"":1,""311"":2,""Clock"":3}",1,1,1,1,7,7,7,7
221 221Core 2x311 3xClock 2xPair,"{""221"":1,""221Core"":1,""311"":2,""Clock"":3,""Pair"":2}",4,3,4,3,3,3,3,3
221 221Core 2x311 3xClock Pair,"{""221"":1,""221Core"":1,""311"":2,""Clock"":3,""Pair"":1}",4,2,4,2,5,5,5,5
221 221Core 2x311 BigClock 2xClock 2xPair,"{""221"":1,""221Core"":1,""311"":2,""BigClock"":1,""Clock"":2,""Pair"":2}",5,3,5,3,2,2,2,2
221 221Core 2x311 BigClock 2xClock 3xPair,"{""221"":1,""221Core"":1,""311"":2,""BigClock"":1,""Clock"":2,""Pair"":3}",1,1,1,1,0,0,0,0
221 221Core 2x311 BigClock 2xClock Pair,"{""221"":1,""221Core"":1,""311"":2,""BigClock"":1,""Clock"":2,""Pair"":1}",4,2,4,2,4,4,4,4
221 221Core 2x311 BigClock 2xPair,"{""221"":1,""221Core"":1,""311"":2,""BigClock"":1,""Pair"":2}",1,1,1,1,6,6,6,6
221 221Core 2x311 BigClock Clock 2xPair,"{""221"":1,""221Core"":1,""311"":2,""BigClock"":1,""Clock"":1,""Pair"":2}",6,3,6,3,4,4,4,4
221 221Core 2x311 BigClock Clock Pair,"{""221"":1,""221Core"":1,""311"":2,""BigClock"":1,""Clock"":1,""Pair"":1}",8,4,8,4,6,6,6,6
221 221Core 2x311 BigClock Pair,"{""221"":1,""221Core"":1,""311"":2,""BigClock"":1,""Pair"":1}",4,2,4,2,8,8,8,8
221 221Core 2x311 Clock,"{""221"":1,""221Core"":1,""311"":2,""Clock"":1}",6,4,6,4,11,11,11,11
221 221Core 2x311 Clock 2xPair,"{""221"":1,""221Core"":1,""311"":2,""Clock"":1,""Pair"":2}",10,6,10,6,7,7,7,7
221 221Core 2x311 Clock Pair,"{""221"":1,""221Core"":1,""311"":2,""Clock"":1,""Pair"":1}",14,7,14,7,9,9,9,9
221 221Core 2x311 Pair,"{""221"":1,""221Core"":1,""311"":2,""Pair"":1}",5,3,5,3,11,11,11,11
221 221Core 2xClock,"{""221"":1,""221Core"":1,""Clock"":2}",6,4,6,4,15,15,15,15
221 221Core 2xClock 2xPair,"{""221"":1,""221Core"":1,""Clock"":2,""Pair"":2}",6,4,6,4,11,11,11,11
221 221Core 2xClock 3xPair,"{""221"":1,""221Core"":1,""Clock"":2,""Pair"":3}",6,4,6,4,9,9,9,9
221 221Core 2xClock 4xPair,"{""221"":1,""221Core"":1,""Clock"":2,""Pair"":4}",6,4,6,4,7,7,7,7
221 221Core 2xClock 5xPair,"{""221"":1,""221Core"":1,""Clock"":2,""Pair"":5}",6,4,6,4,5,5,5,5
221 221Core 2xClock Pair,"{""221"":1,""221Core"":1,""Clock"":2,""Pair"":1}",6,4,6,4,13,13,13,13
221 221Core 2xPair,"{""221"":1,""221Core"":1,""Pair"":2}",2,2,2,2,15,15,15,15
221 221Core 311,"{""221"":1,""221Core"":1,""311"":1}",2,2,2,2,16,16,16,16
221 221Core 311 2xClock,"{""221"":1,""221Core"":1,""311"":1,""Clock"":2}",6,4,6,4,12,12,12,12
221 221Core 311 2xClock 2xPair,"{""221"":1,""221Core"":1,""311"":1,""Clock"":2,""Pair"":2}",6,4,6,4,8,8,8,8
221 221Core 311 2xClock 3xPair,"{""221"":1,""221Core"":1,""311"":1,""Clock"":2,""Pair"":3}",6,4,6,4,6,6,6,6
221 221Core 311 2xClock 4xPair,"{""221"":1,""221Core"":1,""311"":1,""Clock"":2,""Pair"":4}",36,20,36,20,4,4,4,4
221 221Core 311 2xClock Pair,"{""221"":1,""221Core"":1,""311"":1,""Clock"":2,""Pair"":1}",6,4,6,4,10,10,10,10
221 221Core 311 2xPair,"{""221"":1,""221Core"":1,""311"":1,""Pair"":2}",2,2,2,2,12,12,12,12
221 221Core 311 3xClock,"{""221"":1,""221Core"":1,""311"":1,""Clock"":3}",2,2,2,2,10,10,10,10
221 221Core 311 3xClock 2xPair,"{""221"":1,""221Core"":1,""311"":1,""Clock"":3,""Pair"":2}",2,2,2,2,6,6,6,6
221 221Core 311 3xClock 3xPair,"{""221"":1,""221Core"":1,""311"":1,""Clock"":3,""Pair"":3}",7,5,7,5,4,4,4,4
221 221Core 311 3xClock 4xPair,"{""221"":1,""221Core"":1,""311"":1,""Clock"":3,""Pair"":4}",28,15,28,15,2,2,2,2
221 221Core 311 3xClock 5xPair,"{""221"":1,""221Core"":1,""311"":1,""Clock"":3,""Pair"":5}",8,5,8,5,0,0,0,0
221 221Core 311 3xClock Pair,"{""221"":1,""221Core"":1,""311"":1,""Clock"":3,""Pair"":1}",2,2,2,2,8,8,8,8
221 221Core 311 3xPair,"{""221"":1,""221Core"":1,""311"":1,""Pair"":3}",2,2,2,2,10,10,10,10
221 221Core 311 4xPair,"{""221"":1,""221Core"":1,""311"":1,""Pair"":4}",3,3,3,3,8,8,8,8
221 221Core 311 BigClock,"{""221"":1,""221Core"":1,""311"":1,""BigClock"":1}",6,4,6,4,13,13,13,13
221 221Core 311 BigClock 2xClock,"{""221"":1,""221Core"":1,""311"":1,""BigClock"":1,""Clock"":2}",6,4,6,4,9,9,9,9
221 221Core 311 BigClock 2xClock 2xPair,"{""221"":1,""221Core"":1,""311"":1,""BigClock"":1,""Clock"":2,""Pair"":2}",21,13,21,13,5,5,5,5
221 221Core 311 BigClock 2xClock 3xPair,"{""221"":1,""221Core"":1,""311"":1,""BigClock"":1,""Clock"":2,""Pair"":3}",28,15,28,15,3,3,3,3
221 221Core 311 BigClock 2xClock 4xPair,"{""221"":1,""221Core"":1,""311"":1,""BigClock"":1,""Clock"":2,""Pair"":4}",9,5,9,5,1,1,1,1
221 221Core 311 BigClock 2xClock Pair,"{""221"":1,""221Core"":1,""311"":1,""BigClock"":1,""Clock"":2,""Pair"":1}",10,6,10,6,7,7,7,7
221 221Core 311 BigClock 2xPair,"{""221"":1,""221Core"":1,""311"":1,""BigClock"":1,""Pair"":2}",9,6,9,6,9,9,9,9
221 221Core 311 BigClock 3xPair,"{""221"":1,""221Core"":1,""311"":1,""BigClock"":1,""Pair"":3}",13,7,13,7,7,7,7,7
221 221Core 311 BigClock Clock,"{""221"":1,""221Core"":1,""311"":1,""BigClock"":1,""Clock"":1}",12,6,12,6,11,11,11,11
221 221Core 311 BigClock Clock 2xPair,"{""221"":1,""221Core"":1,""311"":1,""BigClock"":1,""Clock"":1,""Pair"":2}",24,12,24,12,7,7,7,7
221 221Core 311 BigClock Clock 3xPair,"{""221"":1,""221Core"":1,""311"":1,""BigClock"":1,""Clock"":1,""Pair"":3}",34,17,34,17,5,5,5,5
221 221Core 311 BigClock Clock Pair,"{""221"":1,""221Core"":1,""311"":1,""BigClock"":1,""Clock"":1,""Pair"":1}",18,9,18,9,9,9,9,9
221 221Core 311 BigClock Pair,"{""221"":1,""221Core"":1,""311"":1,""BigClock"":1,""Pair"":1}",8,5,8,5,11,11,11,11
221 221Core 311 Clock,"{""221"":1,""221Core"":1,""311"":1,""Clock"":1}",6,4,6,4,14,14,14,14
221 221Core 311 Clock 2xPair,"{""221"":1,""221Core"":1,""311"":1,""Clock"":1,""Pair"":2}",6,4,6,4,10,10,10,10
221 221Core 311 Clock 3xPair,"{""221"":1,""221Core"":1,""311"":1,""Clock"":1,""Pair"":3}",6,4,6,4,8,8,8,8
221 221Core 311 Clock 4xPair,"{""221"":1,""221Core"":1,""311"":1,""Clock"":1,""Pair"":4}",19,10,19,10,6,6,6,6
221 221Core 311 Clock Pair,"{""221"":1,""221Core"":1,""311"":1,""Clock"":1,""Pair"":1}",6,4,6,4,12,12,12,12
221 221Core 311 Pair,"{""221"":1,""221Core"":1,""311"":1,""Pair"":1}",2,2,2,2,14,14,14,14
221 221Core 3xClock,"{""221"":1,""221Core"":1,""Clock"":3}",2,2,2,2,13,13,13,13
221 221Core 3xClock 2xPair,"{""221"":1,""221Core"":1,""Clock"":3,""Pair"":2}",2,2,2,2,9,9,9,9
221 221Core 3xClock 3xPair,"{""221"":1,""221Core"":1,""Clock"":3,""Pair"":3}",2,2,2,2,7,7,7,7
221 221Core 3xClock 4xPair,"{""221"":1,""221Core"":1,""Clock"":3,""Pair"":4}",2,2,2,2,5,5,5,5
221 221Core 3xClock 5xPair,"{""221"":1,""221Core"":1,""Clock"":3,""Pair"":5}",2,2,2,2,3,3,3,3
221 221Core 3xClock 6xPair,"{""221"":1,""221Core"":1,""Clock"":3,""Pair"":6}",4,3,4,3,1,1,1,1
221 221Core 3xClock Pair,"{""221"":1,""221Core"":1,""Clock"":3,""Pair"":1}",2,2,2,2,11,11,11,11
221 221Core 3xPair,"{""221"":1,""221Core"":1,""Pair"":3}",2,2,2,2,13,13,13,13
221 221Core 4xPair,"{""221"":1,""221Core"":1,""Pair"":4}",2,2,2,2,11,11,11,11
221 221Core 5xPair,"{""221"":1,""221Core"":1,""Pair"":5}",2,2,2,2,9,9,9,9
221 221Core BigClock,"{""221"":1,""221Core"":1,""BigClock"":1}",6,4,6,4,16,16,16,16
221 221Core BigClock 2xClock,"{""221"":1,""221Core"":1,""BigClock"":1,""Clock"":2}",6,4,6,4,12,12,12,12
221 221Core BigClock 2xClock 2xPair,"{""221"":1,""221Core"":1,""BigClock"":1,""Clock"":2,""Pair"":2}",6,4,6,4,8,8,8,8
221 221Core BigClock 2xClock 3xPair,"{""221"":1,""221Core"":1,""BigClock"":1,""Clock"":2,""Pair"":3}",6,4,6,4,6,6,6,6
221 221Core BigClock 2xClock 4xPair,"{""221"":1,""221Core"":1,""BigClock"":1,""Clock"":2,""Pair"":4}",6,4,6,4,4,4,4,4
221 221Core BigClock 2xClock 5xPair,"{""221"":1,""221Core"":1,""BigClock"":1,""Clock"":2,""Pair"":5}",15,8,15,8,2,2,2,2
221 221Core BigClock 2xClock Pair,"{""221"":1,""221Core"":1,""BigClock"":1,""Clock"":2,""Pair"":1}",6,4,6,4,10,10,10,10
221 221Core BigClock 2xPair,"{""221"":1,""221Core"":1,""BigClock"":1,""Pair"":2}",6,4,6,4,12,12,12,12
221 221Core BigClock 3xPair,"{""221"":1,""221Core"":1,""BigClock"":1,""Pair"":3}",6,4,6,4,10,10,10,10
221 221Core BigClock 4xPair,"{""221"":1,""221Core"":1,""BigClock"":1,""Pair"":4}",6,4,6,4,8,8,8,8
221 221Core BigClock Clock,"{""221"":1,""221Core"":1,""BigClock"":1,""Clock"":1}",12,6,12,6,14,14,14,14
221 221Core BigClock Clock 2xPair,"{""221"":1,""221Core"":1,""BigClock"":1,""Clock"":1,""Pair"":2}",12,6,12,6,10,10,10,10
221 221Core BigClock Clock 3xPair,"{""221"":1,""221Core"":1,""BigClock"":1,""Clock"":1,""Pair"":3}",12,6,12,6,8,8,8,8
221 221Core BigClock Clock 4xPair,"{""221"":1,""221Core"":1,""BigClock"":1,""Clock"":1,""Pair"":4}",12,6,12,6,6,6,6,6
221 221Core BigClock Clock Pair,"{""221"":1,""221Core"":1,""BigClock"":1,""Clock"":1,""Pair"":1}",12,6,12,6,12,12,12,12
221 221Core BigClock Pair,"{""221"":1,""221Core"":1,""BigClock"":1,""Pair"":1}",6,4,6,4,14,14,14,14
221 221Core Clock,"{""221"":1,""221Core"":1,""Clock"":1}",6,4,6,4,17,17,17,17
221 221Core Clock 2xPair,"{""221"":1,""221Core"":1,""Clock"":1,""Pair"":2}",6,4,6,4,13,13,13,13
221 221Core Clock 3xPair,"{""221"":1,""221Core"":1,""Clock"":1,""Pair"":3}",6,4,6,4,11,11,11,11
221 221Core Clock 4xPair,"{""221"":1,""221Core"":1,""Clock"":1,""Pair"":4}",6,4,6,4,9,9,9,9
221 221Core Clock 5xPair,"{""221"":1,""221Core"":1,""Clock"":1,""Pair"":5}",6,4,6,4,7,7,7,7
221 221Core Clock Pair,"{""221"":1,""221Core"":1,""Clock"":1,""Pair"":1}",6,4,6,4,15,15,15,15
221 221Core Pair,"{""221"":1,""221Core"":1,""Pair"":1}",2,2,2,2,17,17,17,17
221 2x311,"{""221"":1,""311"":2}",1,1,1,1,16,16,16,16
221 2x311 2xClock,"{""221"":1,""311"":2,""Clock"":2}",3,3,3,3,12,12,12,12
221 2x311 2xClock 2xPair,"{""221"":1,""311"":2,""Clock"":2,""Pair"":2}",17,11,17,11,8,8,8,8
221 2x311 2xClock 3xPair,"{""221"":1,""311"":2,""Clock"":2,""Pair"":3}",4,2,4,2,6,6,6,6
221 2x311 2xClock Pair,"{""221"":1,""311"":2,""Clock"":2,""Pair"":1}",20,10,20,10,10,10,10,10
221 2x311 2xPair,"{""221"":1,""311"":2,""Pair"":2}",6,4,6,4,12,12,12,12
221 2x311 3xBigClock 2xPair,"{""221"":1,""311"":2,""BigClock"":3,""Pair"":2}",1,1,1,1,3,3,3,3
221 2x311 3xClock,"{""221"":1,""311"":2,""Clock"":3}",8,6,8,6,10,10,10,10
221 2x311 3xClock 2xPair,"{""221"":1,""311"":2,""Clock"":3,""Pair"":2}",10,7,10,7,6,6,6,6
221 2x311 3xClock 3xPair,"{""221"":1,""311"":2,""Clock"":3,""Pair"":3}",2,1,2,1,4,4,4,4
221 2x311 3xClock Pair,"{""221"":1,""311"":2,""Clock"":3,""Pair"":1}",16,8,16,8,8,8,8,8
221 2x311 3xPair,"{""221"":1,""311"":2,""Pair"":3}",1,1,1,1,10,10,10,10
221 2x311 4xClock,"{""221"":1,""311"":2,""Clock"":4}",2,2,2,2,8,8,8,8
221 2x311 4xClock 2xPair,"{""221"":1,""311"":2,""Clock"":4,""Pair"":2}",3,3,3,3,4,4,4,4
221 2x311 4xClock Pair,"{""221"":1,""311"":2,""Clock"":4,""Pair"":1}",4,2,4,2,6,6,6,6
221 2x311 BigClock,"{""221"":1,""311"":2,""BigClock"":1}",1,1,1,1,13,13,13,13
221 2x311 BigClock 2xClock,"{""221"":1,""311"":2,""BigClock"":1,""Clock"":2}",4,3,4,3,9,9,9,9
221 2x311 BigClock 2xClock 2xPair,"{""221"":1,""311"":2,""BigClock"":1,""Clock"":2,""Pair"":2}",5,5,5,5,5,5,5,5
221 2x311 BigClock 2xClock 3xPair,"{""221"":1,""311"":2,""BigClock"":1,""Clock"":2,""Pair"":3}",2,1,2,1,3,3,3,3
221 2x311 BigClock 2xClock Pair,"{""221"":1,""311"":2,""BigClock"":1,""Clock"":2,""Pair"":1}",12,6,12,6,7,7,7,7
221 2x311 BigClock 2xPair,"{""221"":1,""311"":2,""BigClock"":1,""Pair"":2}",2,2,2,2,9,9,9,9
221 2x311 BigClock 3xClock,"{""221"":1,""311"":2,""BigClock"":1,""Clock"":3}",1,1,1,1,7,7,7,7
221 2x311 BigClock 3xClock 2xPair,"{""221"":1,""311"":2,""BigClock"":1,""Clock"":3,""Pair"":2}",3,3,3,3,3,3,3,3
221 2x311 BigClock 3xClock Pair,"{""221"":1,""311"":2,""BigClock"":1,""Clock"":3,""Pair"":1}",4,2,4,2,5,5,5,5
221 2x311 BigClock 3xPair,"{""221"":1,""311"":2,""BigClock"":1,""Pair"":3}",1,1,1,1,7,7,7,7
221 2x311 BigClock Clock,"{""221"":1,""311"":2,""BigClock"":1,""Clock"":1}",4,3,4,3,11,11,11,11
221 2x311 BigClock Clock 2xPair,"{""221"":1,""311"":2,""BigClock"":1,""Clock"":1,""Pair"":2}",3,3,3,3,7,7,7,7
221 2x311 BigClock Clock 3xPair,"{""221"":1,""311"":2,""BigClock"":1,""Clock"":1,""Pair"":3}",2,1,2,1,5,5,5,5
221 2x311 BigClock Clock Pair,"{""221"":1,""311"":2,""BigClock"":1,""Clock"":1,""Pair"":1}",10,5,10,5,9,9,9,9
221 2x311 BigClock Pair,"{""221"":1,""311"":2,""BigClock"":1,""Pair"":1}",2,1,2,1,11,11,11,11
221 2x311 Clock,"{""221"":1,""311"":2,""Clock"":1}",2,2,2,2,14,14,14,14
221 2x311 Clock 2xPair,"{""221"":1,""311"":2,""Clock"":1,""Pair"":2}",14,8,14,8,10,10,10,10
221 2x311 Clock 3xPair,"{""221"":1,""311"":2,""Clock"":1,""Pair"":3}",3,2,3,2,8,8,8,8
221 2x311 Clock Pair,"{""221"":1,""311"":2,""Clock"":1,""Pair"":1}",13,7,13,7,12,12,12,12
221 2x311 Pair,"{""221"":1,""311"":2,""Pair"":1}",4,3,4,3,14,14,14,14
221 2xBigClock,"{""221"":1,""BigClock"":2}",2,2,2,2,16,16,16,16
221 2xBigClock 2xPair,"{""221"":1,""BigClock"":2,""Pair"":2}",6,4,6,4,12,12,12,12
221 2xBigClock 3xPair,"{""221"":1,""BigClock"":2,""Pair"":3}",8,4,8,4,10,10,10,10
221 2xBigClock 4xPair,"{""221"":1,""BigClock"":2,""Pair"":4}",6,4,6,4,8,8,8,8
221 2xBigClock Clock,"{""221"":1,""BigClock"":2,""Clock"":1}",2,2,2,2,14,14,14,14
221 2xBigClock Clock 2xPair,"{""221"":1,""BigClock"":2,""Clock"":1,""Pair"":2}",6,4,6,4,10,10,10,10
221 2xBigClock Clock 3xPair,"{""221"":1,""BigClock"":2,""Clock"":1,""Pair"":3}",8,4,8,4,8,8,8,8
221 2xBigClock Clock 4xPair,"{""221"":1,""BigClock"":2,""Clock"":1,""Pair"":4}",6,4,6,4,6,6,6,6
221 2xBigClock Clock 5xPair,"{""221"":1,""BigClock"":2,""Clock"":1,""Pair"":5}",4,2,4,2,4,4,4,4
221 2xBigClock Clock Pair,"{""221"":1,""BigClock"":2,""Clock"":1,""Pair"":1}",4,2,4,2,12,12,12,12
221 2xBigClock Pair,"{""221"":1,""BigClock"":2,""Pair"":1}",4,2,4,2,14,14,14,14
221 2xClock,"{""221"":1,""Clock"":2}",3,3,3,3,18,18,18,18
221 2xClock 2xPair,"{""221"":1,""Clock"":2,""Pair"":2}",3,3,3,3,14,14,14,14
221 2xClock 3xPair,"{""221"":1,""Clock"":2,""Pair"":3}",3,3,3,3,12,12,12,12
221 2xClock 4xPair,"{""221"":1,""Clock"":2,""Pair"":4}",3,3,3,3,10,10,10,10
221 2xClock 5xPair,"{""221"":1,""Clock"":2,""Pair"":5}",3,3,3,3,8,8,8,8
221 2xClock 6xPair,"{""221"":1,""Clock"":2,""Pair"":6}",5,5,5,5,6,6,6,6
221 2xClock Pair,"{""221"":1,""Clock"":2,""Pair"":1}",3,3,3,3,16,16,16,16
221 2xPair,"{""221"":1,""Pair"":2}",1,1,1,1,18,18,18,18
221 311,"{""221"":1,""311"":1}",1,1,1,1,19,19,19,19
221 311 2xBigClock,"{""221"":1,""311"":1,""BigClock"":2}",2,2,2,2,13,13,13,13
221 311 2xBigClock 2xPair,"{""221"":1,""311"":1,""BigClock"":2,""Pair"":2}",6,4,6,4,9,9,9,9
221 311 2xBigClock 3xPair,"{""221"":1,""311"":1,""BigClock"":2,""Pair"":3}",4,2,4,2,7,7,7,7
221 311 2xBigClock Clock,"{""221"":1,""311"":1,""BigClock"":2,""Clock"":1}",2,2,2,2,11,11,11,11
221 311 2xBigClock Clock 2xPair,"{""221"":1,""311"":1,""BigClock"":2,""Clock"":1,""Pair"":2}",8,6,8,6,7,7,7,7
221 311 2xBigClock Clock 3xPair,"{""221"":1,""311"":1,""BigClock"":2,""Clock"":1,""Pair"":3}",8,4,8,4,5,5,5,5
221 311 2xBigClock Clock 4xPair,"{""221"":1,""311"":1,""BigClock"":2,""Clock"":1,""Pair"":4}",2,2,2,2,3,3,3,3
221 311 2xBigClock Clock Pair,"{""221"":1,""311"":1,""BigClock"":2,""Clock"":1,""Pair"":1}",4,2,4,2,9,9,9,9
221 311 2xBigClock Pair,"{""221"":1,""311"":1,""BigClock"":2,""Pair"":1}",4,2,4,2,11,11,11,11
221 311 2xClock,"{""221"":1,""311"":1,""Clock"":2}",3,3,3,3,15,15,15,15
221 311 2xClock 2xPair,"{""221"":1,""311"":1,""Clock"":2,""Pair"":2}",3,3,3,3,11,11,11,11
221 311 2xClock 3xPair,"{""221"":1,""311"":1,""Clock"":2,""Pair"":3}",3,3,3,3,9,9,9,9
221 311 2xClock 4xPair,"{""221"":1,""311"":1,""Clock"":2,""Pair"":4}",3,3,3,3,7,7,7,7
221 311 2xClock 5xPair,"{""221"":1,""311"":1,""Clock"":2,""Pair"":5}",12,7,12,7,5,5,5,5
221 311 2xClock Pair,"{""221"":1,""311"":1,""Clock"":2,""Pair"":1}",3,3,3,3,13,13,13,13
221 311 2xPair,"{""221"":1,""311"":1,""Pair"":2}",1,1,1,1,15,15,15,15
221 311 3xBigClock,"{""221"":1,""311"":1,""BigClock"":3}",1,1,1,1,10,10,10,10
221 311 3xBigClock 2xPair,"{""221"":1,""311"":1,""BigClock"":3,""Pair"":2}",1,1,1,1,6,6,6,6
221 311 3xBigClock 3xPair,"{""221"":1,""311"":1,""BigClock"":3,""Pair"":3}",2,1,2,1,4,4,4,4
221 311 3xBigClock Pair,"{""221"":1,""311"":1,""BigClock"":3,""Pair"":1}",2,1,2,1,8,8,8,8
221 311 3xClock,"{""221"":1,""311"":1,""Clock"":3}",3,3,3,3,13,13,13,13
221 311 3xClock 2xPair,"{""221"":1,""311"":1,""Clock"":3,""Pair"":2}",3,3,3,3,9,9,9,9
221 311 3xClock 3xPair,"{""221"":1,""311"":1,""Clock"":3,""Pair"":3}",3,3,3,3,7,7,7,7
221 311 3xClock 4xPair,"{""221"":1,""311"":1,""Clock"":3,""Pair"":4}",5,4,5,4,5,5,5,5
221 311 3xClock 5xPair,"{""221"":1,""311"":1,""Clock"":3,""Pair"":5}",8,5,8,5,3,3,3,3
221 311 3xClock Pair,"{""221"":1,""311"":1,""Clock"":3,""Pair"":1}",3,3,3,3,11,11,11,11
221 311 3xPair,"{""221"":1,""311"":1,""Pair"":3}",1,1,1,1,13,13,13,13
221 311 4xClock,"{""221"":1,""311"":1,""Clock"":4}",2,2,2,2,11,11,11,11
221 311 4xClock 2xPair,"{""221"":1,""311"":1,""Clock"":4,""Pair"":2}",2,2,2,2,7,7,7,7
221 311 4xClock 3xPair,"{""221"":1,""311"":1,""Clock"":4,""Pair"":3}",2,2,2,2,5,5,5,5
221 311 4xClock 4xPair,"{""221"":1,""311"":1,""Clock"":4,""Pair"":4}",10,6,10,6,3,3,3,3
221 311 4xClock 5xPair,"{""221"":1,""311"":1,""Clock"":4,""Pair"":5}",9,5,9,5,1,1,1,1
221 311 4xClock Pair,"{""221"":1,""311"":1,""Clock"":4,""Pair"":1}",2,2,2,2,9,9,9,9
221 311 4xPair,"{""221"":1,""311"":1,""Pair"":4}",1,1,1,1,11,11,11,11
221 311 5xPair,"{""221"":1,""311"":1,""Pair"":5}",3,2,3,2,9,9,9,9
221 311 BigClock,"{""221"":1,""311"":1,""BigClock"":1}",2,2,2,2,16,16,16,16
221 311 BigClock 2xClock,"{""221"":1,""311"":1,""BigClock"":1,""Clock"":2}",8,6,8,6,12,12,12,12
221 311 BigClock 2xClock 2xPair,"{""221"":1,""311"":1,""BigClock"":1,""Clock"":2,""Pair"":2}",10,7,10,7,8,8,8,8
221 311 BigClock 2xClock 3xPair,"{""221"":1,""311"":1,""BigClock"":1,""Clock"":2,""Pair"":3}",23,12,23,12,6,6,6,6
221 311 BigClock 2xClock 4xPair,"{""221"":1,""311"":1,""BigClock"":1,""Clock"":2,""Pair"":4}",10,7,10,7,4,4,4,4
221 311 BigClock 2xClock Pair,"{""221"":1,""311"":1,""BigClock"":1,""Clock"":2,""Pair"":1}",8,6,8,6,10,10,10,10
221 311 BigClock 2xPair,"{""221"":1,""311"":1,""BigClock"":1,""Pair"":2}",2,2,2,2,12,12,12,12
221 311 BigClock 3xClock,"{""221"":1,""311"":1,""BigClock"":1,""Clock"":3}",5,4,5,4,10,10,10,10
221 311 BigClock 3xClock 2xPair,"{""221"":1,""311"":1,""BigClock"":1,""Clock"":3,""Pair"":2}",14,10,14,10,6,6,6,6
221 311 BigClock 3xClock 3xPair,"{""221"":1,""311"":1,""BigClock"":1,""Clock"":3,""Pair"":3}",22,11,22,11,4,4,4,4
221 311 BigClock 3xClock 4xPair,"{""221"":1,""311"":1,""BigClock"":1,""Clock"":3,""Pair"":4}",11,7,11,7,2,2,2,2
221 311 BigClock 3xClock Pair,"{""221"":1,""311"":1,""BigClock"":1,""Clock"":3,""Pair"":1}",5,4,5,4,8,8,8,8
221 311 BigClock 3xPair,"{""221"":1,""311"":1,""BigClock"":1,""Pair"":3}",2,2,2,2,10,10,10,10
221 311 BigClock 4xPair,"{""221"":1,""311"":1,""BigClock"":1,""Pair"":4}",2,2,2,2,8,8,8,8
221 311 BigClock Clock,"{""221"":1,""311"":1,""BigClock"":1,""Clock"":1}",5,4,5,4,14,14,14,14
221 311 BigClock Clock 2xPair,"{""221"":1,""311"":1,""BigClock"":1,""Clock"":1,""Pair"":2}",5,4,5,4,10,10,10,10
221 311 BigClock Clock 3xPair,"{""221"":1,""311"":1,""BigClock"":1,""Clock"":1,""Pair"":3}",8,5,8,5,8,8,8,8
221 311 BigClock Clock 4xPair,"{""221"":1,""311"":1,""BigClock"":1,""Clock"":1,""Pair"":4}",10,7,10,7,6,6,6,6
221 311 BigClock Clock Pair,"{""221"":1,""311"":1,""BigClock"":1,""Clock"":1,""Pair"":1}",5,4,5,4,12,12,12,12
221 311 BigClock Pair,"{""221"":1,""311"":1,""BigClock"":1,""Pair"":1}",2,2,2,2,14,14,14,14
221 311 Clock,"{""221"":1,""311"":1,""Clock"":1}",2,2,2,2,17,17,17,17
221 311 Clock 2xPair,"{""221"":1,""311"":1,""Clock"":1,""Pair"":2}",2,2,2,2,13,13,13,13
221 311 Clock 3xPair,"{""221"":1,""311"":1,""Clock"":1,""Pair"":3}",2,2,2,2,11,11,11,11
221 311 Clock 4xPair,"{""221"":1,""311"":1,""Clock"":1,""Pair"":4}",2,2,2,2,9,9,9,9
221 311 Clock 5xPair,"{""221"":1,""311"":1,""Clock"":1,""Pair"":5}",7,4,7,4,7,7,7,7
221 311 Clock Pair,"{""221"":1,""311"":1,""Clock"":1,""Pair"":1}",2,2,2,2,15,15,15,15
221 311 Pair,"{""221"":1,""311"":1,""Pair"":1}",1,1,1,1,17,17,17,17
221 3xBigClock,"{""221"":1,""BigClock"":3}",1,1,1,1,13,13,13,13
221 3xBigClock 2xPair,"{""221"":1,""BigClock"":3,""Pair"":2}",3,2,3,2,9,9,9,9
221 3xBigClock 3xPair,"{""221"":1,""BigClock"":3,""Pair"":3}",2,1,2,1,7,7,7,7
221 3xBigClock 4xPair,"{""221"":1,""BigClock"":3,""Pair"":4}",3,2,3,2,5,5,5,5
221 3xBigClock Pair,"{""221"":1,""BigClock"":3,""Pair"":1}",2,1,2,1,11,11,11,11
221 3xClock,"{""221"":1,""Clock"":3}",3,3,3,3,16,16,16,16
221 3xClock 2xPair,"{""221"":1,""Clock"":3,""Pair"":2}",3,3,3,3,12,12,12,12
221 3xClock 3xPair,"{""221"":1,""Clock"":3,""Pair"":3}",3,3,3,3,10,10,10,10
221 3xClock 4xPair,"{""221"":1,""Clock"":3,""Pair"":4}",3,3,3,3,8,8,8,8
221 3xClock 5xPair,"{""221"":1,""Clock"":3,""Pair"":5}",3,3,3,3,6,6,6,6
221 3xClock 6xPair,"{""221"":1,""Clock"":3,""Pair"":6}",4,3,4,3,4,4,4,4
221 3xClock Pair,"{""221"":1,""Clock"":3,""Pair"":1}",3,3,3,3,14,14,14,14
221 3xPair,"{""221"":1,""Pair"":3}",1,1,1,1,16,16,16,16
221 4xClock,"{""221"":1,""Clock"":4}",2,2,2,2,14,14,14,14
221 4xClock 2xPair,"{""221"":1,""Clock"":4,""Pair"":2}",2,2,2,2,10,10,10,10
221 4xClock 3xPair,"{""221"":1,""Clock"":4,""Pair"":3}",2,2,2,2,8,8,8,8
221 4xClock 4xPair,"{""221"":1,""Clock"":4,""Pair"":4}",2,2,2,2,6,6,6,6
221 4xClock 5xPair,"{""221"":1,""Clock"":4,""Pair"":5}",2,2,2,2,4,4,4,4
221 4xClock 6xPair,"{""221"":1,""Clock"":4,""Pair"":6}",4,4,4,4,2,2,2,2
221 4xClock Pair,"{""221"":1,""Clock"":4,""Pair"":1}",2,2,2,2,12,12,12,12
221 4xPair,"{""221"":1,""Pair"":4}",1,1,1,1,14,14,14,14
221 5xPair,"{""221"":1,""Pair"":5}",1,1,1,1,12,12,12,12
221 6xPair,"{""221"":1,""Pair"":6}",1,1,1,1,10,10,10,10
221 BigClock,"{""221"":1,""BigClock"":1}",2,2,2,2,19,19,19,19
221 BigClock 2xClock,"{""221"":1,""BigClock"":1,""Clock"":2}",8,6,8,6,15,15,15,15
221 BigClock 2xClock 2xPair,"{""221"":1,""BigClock"":1,""Clock"":2,""Pair"":2}",8,6,8,6,11,11,11,11
221 BigClock 2xClock 3xPair,"{""221"":1,""BigClock"":1,""Clock"":2,""Pair"":3}",8,6,8,6,9,9,9,9
221 BigClock 2xClock 4xPair,"{""221"":1,""BigClock"":1,""Clock"":2,""Pair"":4}",8,6,8,6,7,7,7,7
221 BigClock 2xClock 5xPair,"{""221"":1,""BigClock"":1,""Clock"":2,""Pair"":5}",16,9,16,9,5,5,5,5
221 BigClock 2xClock Pair,"{""221"":1,""BigClock"":1,""Clock"":2,""Pair"":1}",8,6,8,6,13,13,13,13
221 BigClock 2xPair,"{""221"":1,""BigClock"":1,""Pair"":2}",2,2,2,2,15,15,15,15
221 BigClock 3xClock,"{""221"":1,""BigClock"":1,""Clock"":3}",5,4,5,4,13,13,13,13
221 BigClock 3xClock 2xPair,"{""221"":1,""BigClock"":1,""Clock"":3,""Pair"":2}",5,4,5,4,9,9,9,9
221 BigClock 3xClock 3xPair,"{""221"":1,""BigClock"":1,""Clock"":3,""Pair"":3}",5,4,5,4,7,7,7,7
221 BigClock 3xClock 4xPair,"{""221"":1,""BigClock"":1,""Clock"":3,""Pair"":4}",5,4,5,4,5,5,5,5
221 BigClock 3xClock 5xPair,"{""221"":1,""BigClock"":1,""Clock"":3,""Pair"":5}",16,8,16,8,3,3,3,3
221 BigClock 3xClock Pair,"{""221"":1,""BigClock"":1,""Clock"":3,""Pair"":1}",5,4,5,4,11,11,11,11
221 BigClock 3xPair,"{""221"":1,""BigClock"":1,""Pair"":3}",2,2,2,2,13,13,13,13
221 BigClock 4xPair,"{""221"":1,""BigClock"":1,""Pair"":4}",2,2,2,2,11,11,11,11
221 BigClock 5xPair,"{""221"":1,""BigClock"":1,""Pair"":5}",2,2,2,2,9,9,9,9
221 BigClock Clock,"{""221"":1,""BigClock"":1,""Clock"":1}",5,4,5,4,17,17,17,17
221 BigClock Clock 2xPair,"{""221"":1,""BigClock"":1,""Clock"":1,""Pair"":2}",5,4,5,4,13,13,13,13
221 BigClock Clock 3xPair,"{""221"":1,""BigClock"":1,""Clock"":1,""Pair"":3}",5,4,5,4,11,11,11,11
221 BigClock Clock 4xPair,"{""221"":1,""BigClock"":1,""Clock"":1,""Pair"":4}",5,4,5,4,9,9,9,9
221 BigClock Clock 5xPair,"{""221"":1,""BigClock"":1,""Clock"":1,""Pair"":5}",6,4,6,4,7,7,7,7
221 BigClock Clock Pair,"{""221"":1,""BigClock"":1,""Clock"":1,""Pair"":1}",5,4,5,4,15,15,15,15
221 BigClock Pair,"{""221"":1,""BigClock"":1,""Pair"":1}",2,2,2,2,17,17,17,17
221 Clock,"{""221"":1,""Clock"":1}",2,2,2,2,20,20,20,20
221 Clock 2xPair,"{""221"":1,""Clock"":1,""Pair"":2}",2,2,2,2,16,16,16,16
221 Clock 3xPair,"{""221"":1,""Clock"":1,""Pair"":3}",2,2,2,2,14,14,14,14
221 Clock 4xPair,"{""221"":1,""Clock"":1,""Pair"":4}",2,2,2,2,12,12,12,12
221 Clock 5xPair,"{""221"":1,""Clock"":1,""Pair"":5}",2,2,2,2,10,10,10,10
221 Clock 6xPair,"{""221"":1,""Clock"":1,""Pair"":6}",2,2,2,2,8,8,8,8
221 Clock Pair,"{""221"":1,""Clock"":1,""Pair"":1}",2,2,2,2,18,18,18,18
221 Pair,"{""221"":1,""Pair"":1}",1,1,1,1,20,20,20,20
221Core,"{""221Core"":1}",1,1,1,1,23,23,23,23
221Core 2x311,"{""221Core"":1,""311"":2}",1,1,1,1,17,17,17,17
221Core 2x311 2xBigClock,"{""221Core"":1,""311"":2,""BigClock"":2}",1,1,1,1,11,11,11,11
221Core 2x311 2xBigClock 2xClock,"{""221Core"":1,""311"":2,""BigClock"":2,""Clock"":2}",1,1,1,1,7,7,7,7
221Core 2x311 2xBigClock 2xClock 2xPair,"{""221Core"":1,""311"":2,""BigClock"":2,""Clock"":2,""Pair"":2}",1,1,1,1,3,3,3,3
221Core 2x311 2xBigClock 2xPair,"{""221Core"":1,""311"":2,""BigClock"":2,""Pair"":2}",1,1,1,1,7,7,7,7
221Core 2x311 2xBigClock Clock,"{""221Core"":1,""311"":2,""BigClock"":2,""Clock"":1}",1,1,1,1,9,9,9,9
221Core 2x311 2xBigClock Clock 2xPair,"{""221Core"":1,""311"":2,""BigClock"":2,""Clock"":1,""Pair"":2}",1,1,1,1,5,5,5,5
221Core 2x311 2xClock,"{""221Core"":1,""311"":2,""Clock"":2}",4,3,4,3,13,13,13,13
221Core 2x311 2xClock 2xPair,"{""221Core"":1,""311"":2,""Clock"":2,""Pair"":2}",29,16,29,16,9,9,9,9
221Core 2x311 2xClock 3xPair,"{""221Core"":1,""311"":2,""Clock"":2,""Pair"":3}",2,1,2,1,7,7,7,7
221Core 2x311 2xClock 4xPair,"{""221Core"":1,""311"":2,""Clock"":2,""Pair"":4}",1,1,1,1,5,5,5,5
221Core 2x311 2xClock Pair,"{""221Core"":1,""311"":2,""Clock"":2,""Pair"":1}",8,5,8,5,11,11,11,11
221Core 2x311 2xPair,"{""221Core"":1,""311"":2,""Pair"":2}",5,3,5,3,13,13,13,13
221Core 2x311 3xClock,"{""221Core"":1,""311"":2,""Clock"":3}",2,2,2,2,11,11,11,11
221Core 2x311 3xClock 2xPair,"{""221Core"":1,""311"":2,""Clock"":3,""Pair"":2}",18,11,18,11,7,7,7,7
221Core 2x311 3xClock 3xPair,"{""221Core"":1,""311"":2,""Clock"":3,""Pair"":3}",4,2,4,2,5,5,5,5
221Core 2x311 3xClock 4xPair,"{""221Core"":1,""311"":2,""Clock"":3,""Pair"":4}",1,1,1,1,3,3,3,3
221Core 2x311 3xClock Pair,"{""221Core"":1,""311"":2,""Clock"":3,""Pair"":1}",9,5,9,5,9,9,9,9
221Core 2x311 4xClock,"{""221Core"":1,""311"":2,""Clock"":4}",1,1,1,1,9,9,9,9
221Core 2x311 4xClock 2xPair,"{""221Core"":1,""311"":2,""Clock"":4,""Pair"":2}",6,4,6,4,5,5,5,5
221Core 2x311 4xClock 3xPair,"{""221Core"":1,""311"":2,""Clock"":4,""Pair"":3}",2,1,2,1,3,3,3,3
221Core 2x311 4xClock 4xPair,"{""221Core"":1,""311"":2,""Clock"":4,""Pair"":4}",1,1,1,1,1,1,1,1
221Core 2x311 4xClock Pair,"{""221Core"":1,""311"":2,""Clock"":4,""Pair"":1}",4,2,4,2,7,7,7,7
221Core 2x311 BigClock,"{""221Core"":1,""311"":2,""BigClock"":1}",2,2,2,2,14,14,14,14
221Core 2x311 BigClock 2xClock,"{""221Core"":1,""311"":2,""BigClock"":1,""Clock"":2}",6,4,6,4,10,10,10,10
221Core 2x311 BigClock 2xClock 2xPair,"{""221Core"":1,""311"":2,""BigClock"":1,""Clock"":2,""Pair"":2}",8,5,8,5,6,6,6,6
221Core 2x311 BigClock 2xClock 3xPair,"{""221Core"":1,""311"":2,""BigClock"":1,""Clock"":2,""Pair"":3}",2,1,2,1,4,4,4,4
221Core 2x311 BigClock 2xClock Pair,"{""221Core"":1,""311"":2,""BigClock"":1,""Clock"":2,""Pair"":1}",9,5,9,5,8,8,8,8
221Core 2x311 BigClock 2xPair,"{""221Core"":1,""311"":2,""BigClock"":1,""Pair"":2}",2,2,2,2,10,10,10,10
221Core 2x311 BigClock 3xClock,"{""221Core"":1,""311"":2,""BigClock"":1,""Clock"":3}",2,2,2,2,8,8,8,8
221Core 2x311 BigClock 3xClock 2xPair,"{""221Core"":1,""311"":2,""BigClock"":1,""Clock"":3,""Pair"":2}",3,3,3,3,4,4,4,4
221Core 2x311 BigClock 3xClock 3xPair,"{""221Core"":1,""311"":2,""BigClock"":1,""Clock"":3,""Pair"":3}",2,1,2,1,2,2,2,2
221Core 2x311 BigClock 3xClock Pair,"{""221Core"":1,""311"":2,""BigClock"":1,""Clock"":3,""Pair"":1}",2,1,2,1,6,6,6,6
221Core 2x311 BigClock Clock,"{""221Core"":1,""311"":2,""BigClock"":1,""Clock"":1}",6,4,6,4,12,12,12,12
221Core 2x311 BigClock Clock 2xPair,"{""221Core"":1,""311"":2,""BigClock"":1,""Clock"":1,""Pair"":2}",7,5,7,5,8,8,8,8
221Core 2x311 BigClock Clock Pair,"{""221Core"":1,""311"":2,""BigClock"":1,""Clock"":1,""Pair"":1}",10,5,10,5,10,10,10,10
221Core 2x311 BigClock Pair,"{""221Core"":1,""311"":2,""BigClock"":1,""Pair"":1}",3,2,3,2,12,12,12,12
221Core 2x311 Clock,"{""221Core"":1,""311"":2,""Clock"":1}",2,2,2,2,15,15,15,15
221Core 2x311 Clock 2xPair,"{""221Core"":1,""311"":2,""Clock"":1,""Pair"":2}",16,10,16,10,11,11,11,11
221Core 2x311 Clock Pair,"{""221Core"":1,""311"":2,""Clock"":1,""Pair"":1}",2,2,2,2,13,13,13,13
221Core 2x311 Pair,"{""221Core"":1,""311"":2,""Pair"":1}",1,1,1,1,15,15,15,15
221Core 2xBigClock,"{""221Core"":1,""BigClock"":2}",1,1,1,1,17,17,17,17
221Core 2xBigClock 2xClock,"{""221Core"":1,""BigClock"":2,""Clock"":2}",1,1,1,1,13,13,13,13
221Core 2xBigClock 2xClock 2xPair,"{""221Core"":1,""BigClock"":2,""Clock"":2,""Pair"":2}",3,2,3,2,9,9,9,9
221Core 2xBigClock 2xClock 3xPair,"{""221Core"":1,""BigClock"":2,""Clock"":2,""Pair"":3}",4,2,4,2,7,7,7,7
221Core 2xBigClock 2xClock 4xPair,"{""221Core"":1,""BigClock"":2,""Clock"":2,""Pair"":4}",3,2,3,2,5,5,5,5
221Core 2xBigClock 2xClock Pair,"{""221Core"":1,""BigClock"":2,""Clock"":2,""Pair"":1}",2,1,2,1,11,11,11,11
221Core 2xBigClock 2xPair,"{""221Core"":1,""BigClock"":2,""Pair"":2}",3,2,3,2,13,13,13,13
221Core 2xBigClock 3xPair,"{""221Core"":1,""BigClock"":2,""Pair"":3}",4,2,4,2,11,11,11,11
221Core 2xBigClock 4xPair,"{""221Core"":1,""BigClock"":2,""Pair"":4}",3,2,3,2,9,9,9,9
221Core 2xBigClock Clock,"{""221Core"":1,""BigClock"":2,""Clock"":1}",1,1,1,1,15,15,15,15
221Core 2xBigClock Clock 2xPair,"{""221Core"":1,""BigClock"":2,""Clock"":1,""Pair"":2}",3,2,3,2,11,11,11,11
221Core 2xBigClock Clock 3xPair,"{""221Core"":1,""BigClock"":2,""Clock"":1,""Pair"":3}",4,2,4,2,9,9,9,9
221Core 2xBigClock Clock 4xPair,"{""221Core"":1,""BigClock"":2,""Clock"":1,""Pair"":4}",3,2,3,2,7,7,7,7
221Core 2xBigClock Clock Pair,"{""221Core"":1,""BigClock"":2,""Clock"":1,""Pair"":1}",2,1,2,1,13,13,13,13
221Core 2xBigClock Pair,"{""221Core"":1,""BigClock"":2,""Pair"":1}",2,1,2,1,15,15,15,15
221Core 2xClock,"{""221Core"":1,""Clock"":2}",4,3,4,3,19,19,19,19
221Core 2xClock 2xPair,"{""221Core"":1,""Clock"":2,""Pair"":2}",4,3,4,3,15,15,15,15
221Core 2xClock 3xPair,"{""221Core"":1,""Clock"":2,""Pair"":3}",4,3,4,3,13,13,13,13
221Core 2xClock 4xPair,"{""221Core"":1,""Clock"":2,""Pair"":4}",4,3,4,3,11,11,11,11
221Core 2xClock 5xPair,"{""221Core"":1,""Clock"":2,""Pair"":5}",4,3,4,3,9,9,9,9
221Core 2xClock 6xPair,"{""221Core"":1,""Clock"":2,""Pair"":6}",4,3,4,3,7,7,7,7
221Core 2xClock Pair,"{""221Core"":1,""Clock"":2,""Pair"":1}",4,3,4,3,17,17,17,17
221Core 2xPair,"{""221Core"":1,""Pair"":2}",1,1,1,1,19,19,19,19
221Core 311,"{""221Core"":1,""311"":1}",1,1,1,1,20,20,20,20
221Core 311 2xBigClock,"{""221Core"":1,""311"":1,""BigClock"":2}",1,1,1,1,14,14,14,14
221Core 311 2xBigClock 2xClock,"{""221Core"":1,""311"":1,""BigClock"":2,""Clock"":2}",1,1,1,1,10,10,10,10
221Core 311 2xBigClock 2xClock 2xPair,"{""221Core"":1,""311"":1,""BigClock"":2,""Clock"":2,""Pair"":2}",3,2,3,2,6,6,6,6
221Core 311 2xBigClock 2xClock 3xPair,"{""221Core"":1,""311"":1,""BigClock"":2,""Clock"":2,""Pair"":3}",2,1,2,1,4,4,4,4
221Core 311 2xBigClock 2xClock Pair,"{""221Core"":1,""311"":1,""BigClock"":2,""Clock"":2,""Pair"":1}",2,1,2,1,8,8,8,8
221Core 311 2xBigClock 2xPair,"{""221Core"":1,""311"":1,""BigClock"":2,""Pair"":2}",3,2,3,2,10,10,10,10
221Core 311 2xBigClock 3xPair,"{""221Core"":1,""311"":1,""BigClock"":2,""Pair"":3}",2,1,2,1,8,8,8,8
221Core 311 2xBigClock Clock,"{""221Core"":1,""311"":1,""BigClock"":2,""Clock"":1}",1,1,1,1,12,12,12,12
221Core 311 2xBigClock Clock 2xPair,"{""221Core"":1,""311"":1,""BigClock"":2,""Clock"":1,""Pair"":2}",3,2,3,2,8,8,8,8
221Core 311 2xBigClock Clock 3xPair,"{""221Core"":1,""311"":1,""BigClock"":2,""Clock"":1,""Pair"":3}",2,1,2,1,6,6,6,6
221Core 311 2xBigClock Clock Pair,"{""221Core"":1,""311"":1,""BigClock"":2,""Clock"":1,""Pair"":1}",2,1,2,1,10,10,10,10
221Core 311 2xBigClock Pair,"{""221Core"":1,""311"":1,""BigClock"":2,""Pair"":1}",2,1,2,1,12,12,12,12
221Core 311 2xClock,"{""221Core"":1,""311"":1,""Clock"":2}",4,3,4,3,16,16,16,16
221Core 311 2xClock 2xPair,"{""221Core"":1,""311"":1,""Clock"":2,""Pair"":2}",4,3,4,3,12,12,12,12
221Core 311 2xClock 3xPair,"{""221Core"":1,""311"":1,""Clock"":2,""Pair"":3}",4,3,4,3,10,10,10,10
221Core 311 2xClock 4xPair,"{""221Core"":1,""311"":1,""Clock"":2,""Pair"":4}",4,3,4,3,8,8,8,8
221Core 311 2xClock 5xPair,"{""221Core"":1,""311"":1,""Clock"":2,""Pair"":5}",3,2,3,2,6,6,6,6
221Core 311 2xClock Pair,"{""221Core"":1,""311"":1,""Clock"":2,""Pair"":1}",4,3,4,3,14,14,14,14
221Core 311 2xPair,"{""221Core"":1,""311"":1,""Pair"":2}",1,1,1,1,16,16,16,16
221Core 311 3xClock,"{""221Core"":1,""311"":1,""Clock"":3}",2,2,2,2,14,14,14,14
221Core 311 3xClock 2xPair,"{""221Core"":1,""311"":1,""Clock"":3,""Pair"":2}",2,2,2,2,10,10,10,10
221Core 311 3xClock 3xPair,"{""221Core"":1,""311"":1,""Clock"":3,""Pair"":3}",2,2,2,2,8,8,8,8
221Core 311 3xClock 4xPair,"{""221Core"":1,""311"":1,""Clock"":3,""Pair"":4}",2,2,2,2,6,6,6,6
221Core 311 3xClock 5xPair,"{""221Core"":1,""311"":1,""Clock"":3,""Pair"":5}",3,3,3,3,4,4,4,4
221Core 311 3xClock Pair,"{""221Core"":1,""311"":1,""Clock"":3,""Pair"":1}",2,2,2,2,12,12,12,12
221Core 311 3xPair,"{""221Core"":1,""311"":1,""Pair"":3}",1,1,1,1,14,14,14,14
221Core 311 4xClock,"{""221Core"":1,""311"":1,""Clock"":4}",1,1,1,1,12,12,12,12
221Core 311 4xClock 2xPair,"{""221Core"":1,""311"":1,""Clock"":4,""Pair"":2}",1,1,1,1,8,8,8,8
221Core 311 4xClock 3xPair,"{""221Core"":1,""311"":1,""Clock"":4,""Pair"":3}",1,1,1,1,6,6,6,6
221Core 311 4xClock 4xPair,"{""221Core"":1,""311"":1,""Clock"":4,""Pair"":4}",1,1,1,1,4,4,4,4
221Core 311 4xClock 5xPair,"{""221Core"":1,""311"":1,""Clock"":4,""Pair"":5}",3,2,3,2,2,2,2,2
221Core 311 4xClock 6xPair,"{""221Core"":1,""311"":1,""Clock"":4,""Pair"":6}",5,3,5,3,0,0,0,0
221Core 311 4xClock Pair,"{""221Core"":1,""311"":1,""Clock"":4,""Pair"":1}",1,1,1,1,10,10,10,10
221Core 311 4xPair,"{""221Core"":1,""311"":1,""Pair"":4}",1,1,1,1,12,12,12,12
221Core 311 5xPair,"{""221Core"":1,""311"":1,""Pair"":5}",1,1,1,1,10,10,10,10
221Core 311 BigClock,"{""221Core"":1,""311"":1,""BigClock"":1}",2,2,2,2,17,17,17,17
221Core 311 BigClock 2xClock,"{""221Core"":1,""311"":1,""BigClock"":1,""Clock"":2}",6,4,6,4,13,13,13,13
221Core 311 BigClock 2xClock 2xPair,"{""221Core"":1,""311"":1,""BigClock"":1,""Clock"":2,""Pair"":2}",6,4,6,4,9,9,9,9
221Core 311 BigClock 2xClock 3xPair,"{""221Core"":1,""311"":1,""BigClock"":1,""Clock"":2,""Pair"":3}",6,4,6,4,7,7,7,7
221Core 311 BigClock 2xClock 4xPair,"{""221Core"":1,""311"":1,""BigClock"":1,""Clock"":2,""Pair"":4}",15,10,15,10,5,5,5,5
221Core 311 BigClock 2xClock Pair,"{""221Core"":1,""311"":1,""BigClock"":1,""Clock"":2,""Pair"":1}",6,4,6,4,11,11,11,11
221Core 311 BigClock 2xPair,"{""221Core"":1,""311"":1,""BigClock"":1,""Pair"":2}",2,2,2,2,13,13,13,13
221Core 311 BigClock 3xClock,"{""221Core"":1,""311"":1,""BigClock"":1,""Clock"":3}",2,2,2,2,11,11,11,11
221Core 311 BigClock 3xClock 2xPair,"{""221Core"":1,""311"":1,""BigClock"":1,""Clock"":3,""Pair"":2}",2,2,2,2,7,7,7,7
221Core 311 BigClock 3xClock 3xPair,"{""221Core"":1,""311"":1,""BigClock"":1,""Clock"":3,""Pair"":3}",4,2,4,2,5,5,5,5
221Core 311 BigClock 3xClock 4xPair,"{""221Core"":1,""311"":1,""BigClock"":1,""Clock"":3,""Pair"":4}",8,6,8,6,3,3,3,3
221Core 311 BigClock 3xClock 5xPair,"{""221Core"":1,""311"":1,""BigClock"":1,""Clock"":3,""Pair"":5}",5,3,5,3,1,1,1,1
221Core 311 BigClock 3xClock Pair,"{""221Core"":1,""311"":1,""BigClock"":1,""Clock"":3,""Pair"":1}",2,2,2,2,9,9,9,9
221Core 311 BigClock 3xPair,"{""221Core"":1,""311"":1,""BigClock"":1,""Pair"":3}",2,2,2,2,11,11,11,11
221Core 311 BigClock 4xPair,"{""221Core"":1,""311"":1,""BigClock"":1,""Pair"":4}",3,3,3,3,9,9,9,9
221Core 311 BigClock Clock,"{""221Core"":1,""311"":1,""BigClock"":1,""Clock"":1}",6,4,6,4,15,15,15,15
221Core 311 BigClock Clock 2xPair,"{""221Core"":1,""311"":1,""BigClock"":1,""Clock"":1,""Pair"":2}",6,4,6,4,11,11,11,11
221Core 311 BigClock Clock 3xPair,"{""221Core"":1,""311"":1,""BigClock"":1,""Clock"":1,""Pair"":3}",6,4,6,4,9,9,9,9
221Core 311 BigClock Clock 4xPair,"{""221Core"":1,""311"":1,""BigClock"":1,""Clock"":1,""Pair"":4}",10,6,10,6,7,7,7,7
221Core 311 BigClock Clock Pair,"{""221Core"":1,""311"":1,""BigClock"":1,""Clock"":1,""Pair"":1}",6,4,6,4,13,13,13,13
221Core 311 BigClock Pair,"{""221Core"":1,""311"":1,""BigClock"":1,""Pair"":1}",2,2,2,2,15,15,15,15
221Core 311 Clock,"{""221Core"":1,""311"":1,""Clock"":1}",2,2,2,2,18,18,18,18
221Core 311 Clock 2xPair,"{""221Core"":1,""311"":1,""Clock"":1,""Pair"":2}",2,2,2,2,14,14,14,14
221Core 311 Clock 3xPair,"{""221Core"":1,""311"":1,""Clock"":1,""Pair"":3}",2,2,2,2,12,12,12,12
221Core 311 Clock 4xPair,"{""221Core"":1,""311"":1,""Clock"":1,""Pair"":4}",2,2,2,2,10,10,10,10
221Core 311 Clock 5xPair,"{""221Core"":1,""311"":1,""Clock"":1,""Pair"":5}",2,2,2,2,8,8,8,8
221Core 311 Clock Pair,"{""221Core"":1,""311"":1,""Clock"":1,""Pair"":1}",2,2,2,2,16,16,16,16
221Core 311 Pair,"{""221Core"":1,""311"":1,""Pair"":1}",1,1,1,1,18,18,18,18
221Core 3xClock,"{""221Core"":1,""Clock"":3}",2,2,2,2,17,17,17,17
221Core 3xClock 2xPair,"{""221Core"":1,""Clock"":3,""Pair"":2}",2,2,2,2,13,13,13,13
221Core 3xClock 3xPair,"{""221Core"":1,""Clock"":3,""Pair"":3}",2,2,2,2,11,11,11,11
221Core 3xClock 4xPair,"{""221Core"":1,""Clock"":3,""Pair"":4}",2,2,2,2,9,9,9,9
221Core 3xClock 5xPair,"{""221Core"":1,""Clock"":3,""Pair"":5}",2,2,2,2,7,7,7,7
221Core 3xClock 6xPair,"{""221Core"":1,""Clock"":3,""Pair"":6}",2,2,2,2,5,5,5,5
221Core 3xClock Pair,"{""221Core"":1,""Clock"":3,""Pair"":1}",2,2,2,2,15,15,15,15
221Core 3xPair,"{""221Core"":1,""Pair"":3}",1,1,1,1,17,17,17,17
221Core 4x311 2xBigClock,"{""221Core"":1,""311"":4,""BigClock"":2}",1,1,1,1,5,5,5,5
221Core 4x311 2xBigClock 2xClock,"{""221Core"":1,""311"":4,""BigClock"":2,""Clock"":2}",1,1,1,1,1,1,1,1
221Core 4x311 2xBigClock Clock,"{""221Core"":1,""311"":4,""BigClock"":2,""Clock"":1}",1,1,1,1,3,3,3,3
221Core 4xClock,"{""221Core"":1,""Clock"":4}",1,1,1,1,15,15,15,15
221Core 4xClock 2xPair,"{""221Core"":1,""Clock"":4,""Pair"":2}",1,1,1,1,11,11,11,11
221Core 4xClock 3xPair,"{""221Core"":1,""Clock"":4,""Pair"":3}",1,1,1,1,9,9,9,9
221Core 4xClock 4xPair,"{""221Core"":1,""Clock"":4,""Pair"":4}",1,1,1,1,7,7,7,7
221Core 4xClock 5xPair,"{""221Core"":1,""Clock"":4,""Pair"":5}",1,1,1,1,5,5,5,5
221Core 4xClock 6xPair,"{""221Core"":1,""Clock"":4,""Pair"":6}",1,1,1,1,3,3,3,3
221Core 4xClock 7xPair,"{""221Core"":1,""Clock"":4,""Pair"":7}",1,1,1,1,1,1,1,1
221Core 4xClock Pair,"{""221Core"":1,""Clock"":4,""Pair"":1}",1,1,1,1,13,13,13,13
221Core 4xPair,"{""221Core"":1,""Pair"":4}",1,1,1,1,15,15,15,15
221Core 5xPair,"{""221Core"":1,""Pair"":5}",1,1,1,1,13,13,13,13
221Core 6xPair,"{""221Core"":1,""Pair"":6}",1,1,1,1,11,11,11,11
221Core BigClock,"{""221Core"":1,""BigClock"":1}",2,2,2,2,20,20,20,20
221Core BigClock 2xClock,"{""221Core"":1,""BigClock"":1,""Clock"":2}",6,4,6,4,16,16,16,16
221Core BigClock 2xClock 2xPair,"{""221Core"":1,""BigClock"":1,""Clock"":2,""Pair"":2}",6,4,6,4,12,12,12,12
221Core BigClock 2xClock 3xPair,"{""221Core"":1,""BigClock"":1,""Clock"":2,""Pair"":3}",6,4,6,4,10,10,10,10
221Core BigClock 2xClock 4xPair,"{""221Core"":1,""BigClock"":1,""Clock"":2,""Pair"":4}",6,4,6,4,8,8,8,8
221Core BigClock 2xClock 5xPair,"{""221Core"":1,""BigClock"":1,""Clock"":2,""Pair"":5}",6,4,6,4,6,6,6,6
221Core BigClock 2xClock Pair,"{""221Core"":1,""BigClock"":1,""Clock"":2,""Pair"":1}",6,4,6,4,14,14,14,14
221Core BigClock 2xPair,"{""221Core"":1,""BigClock"":1,""Pair"":2}",2,2,2,2,16,16,16,16
221Core BigClock 3xClock,"{""221Core"":1,""BigClock"":1,""Clock"":3}",2,2,2,2,14,14,14,14
221Core BigClock 3xClock 2xPair,"{""221Core"":1,""BigClock"":1,""Clock"":3,""Pair"":2}",2,2,2,2,10,10,10,10
221Core BigClock 3xClock 3xPair,"{""221Core"":1,""BigClock"":1,""Clock"":3,""Pair"":3}",2,2,2,2,8,8,8,8
221Core BigClock 3xClock 4xPair,"{""221Core"":1,""BigClock"":1,""Clock"":3,""Pair"":4}",2,2,2,2,6,6,6,6
221Core BigClock 3xClock 5xPair,"{""221Core"":1,""BigClock"":1,""Clock"":3,""Pair"":5}",2,2,2,2,4,4,4,4
221Core BigClock 3xClock 6xPair,"{""221Core"":1,""BigClock"":1,""Clock"":3,""Pair"":6}",7,4,7,4,2,2,2,2
221Core BigClock 3xClock Pair,"{""221Core"":1,""BigClock"":1,""Clock"":3,""Pair"":1}",2,2,2,2,12,12,12,12
221Core BigClock 3xPair,"{""221Core"":1,""BigClock"":1,""Pair"":3}",2,2,2,2,14,14,14,14
221Core BigClock 4xPair,"{""221Core"":1,""BigClock"":1,""Pair"":4}",2,2,2,2,12,12,12,12
221Core BigClock 5xPair,"{""221Core"":1,""BigClock"":1,""Pair"":5}",2,2,2,2,10,10,10,10
221Core BigClock Clock,"{""221Core"":1,""BigClock"":1,""Clock"":1}",6,4,6,4,18,18,18,18
221Core BigClock Clock 2xPair,"{""221Core"":1,""BigClock"":1,""Clock"":1,""Pair"":2}",6,4,6,4,14,14,14,14
221Core BigClock Clock 3xPair,"{""221Core"":1,""BigClock"":1,""Clock"":1,""Pair"":3}",6,4,6,4,12,12,12,12
221Core BigClock Clock 4xPair,"{""221Core"":1,""BigClock"":1,""Clock"":1,""Pair"":4}",6,4,6,4,10,10,10,10
221Core BigClock Clock 5xPair,"{""221Core"":1,""BigClock"":1,""Clock"":1,""Pair"":5}",6,4,6,4,8,8,8,8
221Core BigClock Clock Pair,"{""221Core"":1,""BigClock"":1,""Clock"":1,""Pair"":1}",6,4,6,4,16,16,16,16
221Core BigClock Pair,"{""221Core"":1,""BigClock"":1,""Pair"":1}",2,2,2,2,18,18,18,18
221Core Clock,"{""221Core"":1,""Clock"":1}",2,2,2,2,21,21,21,21
221Core Clock 2xPair,"{""221Core"":1,""Clock"":1,""Pair"":2}",2,2,2,2,17,17,17,17
221Core Clock 3xPair,"{""221Core"":1,""Clock"":1,""Pair"":3}",2,2,2,2,15,15,15,15
221Core Clock 4xPair,"{""221Core"":1,""Clock"":1,""Pair"":4}",2,2,2,2,13,13,13,13
221Core Clock 5xPair,"{""221Core"":1,""Clock"":1,""Pair"":5}",2,2,2,2,11,11,11,11
221Core Clock 6xPair,"{""221Core"":1,""Clock"":1,""Pair"":6}",2,2,2,2,9,9,9,9
221Core Clock Pair,"{""221Core"":1,""Clock"":1,""Pair"":1}",2,2,2,2,19,19,19,19
221Core Pair,"{""221Core"":1,""Pair"":1}",1,1,1,1,21,21,21,21
222,"{""222"":1}",1,1,1,1,19,19,19,19
222 221,"{""222"":1,""221"":1}",1,1,1,1,15,15,15,15
222 221 2x311 2xClock Pair,"{""222"":1,""221"":1,""311"":2,""Clock"":2,""Pair"":1}",1,1,1,1,3,3,3,3
222 221 2x311 BigClock Clock Pair,"{""222"":1,""221"":1,""311"":2,""BigClock"":1,""Clock"":1,""Pair"":1}",2,1,2,1,2,2,2,2
222 221 2x311 BigClock Pair,"{""222"":1,""221"":1,""311"":2,""BigClock"":1,""Pair"":1}",2,1,2,1,4,4,4,4
222 221 2x311 Clock Pair,"{""222"":1,""221"":1,""311"":2,""Clock"":1,""Pair"":1}",2,1,2,1,5,5,5,5
222 221 2x311 Pair,"{""222"":1,""221"":1,""311"":2,""Pair"":1}",1,1,1,1,7,7,7,7
222 221 2xClock,"{""222"":1,""221"":1,""Clock"":2}",1,1,1,1,11,11,11,11
222 221 2xClock 2xPair,"{""222"":1,""221"":1,""Clock"":2,""Pair"":2}",1,1,1,1,7,7,7,7
222 221 2xClock 3xPair,"{""222"":1,""221"":1,""Clock"":2,""Pair"":3}",1,1,1,1,5,5,5,5
222 221 2xClock 4xPair,"{""222"":1,""221"":1,""Clock"":2,""Pair"":4}",1,1,1,1,3,3,3,3
222 221 2xClock 5xPair,"{""222"":1,""221"":1,""Clock"":2,""Pair"":5}",2,2,2,2,1,1,1,1
222 221 2xClock Pair,"{""222"":1,""221"":1,""Clock"":2,""Pair"":1}",1,1,1,1,9,9,9,9
222 221 2xPair,"{""222"":1,""221"":1,""Pair"":2}",1,1,1,1,11,11,11,11
222 221 311,"{""222"":1,""221"":1,""311"":1}",1,1,1,1,12,12,12,12
222 221 311 2xClock,"{""222"":1,""221"":1,""311"":1,""Clock"":2}",1,1,1,1,8,8,8,8
222 221 311 2xClock 2xPair,"{""222"":1,""221"":1,""311"":1,""Clock"":2,""Pair"":2}",5,3,5,3,4,4,4,4
222 221 311 2xClock 3xPair,"{""222"":1,""221"":1,""311"":1,""Clock"":2,""Pair"":3}",6,3,6,3,2,2,2,2
222 221 311 2xClock 4xPair,"{""222"":1,""221"":1,""311"":1,""Clock"":2,""Pair"":4}",1,1,1,1,0,0,0,0
222 221 311 2xClock Pair,"{""222"":1,""221"":1,""311"":1,""Clock"":2,""Pair"":1}",2,1,2,1,6,6,6,6
222 221 311 2xPair,"{""222"":1,""221"":1,""311"":1,""Pair"":2}",3,3,3,3,8,8,8,8
222 221 311 3xPair,"{""222"":1,""221"":1,""311"":1,""Pair"":3}",2,1,2,1,6,6,6,6
222 221 311 BigClock,"{""222"":1,""221"":1,""311"":1,""BigClock"":1}",2,1,2,1,9,9,9,9
222 221 311 BigClock 2xPair,"{""222"":1,""221"":1,""311"":1,""BigClock"":1,""Pair"":2}",4,2,4,2,5,5,5,5
222 221 311 BigClock Clock,"{""222"":1,""221"":1,""311"":1,""BigClock"":1,""Clock"":1}",2,1,2,1,7,7,7,7
222 221 311 BigClock Clock 2xPair,"{""222"":1,""221"":1,""311"":1,""BigClock"":1,""Clock"":1,""Pair"":2}",6,3,6,3,3,3,3,3
222 221 311 BigClock Clock 3xPair,"{""222"":1,""221"":1,""311"":1,""BigClock"":1,""Clock"":1,""Pair"":3}",2,1,2,1,1,1,1,1
222 221 311 BigClock Clock Pair,"{""222"":1,""221"":1,""311"":1,""BigClock"":1,""Clock"":1,""Pair"":1}",2,1,2,1,5,5,5,5
222 221 311 BigClock Pair,"{""222"":1,""221"":1,""311"":1,""BigClock"":1,""Pair"":1}",2,1,2,1,7,7,7,7
222 221 311 Clock,"{""222"":1,""221"":1,""311"":1,""Clock"":1}",2,1,2,1,10,10,10,10
222 221 311 Clock 2xPair,"{""222"":1,""221"":1,""311"":1,""Clock"":1,""Pair"":2}",6,3,6,3,6,6,6,6
222 221 311 Clock 3xPair,"{""222"":1,""221"":1,""311"":1,""Clock"":1,""Pair"":3}",6,3,6,3,4,4,4,4
222 221 311 Clock Pair,"{""222"":1,""221"":1,""311"":1,""Clock"":1,""Pair"":1}",2,1,2,1,8,8,8,8
222 221 311 Pair,"{""222"":1,""221"":1,""311"":1,""Pair"":1}",1,1,1,1,10,10,10,10
222 221 3xPair,"{""222"":1,""221"":1,""Pair"":3}",1,1,1,1,9,9,9,9
222 221 4xPair,"{""222"":1,""221"":1,""Pair"":4}",1,1,1,1,7,7,7,7
222 221 BigClock,"{""222"":1,""221"":1,""BigClock"":1}",2,1,2,1,12,12,12,12
222 221 BigClock 2xPair,"{""222"":1,""221"":1,""BigClock"":1,""Pair"":2}",2,1,2,1,8,8,8,8
222 221 BigClock 3xPair,"{""222"":1,""221"":1,""BigClock"":1,""Pair"":3}",4,2,4,2,6,6,6,6
222 221 BigClock Clock,"{""222"":1,""221"":1,""BigClock"":1,""Clock"":1}",2,1,2,1,10,10,10,10
222 221 BigClock Clock 2xPair,"{""222"":1,""221"":1,""BigClock"":1,""Clock"":1,""Pair"":2}",2,1,2,1,6,6,6,6
222 221 BigClock Clock 3xPair,"{""222"":1,""221"":1,""BigClock"":1,""Clock"":1,""Pair"":3}",4,2,4,2,4,4,4,4
222 221 BigClock Clock 4xPair,"{""222"":1,""221"":1,""BigClock"":1,""Clock"":1,""Pair"":4}",4,2,4,2,2,2,2,2
222 221 BigClock Clock Pair,"{""222"":1,""221"":1,""BigClock"":1,""Clock"":1,""Pair"":1}",2,1,2,1,8,8,8,8
222 221 BigClock Pair,"{""222"":1,""221"":1,""BigClock"":1,""Pair"":1}",2,1,2,1,10,10,10,10
222 221 Clock,"{""222"":1,""221"":1,""Clock"":1}",2,1,2,1,13,13,13,13
222 221 Clock 2xPair,"{""222"":1,""221"":1,""Clock"":1,""Pair"":2}",2,1,2,1,9,9,9,9
222 221 Clock 3xPair,"{""222"":1,""221"":1,""Clock"":1,""Pair"":3}",2,1,2,1,7,7,7,7
222 221 Clock 4xPair,"{""222"":1,""221"":1,""Clock"":1,""Pair"":4}",2,1,2,1,5,5,5,5
222 221 Clock Pair,"{""222"":1,""221"":1,""Clock"":1,""Pair"":1}",2,1,2,1,11,11,11,11
222 221 Pair,"{""222"":1,""221"":1,""Pair"":1}",1,1,1,1,13,13,13,13
222 2x221,"{""222"":1,""221"":2}",1,1,1,1,11,11,11,11
222 2x221 2x311 BigClock Pair,"{""222"":1,""221"":2,""311"":2,""BigClock"":1,""Pair"":1}",1,1,1,1,0,0,0,0
222 2x221 2xPair,"{""222"":1,""221"":2,""Pair"":2}",1,1,1,1,7,7,7,7
222 2x221 311,"{""222"":1,""221"":2,""311"":1}",1,1,1,1,8,8,8,8
222 2x221 311 2xPair,"{""222"":1,""221"":2,""311"":1,""Pair"":2}",2,1,2,1,4,4,4,4
222 2x221 311 BigClock 2xPair,"{""222"":1,""221"":2,""311"":1,""BigClock"":1,""Pair"":2}",2,1,2,1,1,1,1,1
222 2x221 311 BigClock Pair,"{""222"":1,""221"":2,""311"":1,""BigClock"":1,""Pair"":1}",1,1,1,1,3,3,3,3
222 2x221 311 Clock 2xPair,"{""222"":1,""221"":2,""311"":1,""Clock"":1,""Pair"":2}",4,2,4,2,2,2,2,2
222 2x221 311 Clock 3xPair,"{""222"":1,""221"":2,""311"":1,""Clock"":1,""Pair"":3}",1,1,1,1,0,0,0,0
222 2x221 311 Clock Pair,"{""222"":1,""221"":2,""311"":1,""Clock"":1,""Pair"":1}",2,1,2,1,4,4,4,4
222 2x221 311 Pair,"{""222"":1,""221"":2,""311"":1,""Pair"":1}",1,1,1,1,6,6,6,6
222 2x221 3xPair,"{""222"":1,""221"":2,""Pair"":3}",2,2,2,2,5,5,5,5
222 2x221 BigClock,"{""222"":1,""221"":2,""BigClock"":1}",1,1,1,1,8,8,8,8
222 2x221 BigClock 2xPair,"{""222"":1,""221"":2,""BigClock"":1,""Pair"":2}",1,1,1,1,4,4,4,4
222 2x221 BigClock 3xPair,"{""222"":1,""221"":2,""BigClock"":1,""Pair"":3}",3,2,3,2,2,2,2,2
222 2x221 BigClock Pair,"{""222"":1,""221"":2,""BigClock"":1,""Pair"":1}",1,1,1,1,6,6,6,6
222 2x221 Clock,"{""222"":1,""221"":2,""Clock"":1}",1,1,1,1,9,9,9,9
222 2x221 Clock 2xPair,"{""222"":1,""221"":2,""Clock"":1,""Pair"":2}",1,1,1,1,5,5,5,5
222 2x221 Clock 3xPair,"{""222"":1,""221"":2,""Clock"":1,""Pair"":3}",3,2,3,2,3,3,3,3
222 2x221 Clock 4xPair,"{""222"":1,""221"":2,""Clock"":1,""Pair"":4}",2,1,2,1,1,1,1,1
222 2x221 Clock Pair,"{""222"":1,""221"":2,""Clock"":1,""Pair"":1}",1,1,1,1,7,7,7,7
222 2x221 Pair,"{""222"":1,""221"":2,""Pair"":1}",1,1,1,1,9,9,9,9
222 2x311,"{""222"":1,""311"":2}",1,1,1,1,13,13,13,13
222 2x311 2xClock 2xPair,"{""222"":1,""311"":2,""Clock"":2,""Pair"":2}",3,2,3,2,5,5,5,5
222 2x311 2xClock Pair,"{""222"":1,""311"":2,""Clock"":2,""Pair"":1}",1,1,1,1,7,7,7,7
222 2x311 2xPair,"{""222"":1,""311"":2,""Pair"":2}",1,1,1,1,9,9,9,9
222 2x311 3xClock 2xPair,"{""222"":1,""311"":2,""Clock"":3,""Pair"":2}",1,1,1,1,3,3,3,3
222 2x311 BigClock 2xClock 2xPair,"{""222"":1,""311"":2,""BigClock"":1,""Clock"":2,""Pair"":2}",1,1,1,1,2,2,2,2
222 2x311 BigClock 2xPair,"{""222"":1,""311"":2,""BigClock"":1,""Pair"":2}",1,1,1,1,6,6,6,6
222 2x311 BigClock Clock 2xPair,"{""222"":1,""311"":2,""BigClock"":1,""Clock"":1,""Pair"":2}",2,1,2,1,4,4,4,4
222 2x311 Clock,"{""222"":1,""311"":2,""Clock"":1}",1,1,1,1,11,11,11,11
222 2x311 Clock 2xPair,"{""222"":1,""311"":2,""Clock"":1,""Pair"":2}",3,2,3,2,7,7,7,7
222 2x311 Clock Pair,"{""222"":1,""311"":2,""Clock"":1,""Pair"":1}",2,1,2,1,9,9,9,9
222 2x311 Pair,"{""222"":1,""311"":2,""Pair"":1}",1,1,1,1,11,11,11,11
222 2xClock,"{""222"":1,""Clock"":2}",1,1,1,1,15,15,15,15
222 2xClock 2xPair,"{""222"":1,""Clock"":2,""Pair"":2}",1,1,1,1,11,11,11,11
222 2xClock 3xPair,"{""222"":1,""Clock"":2,""Pair"":3}",1,1,1,1,9,9,9,9
222 2xClock 4xPair,"{""222"":1,""Clock"":2,""Pair"":4}",1,1,1,1,7,7,7,7
222 2xClock 5xPair,"{""222"":1,""Clock"":2,""Pair"":5}",1,1,1,1,5,5,5,5
222 2xClock Pair,"{""222"":1,""Clock"":2,""Pair"":1}",1,1,1,1,13,13,13,13
222 2xPair,"{""222"":1,""Pair"":2}",1,1,1,1,15,15,15,15
222 311,"{""222"":1,""311"":1}",1,1,1,1,16,16,16,16
222 311 2xClock,"{""222"":1,""311"":1,""Clock"":2}",1,1,1,1,12,12,12,12
222 311 2xClock 2xPair,"{""222"":1,""311"":1,""Clock"":2,""Pair"":2}",1,1,1,1,8,8,8,8
222 311 2xClock 3xPair,"{""222"":1,""311"":1,""Clock"":2,""Pair"":3}",1,1,1,1,6,6,6,6
222 311 2xClock 4xPair,"{""222"":1,""311"":1,""Clock"":2,""Pair"":4}",5,3,5,3,4,4,4,4
222 311 2xClock Pair,"{""222"":1,""311"":1,""Clock"":2,""Pair"":1}",1,1,1,1,10,10,10,10
222 311 2xPair,"{""222"":1,""311"":1,""Pair"":2}",1,1,1,1,12,12,12,12
222 311 3xClock,"{""222"":1,""311"":1,""Clock"":3}",1,1,1,1,10,10,10,10
222 311 3xClock 2xPair,"{""222"":1,""311"":1,""Clock"":3,""Pair"":2}",1,1,1,1,6,6,6,6
222 311 3xClock 3xPair,"{""222"":1,""311"":1,""Clock"":3,""Pair"":3}",3,3,3,3,4,4,4,4
222 311 3xClock 4xPair,"{""222"":1,""311"":1,""Clock"":3,""Pair"":4}",5,3,5,3,2,2,2,2
222 311 3xClock 5xPair,"{""222"":1,""311"":1,""Clock"":3,""Pair"":5}",1,1,1,1,0,0,0,0
222 311 3xClock Pair,"{""222"":1,""311"":1,""Clock"":3,""Pair"":1}",1,1,1,1,8,8,8,8
222 311 3xPair,"{""222"":1,""311"":1,""Pair"":3}",1,1,1,1,10,10,10,10
222 311 4xPair,"{""222"":1,""311"":1,""Pair"":4}",1,1,1,1,8,8,8,8
222 311 BigClock,"{""222"":1,""311"":1,""BigClock"":1}",1,1,1,1,13,13,13,13
222 311 BigClock 2xClock,"{""222"":1,""311"":1,""BigClock"":1,""Clock"":2}",1,1,1,1,9,9,9,9
222 311 BigClock 2xClock 2xPair,"{""222"":1,""311"":1,""BigClock"":1,""Clock"":2,""Pair"":2}",3,2,3,2,5,5,5,5
222 311 BigClock 2xClock 3xPair,"{""222"":1,""311"":1,""BigClock"":1,""Clock"":2,""Pair"":3}",4,3,4,3,3,3,3,3
222 311 BigClock 2xClock 4xPair,"{""222"":1,""311"":1,""BigClock"":1,""Clock"":2,""Pair"":4}",2,1,2,1,1,1,1,1
222 311 BigClock 2xClock Pair,"{""222"":1,""311"":1,""BigClock"":1,""Clock"":2,""Pair"":1}",1,1,1,1,7,7,7,7
222 311 BigClock 2xPair,"{""222"":1,""311"":1,""BigClock"":1,""Pair"":2}",1,1,1,1,9,9,9,9
222 311 BigClock 3xPair,"{""222"":1,""311"":1,""BigClock"":1,""Pair"":3}",4,3,4,3,7,7,7,7
222 311 BigClock Clock,"{""222"":1,""311"":1,""BigClock"":1,""Clock"":1}",2,1,2,1,11,11,11,11
222 311 BigClock Clock 2xPair,"{""222"":1,""311"":1,""BigClock"":1,""Clock"":1,""Pair"":2}",4,2,4,2,7,7,7,7
222 311 BigClock Clock 3xPair,"{""222"":1,""311"":1,""BigClock"":1,""Clock"":1,""Pair"":3}",8,4,8,4,5,5,5,5
222 311 BigClock Clock Pair,"{""222"":1,""311"":1,""BigClock"":1,""Clock"":1,""Pair"":1}",2,1,2,1,9,9,9,9
222 311 BigClock Pair,"{""222"":1,""311"":1,""BigClock"":1,""Pair"":1}",1,1,1,1,11,11,11,11
222 311 Clock,"{""222"":1,""311"":1,""Clock"":1}",1,1,1,1,14,14,14,14
222 311 Clock 2xPair,"{""222"":1,""311"":1,""Clock"":1,""Pair"":2}",1,1,1,1,10,10,10,10
222 311 Clock 3xPair,"{""222"":1,""311"":1,""Clock"":1,""Pair"":3}",1,1,1,1,8,8,8,8
222 311 Clock 4xPair,"{""222"":1,""311"":1,""Clock"":1,""Pair"":4}",5,3,5,3,6,6,6,6
222 311 Clock Pair,"{""222"":1,""311"":1,""Clock"":1,""Pair"":1}",1,1,1,1,12,12,12,12
222 311 Pair,"{""222"":1,""311"":1,""Pair"":1}",1,1,1,1,14,14,14,14
222 321,"{""222"":1,""321"":1}",1,1,1,1,13,13,13,13
222 321 221,"{""222"":1,""321"":1,""221"":1}",2,1,2,1,9,9,9,9
222 321 221 2xPair,"{""222"":1,""321"":1,""221"":1,""Pair"":2}",2,1,2,1,5,5,5,5
222 321 221 311 Clock Pair,"{""222"":1,""321"":1,""221"":1,""311"":1,""Clock"":1,""Pair"":1}",2,1,2,1,2,2,2,2
222 321 221 Clock 2xPair,"{""222"":1,""321"":1,""221"":1,""Clock"":1,""Pair"":2}",6,3,6,3,3,3,3,3
222 321 221 Clock 3xPair,"{""222"":1,""321"":1,""221"":1,""Clock"":1,""Pair"":3}",2,1,2,1,1,1,1,1
222 321 221 Clock Pair,"{""222"":1,""321"":1,""221"":1,""Clock"":1,""Pair"":1}",2,1,2,1,5,5,5,5
222 321 221 Pair,"{""222"":1,""321"":1,""221"":1,""Pair"":1}",2,1,2,1,7,7,7,7
222 321 2x221 2xPair,"{""222"":1,""321"":1,""221"":2,""Pair"":2}",2,1,2,1,1,1,1,1
222 321 2x221 311 Pair,"{""222"":1,""321"":1,""221"":2,""311"":1,""Pair"":1}",1,1,1,1,0,0,0,0
222 321 2x221 Pair,"{""222"":1,""321"":1,""221"":2,""Pair"":1}",1,1,1,1,3,3,3,3
222 321 2xClock,"{""222"":1,""321"":1,""Clock"":2}",1,1,1,1,9,9,9,9
222 321 2xClock 2xPair,"{""222"":1,""321"":1,""Clock"":2,""Pair"":2}",3,2,3,2,5,5,5,5
222 321 2xClock 3xPair,"{""222"":1,""321"":1,""Clock"":2,""Pair"":3}",4,3,4,3,3,3,3,3
222 321 2xClock 4xPair,"{""222"":1,""321"":1,""Clock"":2,""Pair"":4}",2,1,2,1,1,1,1,1
222 321 2xClock Pair,"{""222"":1,""321"":1,""Clock"":2,""Pair"":1}",2,2,2,2,7,7,7,7
222 321 2xPair,"{""222"":1,""321"":1,""Pair"":2}",1,1,1,1,9,9,9,9
222 321 311 2xClock 2xPair,"{""222"":1,""321"":1,""311"":1,""Clock"":2,""Pair"":2}",1,1,1,1,2,2,2,2
222 321 3xPair,"{""222"":1,""321"":1,""Pair"":3}",1,1,1,1,7,7,7,7
222 321 Clock,"{""222"":1,""321"":1,""Clock"":1}",2,1,2,1,11,11,11,11
222 321 Clock 2xPair,"{""222"":1,""321"":1,""Clock"":1,""Pair"":2}",4,2,4,2,7,7,7,7
222 321 Clock 3xPair,"{""222"":1,""321"":1,""Clock"":1,""Pair"":3}",4,2,4,2,5,5,5,5
222 321 Clock Pair,"{""222"":1,""321"":1,""Clock"":1,""Pair"":1}",2,1,2,1,9,9,9,9
222 321 Pair,"{""222"":1,""321"":1,""Pair"":1}",1,1,1,1,11,11,11,11
222 3x221,"{""222"":1,""221"":3}",1,1,1,1,7,7,7,7
222 3x221 2xPair,"{""222"":1,""221"":3,""Pair"":2}",1,1,1,1,3,3,3,3
222 3x221 311 2xPair,"{""222"":1,""221"":3,""311"":1,""Pair"":2}",1,1,1,1,0,0,0,0
222 3x221 3xPair,"{""222"":1,""221"":3,""Pair"":3}",2,2,2,2,1,1,1,1
222 3x221 Pair,"{""222"":1,""221"":3,""Pair"":1}",1,1,1,1,5,5,5,5
222 3xClock,"{""222"":1,""Clock"":3}",1,1,1,1,13,13,13,13
222 3xClock 2xPair,"{""222"":1,""Clock"":3,""Pair"":2}",1,1,1,1,9,9,9,9
222 3xClock 3xPair,"{""222"":1,""Clock"":3,""Pair"":3}",1,1,1,1,7,7,7,7
222 3xClock 4xPair,"{""222"":1,""Clock"":3,""Pair"":4}",1,1,1,1,5,5,5,5
222 3xClock 5xPair,"{""222"":1,""Clock"":3,""Pair"":5}",1,1,1,1,3,3,3,3
222 3xClock 6xPair,"{""222"":1,""Clock"":3,""Pair"":6}",2,1,2,1,1,1,1,1
222 3xClock Pair,"{""222"":1,""Clock"":3,""Pair"":1}",1,1,1,1,11,11,11,11
222 3xPair,"{""222"":1,""Pair"":3}",1,1,1,1,13,13,13,13
222 4xPair,"{""222"":1,""Pair"":4}",1,1,1,1,11,11,11,11
222 5xPair,"{""222"":1,""Pair"":5}",1,1,1,1,9,9,9,9
222 BigClock,"{""222"":1,""BigClock"":1}",1,1,1,1,16,16,16,16
222 BigClock 2xClock,"{""222"":1,""BigClock"":1,""Clock"":2}",1,1,1,1,12,12,12,12
222 BigClock 2xClock 2xPair,"{""222"":1,""BigClock"":1,""Clock"":2,""Pair"":2}",1,1,1,1,8,8,8,8
222 BigClock 2xClock 3xPair,"{""222"":1,""BigClock"":1,""Clock"":2,""Pair"":3}",1,1,1,1,6,6,6,6
222 BigClock 2xClock 4xPair,"{""222"":1,""BigClock"":1,""Clock"":2,""Pair"":4}",1,1,1,1,4,4,4,4
222 BigClock 2xClock 5xPair,"{""222"":1,""BigClock"":1,""Clock"":2,""Pair"":5}",3,2,3,2,2,2,2,2
222 BigClock 2xClock Pair,"{""222"":1,""BigClock"":1,""Clock"":2,""Pair"":1}",1,1,1,1,10,10,10,10
222 BigClock 2xPair,"{""222"":1,""BigClock"":1,""Pair"":2}",1,1,1,1,12,12,12,12
222 BigClock 3xPair,"{""222"":1,""BigClock"":1,""Pair"":3}",1,1,1,1,10,10,10,10
222 BigClock 4xPair,"{""222"":1,""BigClock"":1,""Pair"":4}",1,1,1,1,8,8,8,8
222 BigClock Clock,"{""222"":1,""BigClock"":1,""Clock"":1}",2,1,2,1,14,14,14,14
222 BigClock Clock 2xPair,"{""222"":1,""BigClock"":1,""Clock"":1,""Pair"":2}",2,1,2,1,10,10,10,10
222 BigClock Clock 3xPair,"{""222"":1,""BigClock"":1,""Clock"":1,""Pair"":3}",2,1,2,1,8,8,8,8
222 BigClock Clock 4xPair,"{""222"":1,""BigClock"":1,""Clock"":1,""Pair"":4}",2,1,2,1,6,6,6,6
222 BigClock Clock Pair,"{""222"":1,""BigClock"":1,""Clock"":1,""Pair"":1}",2,1,2,1,12,12,12,12
222 BigClock Pair,"{""222"":1,""BigClock"":1,""Pair"":1}",1,1,1,1,14,14,14,14
222 Clock,"{""222"":1,""Clock"":1}",1,1,1,1,17,17,17,17
222 Clock 2xPair,"{""222"":1,""Clock"":1,""Pair"":2}",1,1,1,1,13,13,13,13
222 Clock 3xPair,"{""222"":1,""Clock"":1,""Pair"":3}",1,1,1,1,11,11,11,11
222 Clock 4xPair,"{""222"":1,""Clock"":1,""Pair"":4}",1,1,1,1,9,9,9,9
222 Clock 5xPair,"{""222"":1,""Clock"":1,""Pair"":5}",1,1,1,1,7,7,7,7
222 Clock Pair,"{""222"":1,""Clock"":1,""Pair"":1}",1,1,1,1,15,15,15,15
222 Pair,"{""222"":1,""Pair"":1}",1,1,1,1,17,17,17,17
2x221,"{""221"":2}",2,2,2,2,18,18,18,18
2x221 221Core,"{""221"":2,""221Core"":1}",4,3,4,3,15,15,15,15
2x221 221Core 2x311,"{""221"":2,""221Core"":1,""311"":2}",1,1,1,1,9,9,9,9
2x221 221Core 2x311 2xClock,"{""221"":2,""221Core"":1,""311"":2,""Clock"":2}",1,1,1,1,5,5,5,5
2x221 221Core 2x311 2xClock 2xPair,"{""221"":2,""221Core"":1,""311"":2,""Clock"":2,""Pair"":2}",1,1,1,1,1,1,1,1
2x221 221Core 2x311 2xClock Pair,"{""221"":2,""221Core"":1,""311"":2,""Clock"":2,""Pair"":1}",2,1,2,1,3,3,3,3
2x221 221Core 2x311 2xPair,"{""221"":2,""221Core"":1,""311"":2,""Pair"":2}",1,1,1,1,5,5,5,5
2x221 221Core 2x311 BigClock,"{""221"":2,""221Core"":1,""311"":2,""BigClock"":1}",1,1,1,1,6,6,6,6
2x221 221Core 2x311 BigClock Clock,"{""221"":2,""221Core"":1,""311"":2,""BigClock"":1,""Clock"":1}",1,1,1,1,4,4,4,4
2x221 221Core 2x311 BigClock Clock 2xPair,"{""221"":2,""221Core"":1,""311"":2,""BigClock"":1,""Clock"":1,""Pair"":2}",3,2,3,2,0,0,0,0
2x221 221Core 2x311 BigClock Clock Pair,"{""221"":2,""221Core"":1,""311"":2,""BigClock"":1,""Clock"":1,""Pair"":1}",2,1,2,1,2,2,2,2
2x221 221Core 2x311 BigClock Pair,"{""221"":2,""221Core"":1,""311"":2,""BigClock"":1,""Pair"":1}",2,1,2,1,4,4,4,4
2x221 221Core 2x311 Clock,"{""221"":2,""221Core"":1,""311"":2,""Clock"":1}",1,1,1,1,7,7,7,7
2x221 221Core 2x311 Clock 2xPair,"{""221"":2,""221Core"":1,""311"":2,""Clock"":1,""Pair"":2}",2,2,2,2,3,3,3,3
2x221 221Core 2x311 Clock Pair,"{""221"":2,""221Core"":1,""311"":2,""Clock"":1,""Pair"":1}",4,2,4,2,5,5,5,5
2x221 221Core 2x311 Pair,"{""221"":2,""221Core"":1,""311"":2,""Pair"":1}",2,1,2,1,7,7,7,7
2x221 221Core 2xClock,"{""221"":2,""221Core"":1,""Clock"":2}",4,3,4,3,11,11,11,11
2x221 221Core 2xClock 2xPair,"{""221"":2,""221Core"":1,""Clock"":2,""Pair"":2}",4,3,4,3,7,7,7,7
2x221 221Core 2xClock 3xPair,"{""221"":2,""221Core"":1,""Clock"":2,""Pair"":3}",4,3,4,3,5,5,5,5
2x221 221Core 2xClock 4xPair,"{""221"":2,""221Core"":1,""Clock"":2,""Pair"":4}",5,4,5,4,3,3,3,3
2x221 221Core 2xClock 5xPair,"{""221"":2,""221Core"":1,""Clock"":2,""Pair"":5}",6,4,6,4,1,1,1,1
2x221 221Core 2xClock Pair,"{""221"":2,""221Core"":1,""Clock"":2,""Pair"":1}",4,3,4,3,9,9,9,9
2x221 221Core 2xPair,"{""221"":2,""221Core"":1,""Pair"":2}",4,3,4,3,11,11,11,11
2x221 221Core 311,"{""221"":2,""221Core"":1,""311"":1}",4,3,4,3,12,12,12,12
2x221 221Core 311 2xClock,"{""221"":2,""221Core"":1,""311"":1,""Clock"":2}",7,4,7,4,8,8,8,8
2x221 221Core 311 2xClock 2xPair,"{""221"":2,""221Core"":1,""311"":1,""Clock"":2,""Pair"":2}",26,14,26,14,4,4,4,4
2x221 221Core 311 2xClock 3xPair,"{""221"":2,""221Core"":1,""311"":1,""Clock"":2,""Pair"":3}",22,11,22,11,2,2,2,2
2x221 221Core 311 2xClock 4xPair,"{""221"":2,""221Core"":1,""311"":1,""Clock"":2,""Pair"":4}",11,6,11,6,0,0,0,0
2x221 221Core 311 2xClock Pair,"{""221"":2,""221Core"":1,""311"":1,""Clock"":2,""Pair"":1}",9,5,9,5,6,6,6,6
2x221 221Core 311 2xPair,"{""221"":2,""221Core"":1,""311"":1,""Pair"":2}",13,8,13,8,8,8,8,8
2x221 221Core 311 3xPair,"{""221"":2,""221Core"":1,""311"":1,""Pair"":3}",10,5,10,5,6,6,6,6
2x221 221Core 311 BigClock,"{""221"":2,""221Core"":1,""311"":1,""BigClock"":1}",5,3,5,3,9,9,9,9
2x221 221Core 311 BigClock 2xPair,"{""221"":2,""221Core"":1,""311"":1,""BigClock"":1,""Pair"":2}",10,6,10,6,5,5,5,5
2x221 221Core 311 BigClock Clock,"{""221"":2,""221Core"":1,""311"":1,""BigClock"":1,""Clock"":1}",5,3,5,3,7,7,7,7
2x221 221Core 311 BigClock Clock 2xPair,"{""221"":2,""221Core"":1,""311"":1,""BigClock"":1,""Clock"":1,""Pair"":2}",16,9,16,9,3,3,3,3
2x221 221Core 311 BigClock Clock 3xPair,"{""221"":2,""221Core"":1,""311"":1,""BigClock"":1,""Clock"":1,""Pair"":3}",8,4,8,4,1,1,1,1
2x221 221Core 311 BigClock Clock Pair,"{""221"":2,""221Core"":1,""311"":1,""BigClock"":1,""Clock"":1,""Pair"":1}",12,6,12,6,5,5,5,5
2x221 221Core 311 BigClock Pair,"{""221"":2,""221Core"":1,""311"":1,""BigClock"":1,""Pair"":1}",7,4,7,4,7,7,7,7
2x221 221Core 311 Clock,"{""221"":2,""221Core"":1,""311"":1,""Clock"":1}",6,4,6,4,10,10,10,10
2x221 221Core 311 Clock 2xPair,"{""221"":2,""221Core"":1,""311"":1,""Clock"":1,""Pair"":2}",24,14,24,14,6,6,6,6
2x221 221Core 311 Clock 3xPair,"{""221"":2,""221Core"":1,""311"":1,""Clock"":1,""Pair"":3}",29,15,29,15,4,4,4,4
2x221 221Core 311 Clock Pair,"{""221"":2,""221Core"":1,""311"":1,""Clock"":1,""Pair"":1}",12,7,12,7,8,8,8,8
2x221 221Core 311 Pair,"{""221"":2,""221Core"":1,""311"":1,""Pair"":1}",4,3,4,3,10,10,10,10
2x221 221Core 3xPair,"{""221"":2,""221Core"":1,""Pair"":3}",4,3,4,3,9,9,9,9
2x221 221Core 4xPair,"{""221"":2,""221Core"":1,""Pair"":4}",4,3,4,3,7,7,7,7
2x221 221Core BigClock,"{""221"":2,""221Core"":1,""BigClock"":1}",5,3,5,3,12,12,12,12
2x221 221Core BigClock 2xPair,"{""221"":2,""221Core"":1,""BigClock"":1,""Pair"":2}",5,3,5,3,8,8,8,8
2x221 221Core BigClock 3xPair,"{""221"":2,""221Core"":1,""BigClock"":1,""Pair"":3}",7,4,7,4,6,6,6,6
2x221 221Core BigClock Clock,"{""221"":2,""221Core"":1,""BigClock"":1,""Clock"":1}",5,3,5,3,10,10,10,10
2x221 221Core BigClock Clock 2xPair,"{""221"":2,""221Core"":1,""BigClock"":1,""Clock"":1,""Pair"":2}",5,3,5,3,6,6,6,6
2x221 221Core BigClock Clock 3xPair,"{""221"":2,""221Core"":1,""BigClock"":1,""Clock"":1,""Pair"":3}",7,4,7,4,4,4,4,4
2x221 221Core BigClock Clock 4xPair,"{""221"":2,""221Core"":1,""BigClock"":1,""Clock"":1,""Pair"":4}",13,7,13,7,2,2,2,2
2x221 221Core BigClock Clock Pair,"{""221"":2,""221Core"":1,""BigClock"":1,""Clock"":1,""Pair"":1}",5,3,5,3,8,8,8,8
2x221 221Core BigClock Pair,"{""221"":2,""221Core"":1,""BigClock"":1,""Pair"":1}",5,3,5,3,10,10,10,10
2x221 221Core Clock,"{""221"":2,""221Core"":1,""Clock"":1}",6,4,6,4,13,13,13,13
2x221 221Core Clock 2xPair,"{""221"":2,""221Core"":1,""Clock"":1,""Pair"":2}",6,4,6,4,9,9,9,9
2x221 221Core Clock 3xPair,"{""221"":2,""221Core"":1,""Clock"":1,""Pair"":3}",6,4,6,4,7,7,7,7
2x221 221Core Clock 4xPair,"{""221"":2,""221Core"":1,""Clock"":1,""Pair"":4}",6,4,6,4,5,5,5,5
2x221 221Core Clock Pair,"{""221"":2,""221Core"":1,""Clock"":1,""Pair"":1}",6,4,6,4,11,11,11,11
2x221 221Core Pair,"{""221"":2,""221Core"":1,""Pair"":1}",4,3,4,3,13,13,13,13
2x221 2x311,"{""221"":2,""311"":2}",3,2,3,2,12,12,12,12
2x221 2x311 2xClock,"{""221"":2,""311"":2,""Clock"":2}",4,3,4,3,8,8,8,8
2x221 2x311 2xClock 2xPair,"{""221"":2,""311"":2,""Clock"":2,""Pair"":2}",4,3,4,3,4,4,4,4
2x221 2x311 2xClock Pair,"{""221"":2,""311"":2,""Clock"":2,""Pair"":1}",2,1,2,1,6,6,6,6
2x221 2x311 2xPair,"{""221"":2,""311"":2,""Pair"":2}",3,2,3,2,8,8,8,8
2x221 2x311 3xClock 2xPair,"{""221"":2,""311"":2,""Clock"":3,""Pair"":2}",1,1,1,1,2,2,2,2
2x221 2x311 BigClock,"{""221"":2,""311"":2,""BigClock"":1}",1,1,1,1,9,9,9,9
2x221 2x311 BigClock 2xPair,"{""221"":2,""311"":2,""BigClock"":1,""Pair"":2}",3,2,3,2,5,5,5,5
2x221 2x311 BigClock Clock,"{""221"":2,""311"":2,""BigClock"":1,""Clock"":1}",1,1,1,1,7,7,7,7
2x221 2x311 BigClock Clock 2xPair,"{""221"":2,""311"":2,""BigClock"":1,""Clock"":1,""Pair"":2}",3,2,3,2,3,3,3,3
2x221 2x311 BigClock Clock Pair,"{""221"":2,""311"":2,""BigClock"":1,""Clock"":1,""Pair"":1}",2,1,2,1,5,5,5,5
2x221 2x311 BigClock Pair,"{""221"":2,""311"":2,""BigClock"":1,""Pair"":1}",2,1,2,1,7,7,7,7
2x221 2x311 Clock,"{""221"":2,""311"":2,""Clock"":1}",3,2,3,2,10,10,10,10
2x221 2x311 Clock 2xPair,"{""221"":2,""311"":2,""Clock"":1,""Pair"":2}",3,2,3,2,6,6,6,6
2x221 2x311 Clock Pair,"{""221"":2,""311"":2,""Clock"":1,""Pair"":1}",4,2,4,2,8,8,8,8
2x221 2x311 Pair,"{""221"":2,""311"":2,""Pair"":1}",2,1,2,1,10,10,10,10
2x221 2xBigClock,"{""221"":2,""BigClock"":2}",2,2,2,2,12,12,12,12
2x221 2xBigClock 2xPair,"{""221"":2,""BigClock"":2,""Pair"":2}",5,4,5,4,8,8,8,8
2x221 2xBigClock 3xPair,"{""221"":2,""BigClock"":2,""Pair"":3}",3,2,3,2,6,6,6,6
2x221 2xBigClock 4xPair,"{""221"":2,""BigClock"":2,""Pair"":4}",5,4,5,4,4,4,4,4
2x221 2xBigClock Pair,"{""221"":2,""BigClock"":2,""Pair"":1}",3,2,3,2,10,10,10,10
2x221 2xClock,"{""221"":2,""Clock"":2}",6,5,6,5,14,14,14,14
2x221 2xClock 2xPair,"{""221"":2,""Clock"":2,""Pair"":2}",6,5,6,5,10,10,10,10
2x221 2xClock 3xPair,"{""221"":2,""Clock"":2,""Pair"":3}",6,5,6,5,8,8,8,8
2x221 2xClock 4xPair,"{""221"":2,""Clock"":2,""Pair"":4}",6,5,6,5,6,6,6,6
2x221 2xClock 5xPair,"{""221"":2,""Clock"":2,""Pair"":5}",6,4,6,4,4,4,4,4
2x221 2xClock Pair,"{""221"":2,""Clock"":2,""Pair"":1}",6,5,6,5,12,12,12,12
2x221 2xPair,"{""221"":2,""Pair"":2}",2,2,2,2,14,14,14,14
2x221 311,"{""221"":2,""311"":1}",2,2,2,2,15,15,15,15
2x221 311 2xBigClock,"{""221"":2,""311"":1,""BigClock"":2}",2,2,2,2,9,9,9,9
2x221 311 2xBigClock 2xPair,"{""221"":2,""311"":1,""BigClock"":2,""Pair"":2}",3,2,3,2,5,5,5,5
2x221 311 2xBigClock 3xPair,"{""221"":2,""311"":1,""BigClock"":2,""Pair"":3}",3,2,3,2,3,3,3,3
2x221 311 2xBigClock Pair,"{""221"":2,""311"":1,""BigClock"":2,""Pair"":1}",3,2,3,2,7,7,7,7
2x221 311 2xClock,"{""221"":2,""311"":1,""Clock"":2}",6,5,6,5,11,11,11,11
2x221 311 2xClock 2xPair,"{""221"":2,""311"":1,""Clock"":2,""Pair"":2}",14,11,14,11,7,7,7,7
2x221 311 2xClock 3xPair,"{""221"":2,""311"":1,""Clock"":2,""Pair"":3}",40,21,40,21,5,5,5,5
2x221 311 2xClock 4xPair,"{""221"":2,""311"":1,""Clock"":2,""Pair"":4}",8,4,8,4,3,3,3,3
2x221 311 2xClock Pair,"{""221"":2,""311"":1,""Clock"":2,""Pair"":1}",6,5,6,5,9,9,9,9
2x221 311 2xPair,"{""221"":2,""311"":1,""Pair"":2}",5,5,5,5,11,11,11,11
2x221 311 3xClock,"{""221"":2,""311"":1,""Clock"":3}",3,3,3,3,9,9,9,9
2x221 311 3xClock 2xPair,"{""221"":2,""311"":1,""Clock"":3,""Pair"":2}",13,9,13,9,5,5,5,5
2x221 311 3xClock 3xPair,"{""221"":2,""311"":1,""Clock"":3,""Pair"":3}",23,12,23,12,3,3,3,3
2x221 311 3xClock 4xPair,"{""221"":2,""311"":1,""Clock"":3,""Pair"":4}",9,5,9,5,1,1,1,1
2x221 311 3xClock Pair,"{""221"":2,""311"":1,""Clock"":3,""Pair"":1}",4,4,4,4,7,7,7,7
2x221 311 3xPair,"{""221"":2,""311"":1,""Pair"":3}",5,3,5,3,9,9,9,9
2x221 311 4xPair,"{""221"":2,""311"":1,""Pair"":4}",4,2,4,2,7,7,7,7
2x221 311 BigClock,"{""221"":2,""311"":1,""BigClock"":1}",3,3,3,3,12,12,12,12
2x221 311 BigClock 2xClock,"{""221"":2,""311"":1,""BigClock"":1,""Clock"":2}",3,3,3,3,8,8,8,8
2x221 311 BigClock 2xClock 2xPair,"{""221"":2,""311"":1,""BigClock"":1,""Clock"":2,""Pair"":2}",6,4,6,4,4,4,4,4
2x221 311 BigClock 2xClock 3xPair,"{""221"":2,""311"":1,""BigClock"":1,""Clock"":2,""Pair"":3}",4,2,4,2,2,2,2,2
2x221 311 BigClock 2xClock Pair,"{""221"":2,""311"":1,""BigClock"":1,""Clock"":2,""Pair"":1}",6,4,6,4,6,6,6,6
2x221 311 BigClock 2xPair,"{""221"":2,""311"":1,""BigClock"":1,""Pair"":2}",5,4,5,4,8,8,8,8
2x221 311 BigClock 3xPair,"{""221"":2,""311"":1,""BigClock"":1,""Pair"":3}",4,2,4,2,6,6,6,6
2x221 311 BigClock Clock,"{""221"":2,""311"":1,""BigClock"":1,""Clock"":1}",7,5,7,5,10,10,10,10
2x221 311 BigClock Clock 2xPair,"{""221"":2,""311"":1,""BigClock"":1,""Clock"":1,""Pair"":2}",11,8,11,8,6,6,6,6
2x221 311 BigClock Clock 3xPair,"{""221"":2,""311"":1,""BigClock"":1,""Clock"":1,""Pair"":3}",4,2,4,2,4,4,4,4
2x221 311 BigClock Clock Pair,"{""221"":2,""311"":1,""BigClock"":1,""Clock"":1,""Pair"":1}",9,6,9,6,8,8,8,8
2x221 311 BigClock Pair,"{""221"":2,""311"":1,""BigClock"":1,""Pair"":1}",4,4,4,4,10,10,10,10
2x221 311 Clock,"{""221"":2,""311"":1,""Clock"":1}",3,3,3,3,13,13,13,13
2x221 311 Clock 2xPair,"{""221"":2,""311"":1,""Clock"":1,""Pair"":2}",10,8,10,8,9,9,9,9
2x221 311 Clock 3xPair,"{""221"":2,""311"":1,""Clock"":1,""Pair"":3}",17,9,17,9,7,7,7,7
2x221 311 Clock 4xPair,"{""221"":2,""311"":1,""Clock"":1,""Pair"":4}",6,3,6,3,5,5,5,5
2x221 311 Clock Pair,"{""221"":2,""311"":1,""Clock"":1,""Pair"":1}",3,3,3,3,11,11,11,11
2x221 311 Pair,"{""221"":2,""311"":1,""Pair"":1}",2,2,2,2,13,13,13,13
2x221 3xClock,"{""221"":2,""Clock"":3}",3,3,3,3,12,12,12,12
2x221 3xClock 2xPair,"{""221"":2,""Clock"":3,""Pair"":2}",3,3,3,3,8,8,8,8
2x221 3xClock 3xPair,"{""221"":2,""Clock"":3,""Pair"":3}",3,3,3,3,6,6,6,6
2x221 3xClock 4xPair,"{""221"":2,""Clock"":3,""Pair"":4}",3,3,3,3,4,4,4,4
2x221 3xClock 5xPair,"{""221"":2,""Clock"":3,""Pair"":5}",6,3,6,3,2,2,2,2
2x221 3xClock Pair,"{""221"":2,""Clock"":3,""Pair"":1}",3,3,3,3,10,10,10,10
2x221 3xPair,"{""221"":2,""Pair"":3}",2,2,2,2,12,12,12,12
2x221 4xPair,"{""221"":2,""Pair"":4}",2,2,2,2,10,10,10,10
2x221 5xPair,"{""221"":2,""Pair"":5}",2,2,2,2,8,8,8,8
2x221 BigClock,"{""221"":2,""BigClock"":1}",3,3,3,3,15,15,15,15
2x221 BigClock 2xClock,"{""221"":2,""BigClock"":1,""Clock"":2}",3,3,3,3,11,11,11,11
2x221 BigClock 2xClock 2xPair,"{""221"":2,""BigClock"":1,""Clock"":2,""Pair"":2}",3,3,3,3,7,7,7,7
2x221 BigClock 2xClock 3xPair,"{""221"":2,""BigClock"":1,""Clock"":2,""Pair"":3}",3,3,3,3,5,5,5,5
2x221 BigClock 2xClock 4xPair,"{""221"":2,""BigClock"":1,""Clock"":2,""Pair"":4}",7,5,7,5,3,3,3,3
2x221 BigClock 2xClock Pair,"{""221"":2,""BigClock"":1,""Clock"":2,""Pair"":1}",3,3,3,3,9,9,9,9
2x221 BigClock 2xPair,"{""221"":2,""BigClock"":1,""Pair"":2}",3,3,3,3,11,11,11,11
2x221 BigClock 3xPair,"{""221"":2,""BigClock"":1,""Pair"":3}",3,3,3,3,9,9,9,9
2x221 BigClock 4xPair,"{""221"":2,""BigClock"":1,""Pair"":4}",6,4,6,4,7,7,7,7
2x221 BigClock Clock,"{""221"":2,""BigClock"":1,""Clock"":1}",7,5,7,5,13,13,13,13
2x221 BigClock Clock 2xPair,"{""221"":2,""BigClock"":1,""Clock"":1,""Pair"":2}",7,5,7,5,9,9,9,9
2x221 BigClock Clock 3xPair,"{""221"":2,""BigClock"":1,""Clock"":1,""Pair"":3}",7,5,7,5,7,7,7,7
2x221 BigClock Clock 4xPair,"{""221"":2,""BigClock"":1,""Clock"":1,""Pair"":4}",6,4,6,4,5,5,5,5
2x221 BigClock Clock Pair,"{""221"":2,""BigClock"":1,""Clock"":1,""Pair"":1}",7,5,7,5,11,11,11,11
2x221 BigClock Pair,"{""221"":2,""BigClock"":1,""Pair"":1}",3,3,3,3,13,13,13,13
2x221 Clock,"{""221"":2,""Clock"":1}",3,3,3,3,16,16,16,16
2x221 Clock 2xPair,"{""221"":2,""Clock"":1,""Pair"":2}",3,3,3,3,12,12,12,12
2x221 Clock 3xPair,"{""221"":2,""Clock"":1,""Pair"":3}",3,3,3,3,10,10,10,10
2x221 Clock 4xPair,"{""221"":2,""Clock"":1,""Pair"":4}",3,3,3,3,8,8,8,8
2x221 Clock 5xPair,"{""221"":2,""Clock"":1,""Pair"":5}",5,3,5,3,6,6,6,6
2x221 Clock Pair,"{""221"":2,""Clock"":1,""Pair"":1}",3,3,3,3,14,14,14,14
2x221 Pair,"{""221"":2,""Pair"":1}",2,2,2,2,16,16,16,16
2x311,"{""311"":2}",1,1,1,1,20,20,20,20
2x311 2xBigClock,"{""311"":2,""BigClock"":2}",2,2,2,2,14,14,14,14
2x311 2xBigClock 2xClock,"{""311"":2,""BigClock"":2,""Clock"":2}",3,3,3,3,10,10,10,10
2x311 2xBigClock 2xClock 2xPair,"{""311"":2,""BigClock"":2,""Clock"":2,""Pair"":2}",3,3,3,3,6,6,6,6
2x311 2xBigClock 2xPair,"{""311"":2,""BigClock"":2,""Pair"":2}",2,2,2,2,10,10,10,10
2x311 2xBigClock 3xClock,"{""311"":2,""BigClock"":2,""Clock"":3}",1,1,1,1,8,8,8,8
2x311 2xBigClock 3xClock 2xPair,"{""311"":2,""BigClock"":2,""Clock"":3,""Pair"":2}",1,1,1,1,4,4,4,4
2x311 2xBigClock Clock,"{""311"":2,""BigClock"":2,""Clock"":1}",2,2,2,2,12,12,12,12
2x311 2xBigClock Clock 2xPair,"{""311"":2,""BigClock"":2,""Clock"":1,""Pair"":2}",2,2,2,2,8,8,8,8
2x311 2xClock,"{""311"":2,""Clock"":2}",2,2,2,2,16,16,16,16
2x311 2xClock 2xPair,"{""311"":2,""Clock"":2,""Pair"":2}",14,10,14,10,12,12,12,12
2x311 2xClock 3xPair,"{""311"":2,""Clock"":2,""Pair"":3}",20,11,20,11,10,10,10,10
2x311 2xClock 4xPair,"{""311"":2,""Clock"":2,""Pair"":4}",9,7,9,7,8,8,8,8
2x311 2xClock Pair,"{""311"":2,""Clock"":2,""Pair"":1}",2,2,2,2,14,14,14,14
2x311 2xPair,"{""311"":2,""Pair"":2}",4,3,4,3,16,16,16,16
2x311 3xBigClock,"{""311"":2,""BigClock"":3}",1,1,1,1,11,11,11,11
2x311 3xBigClock 2xPair,"{""311"":2,""BigClock"":3,""Pair"":2}",1,1,1,1,7,7,7,7
2x311 3xBigClock Clock,"{""311"":2,""BigClock"":3,""Clock"":1}",1,1,1,1,9,9,9,9
2x311 3xBigClock Clock 2xPair,"{""311"":2,""BigClock"":3,""Clock"":1,""Pair"":2}",1,1,1,1,5,5,5,5
2x311 3xClock,"{""311"":2,""Clock"":3}",2,2,2,2,14,14,14,14
2x311 3xClock 2xPair,"{""311"":2,""Clock"":3,""Pair"":2}",25,16,25,16,10,10,10,10
2x311 3xClock 3xPair,"{""311"":2,""Clock"":3,""Pair"":3}",21,11,21,11,8,8,8,8
2x311 3xClock 4xPair,"{""311"":2,""Clock"":3,""Pair"":4}",6,5,6,5,6,6,6,6
2x311 3xClock Pair,"{""311"":2,""Clock"":3,""Pair"":1}",2,2,2,2,12,12,12,12
2x311 3xPair,"{""311"":2,""Pair"":3}",3,2,3,2,14,14,14,14
2x311 4xClock,"{""311"":2,""Clock"":4}",3,3,3,3,12,12,12,12
2x311 4xClock 2xPair,"{""311"":2,""Clock"":4,""Pair"":2}",23,15,23,15,8,8,8,8
2x311 4xClock 3xPair,"{""311"":2,""Clock"":4,""Pair"":3}",15,8,15,8,6,6,6,6
2x311 4xClock 4xPair,"{""311"":2,""Clock"":4,""Pair"":4}",7,6,7,6,4,4,4,4
2x311 4xClock Pair,"{""311"":2,""Clock"":4,""Pair"":1}",5,5,5,5,10,10,10,10
2x311 4xPair,"{""311"":2,""Pair"":4}",4,3,4,3,12,12,12,12
2x311 5xClock,"{""311"":2,""Clock"":5}",1,1,1,1,10,10,10,10
2x311 5xClock 2xPair,"{""311"":2,""Clock"":5,""Pair"":2}",5,3,5,3,6,6,6,6
2x311 5xClock 3xPair,"{""311"":2,""Clock"":5,""Pair"":3}",5,3,5,3,4,4,4,4
2x311 5xClock 4xPair,"{""311"":2,""Clock"":5,""Pair"":4}",2,2,2,2,2,2,2,2
2x311 5xClock Pair,"{""311"":2,""Clock"":5,""Pair"":1}",3,2,3,2,8,8,8,8
2x311 BigClock,"{""311"":2,""BigClock"":1}",1,1,1,1,17,17,17,17
2x311 BigClock 2xClock,"{""311"":2,""BigClock"":1,""Clock"":2}",5,5,5,5,13,13,13,13
2x311 BigClock 2xClock 2xPair,"{""311"":2,""BigClock"":1,""Clock"":2,""Pair"":2}",27,17,27,17,9,9,9,9
2x311 BigClock 2xClock 3xPair,"{""311"":2,""BigClock"":1,""Clock"":2,""Pair"":3}",14,7,14,7,7,7,7,7
2x311 BigClock 2xClock 4xPair,"{""311"":2,""BigClock"":1,""Clock"":2,""Pair"":4}",3,3,3,3,5,5,5,5
2x311 BigClock 2xClock Pair,"{""311"":2,""BigClock"":1,""Clock"":2,""Pair"":1}",9,6,9,6,11,11,11,11
2x311 BigClock 2xPair,"{""311"":2,""BigClock"":1,""Pair"":2}",4,3,4,3,13,13,13,13
2x311 BigClock 3xClock,"{""311"":2,""BigClock"":1,""Clock"":3}",7,6,7,6,11,11,11,11
2x311 BigClock 3xClock 2xPair,"{""311"":2,""BigClock"":1,""Clock"":3,""Pair"":2}",22,15,22,15,7,7,7,7
2x311 BigClock 3xClock 3xPair,"{""311"":2,""BigClock"":1,""Clock"":3,""Pair"":3}",12,6,12,6,5,5,5,5
2x311 BigClock 3xClock 4xPair,"{""311"":2,""BigClock"":1,""Clock"":3,""Pair"":4}",3,3,3,3,3,3,3,3
2x311 BigClock 3xClock Pair,"{""311"":2,""BigClock"":1,""Clock"":3,""Pair"":1}",12,6,12,6,9,9,9,9
2x311 BigClock 3xPair,"{""311"":2,""BigClock"":1,""Pair"":3}",2,1,2,1,11,11,11,11
2x311 BigClock 4xClock,"{""311"":2,""BigClock"":1,""Clock"":4}",3,3,3,3,9,9,9,9
2x311 BigClock 4xClock 2xPair,"{""311"":2,""BigClock"":1,""Clock"":4,""Pair"":2}",5,4,5,4,5,5,5,5
2x311 BigClock 4xClock 3xPair,"{""311"":2,""BigClock"":1,""Clock"":4,""Pair"":3}",4,2,4,2,3,3,3,3
2x311 BigClock 4xClock 4xPair,"{""311"":2,""BigClock"":1,""Clock"":4,""Pair"":4}",2,2,2,2,1,1,1,1
2x311 BigClock 4xClock Pair,"{""311"":2,""BigClock"":1,""Clock"":4,""Pair"":1}",3,2,3,2,7,7,7,7
2x311 BigClock 4xPair,"{""311"":2,""BigClock"":1,""Pair"":4}",2,2,2,2,9,9,9,9
2x311 BigClock Clock,"{""311"":2,""BigClock"":1,""Clock"":1}",2,2,2,2,15,15,15,15
2x311 BigClock Clock 2xPair,"{""311"":2,""BigClock"":1,""Clock"":1,""Pair"":2}",18,12,18,12,11,11,11,11
2x311 BigClock Clock 3xPair,"{""311"":2,""BigClock"":1,""Clock"":1,""Pair"":3}",10,5,10,5,9,9,9,9
2x311 BigClock Clock 4xPair,"{""311"":2,""BigClock"":1,""Clock"":1,""Pair"":4}",1,1,1,1,7,7,7,7
2x311 BigClock Clock Pair,"{""311"":2,""BigClock"":1,""Clock"":1,""Pair"":1}",3,2,3,2,13,13,13,13
2x311 BigClock Pair,"{""311"":2,""BigClock"":1,""Pair"":1}",1,1,1,1,15,15,15,15
2x311 Clock,"{""311"":2,""Clock"":1}",1,1,1,1,18,18,18,18
2x311 Clock 2xPair,"{""311"":2,""Clock"":1,""Pair"":2}",7,5,7,5,14,14,14,14
2x311 Clock 3xPair,"{""311"":2,""Clock"":1,""Pair"":3}",9,5,9,5,12,12,12,12
2x311 Clock 4xPair,"{""311"":2,""Clock"":1,""Pair"":4}",4,3,4,3,10,10,10,10
2x311 Clock Pair,"{""311"":2,""Clock"":1,""Pair"":1}",1,1,1,1,16,16,16,16
2x311 Pair,"{""311"":2,""Pair"":1}",1,1,1,1,18,18,18,18
2x321,"{""321"":2}",2,2,2,2,14,14,14,14
2x321 221Core,"{""321"":2,""221Core"":1}",1,1,1,1,11,11,11,11
2x321 221Core 2x311,"{""321"":2,""221Core"":1,""311"":2}",1,1,1,1,5,5,5,5
2x321 221Core 2x311 2xClock,"{""321"":2,""221Core"":1,""311"":2,""Clock"":2}",1,1,1,1,1,1,1,1
2x321 221Core 2x311 Clock,"{""321"":2,""221Core"":1,""311"":2,""Clock"":1}",1,1,1,1,3,3,3,3
2x321 221Core 2xClock,"{""321"":2,""221Core"":1,""Clock"":2}",1,1,1,1,7,7,7,7
2x321 221Core 2xClock 2xPair,"{""321"":2,""221Core"":1,""Clock"":2,""Pair"":2}",1,1,1,1,3,3,3,3
2x321 221Core 2xPair,"{""321"":2,""221Core"":1,""Pair"":2}",1,1,1,1,7,7,7,7
2x321 221Core Clock,"{""321"":2,""221Core"":1,""Clock"":1}",1,1,1,1,9,9,9,9
2x321 221Core Clock 2xPair,"{""321"":2,""221Core"":1,""Clock"":1,""Pair"":2}",1,1,1,1,5,5,5,5
2x321 2x311,"{""321"":2,""311"":2}",1,1,1,1,8,8,8,8
2x321 2x311 2xBigClock,"{""321"":2,""311"":2,""BigClock"":2}",2,2,2,2,2,2,2,2
2x321 2x311 2xClock,"{""321"":2,""311"":2,""Clock"":2}",2,2,2,2,4,4,4,4
2x321 2x311 3xClock,"{""321"":2,""311"":2,""Clock"":3}",1,1,1,1,2,2,2,2
2x321 2x311 Clock,"{""321"":2,""311"":2,""Clock"":1}",1,1,1,1,6,6,6,6
2x321 2xClock,"{""321"":2,""Clock"":2}",3,3,3,3,10,10,10,10
2x321 2xClock 2xPair,"{""321"":2,""Clock"":2,""Pair"":2}",3,3,3,3,6,6,6,6
2x321 2xPair,"{""321"":2,""Pair"":2}",2,2,2,2,10,10,10,10
2x321 321Core,"{""321"":2,""321Core"":1}",2,2,2,2,9,9,9,9
2x321 321Core 221 2xPair,"{""321"":2,""321Core"":1,""221"":1,""Pair"":2}",2,2,2,2,1,1,1,1
2x321 321Core 2x311 BigClock,"{""321"":2,""321Core"":1,""311"":2,""BigClock"":1}",2,2,2,2,0,0,0,0
2x321 321Core Clock 2xPair,"{""321"":2,""321Core"":1,""Clock"":1,""Pair"":2}",2,2,2,2,3,3,3,3
2x321 3xClock,"{""321"":2,""Clock"":3}",1,1,1,1,8,8,8,8
2x321 3xClock 2xPair,"{""321"":2,""Clock"":3,""Pair"":2}",2,2,2,2,4,4,4,4
2x321 BigClock,"{""321"":2,""BigClock"":1}",2,2,2,2,11,11,11,11
2x321 BigClock 2xPair,"{""321"":2,""BigClock"":1,""Pair"":2}",2,2,2,2,7,7,7,7
2x321 BigClock Clock,"{""321"":2,""BigClock"":1,""Clock"":1}",2,2,2,2,9,9,9,9
2x321 BigClock Clock 2xPair,"{""321"":2,""BigClock"":1,""Clock"":1,""Pair"":2}",2,2,2,2,5,5,5,5
2x321 Clock,"{""321"":2,""Clock"":1}",2,2,2,2,12,12,12,12
2x321 Clock 2xPair,"{""321"":2,""Clock"":1,""Pair"":2}",2,2,2,2,8,8,8,8
2x331 331Core,"{""331"":2,""331Core"":1}",1,1,0,0,0,0,,
2xBigClock,"{""BigClock"":2}",2,2,2,2,20,20,20,20
2xBigClock 2xClock,"{""BigClock"":2,""Clock"":2}",3,3,3,3,16,16,16,16
2xBigClock 2xClock 2xPair,"{""BigClock"":2,""Clock"":2,""Pair"":2}",8,6,8,6,12,12,12,12
2xBigClock 2xClock 3xPair,"{""BigClock"":2,""Clock"":2,""Pair"":3}",10,6,10,6,10,10,10,10
2xBigClock 2xClock 4xPair,"{""BigClock"":2,""Clock"":2,""Pair"":4}",11,8,11,8,8,8,8,8
2xBigClock 2xClock 5xPair,"{""BigClock"":2,""Clock"":2,""Pair"":5}",6,4,6,4,6,6,6,6
2xBigClock 2xClock 6xPair,"{""BigClock"":2,""Clock"":2,""Pair"":6}",5,4,5,4,4,4,4,4
2xBigClock 2xClock Pair,"{""BigClock"":2,""Clock"":2,""Pair"":1}",5,3,5,3,14,14,14,14
2xBigClock 2xPair,"{""BigClock"":2,""Pair"":2}",5,4,5,4,16,16,16,16
2xBigClock 3xClock,"{""BigClock"":2,""Clock"":3}",1,1,1,1,14,14,14,14
2xBigClock 3xClock 2xPair,"{""BigClock"":2,""Clock"":3,""Pair"":2}",3,2,3,2,10,10,10,10
2xBigClock 3xClock 3xPair,"{""BigClock"":2,""Clock"":3,""Pair"":3}",4,2,4,2,8,8,8,8
2xBigClock 3xClock 4xPair,"{""BigClock"":2,""Clock"":3,""Pair"":4}",3,2,3,2,6,6,6,6
2xBigClock 3xClock Pair,"{""BigClock"":2,""Clock"":3,""Pair"":1}",2,1,2,1,12,12,12,12
2xBigClock 3xPair,"{""BigClock"":2,""Pair"":3}",6,4,6,4,14,14,14,14
2xBigClock 4xPair,"{""BigClock"":2,""Pair"":4}",8,6,8,6,12,12,12,12
2xBigClock 5xPair,"{""BigClock"":2,""Pair"":5}",6,4,6,4,10,10,10,10
2xBigClock Clock,"{""BigClock"":2,""Clock"":1}",2,2,2,2,18,18,18,18
2xBigClock Clock 2xPair,"{""BigClock"":2,""Clock"":1,""Pair"":2}",6,4,6,4,14,14,14,14
2xBigClock Clock 3xPair,"{""BigClock"":2,""Clock"":1,""Pair"":3}",8,4,8,4,12,12,12,12
2xBigClock Clock 4xPair,"{""BigClock"":2,""Clock"":1,""Pair"":4}",10,6,10,6,10,10,10,10
2xBigClock Clock 5xPair,"{""BigClock"":2,""Clock"":1,""Pair"":5}",8,4,8,4,8,8,8,8
2xBigClock Clock Pair,"{""BigClock"":2,""Clock"":1,""Pair"":1}",4,2,4,2,16,16,16,16
2xBigClock Pair,"{""BigClock"":2,""Pair"":1}",3,2,3,2,18,18,18,18
2xClock,"{""Clock"":2}",2,2,2,2,22,22,22,22
2xClock 2xPair,"{""Clock"":2,""Pair"":2}",2,2,2,2,18,18,18,18
2xClock 3xPair,"{""Clock"":2,""Pair"":3}",2,2,2,2,16,16,16,16
2xClock 4xPair,"{""Clock"":2,""Pair"":4}",2,2,2,2,14,14,14,14
2xClock 5xPair,"{""Clock"":2,""Pair"":5}",2,2,2,2,12,12,12,12
2xClock 6xPair,"{""Clock"":2,""Pair"":6}",2,2,2,2,10,10,10,10
2xClock 7xPair,"{""Clock"":2,""Pair"":7}",2,2,2,2,8,8,8,8
2xClock Pair,"{""Clock"":2,""Pair"":1}",2,2,2,2,20,20,20,20
2xPair,"{""Pair"":2}",1,1,1,1,22,22,22,22
311,"{""311"":1}",1,1,1,1,23,23,23,23
311 2xBigClock,"{""311"":1,""BigClock"":2}",2,2,2,2,17,17,17,17
311 2xBigClock 2xClock,"{""311"":1,""BigClock"":2,""Clock"":2}",3,3,3,3,13,13,13,13
311 2xBigClock 2xClock 2xPair,"{""311"":1,""BigClock"":2,""Clock"":2,""Pair"":2}",8,6,8,6,9,9,9,9
311 2xBigClock 2xClock 3xPair,"{""311"":1,""BigClock"":2,""Clock"":2,""Pair"":3}",11,7,11,7,7,7,7,7
311 2xBigClock 2xClock 4xPair,"{""311"":1,""BigClock"":2,""Clock"":2,""Pair"":4}",9,6,9,6,5,5,5,5
311 2xBigClock 2xClock 5xPair,"{""311"":1,""BigClock"":2,""Clock"":2,""Pair"":5}",3,2,3,2,3,3,3,3
311 2xBigClock 2xClock Pair,"{""311"":1,""BigClock"":2,""Clock"":2,""Pair"":1}",5,3,5,3,11,11,11,11
311 2xBigClock 2xPair,"{""311"":1,""BigClock"":2,""Pair"":2}",5,4,5,4,13,13,13,13
311 2xBigClock 3xClock,"{""311"":1,""BigClock"":2,""Clock"":3}",1,1,1,1,11,11,11,11
311 2xBigClock 3xClock 2xPair,"{""311"":1,""BigClock"":2,""Clock"":3,""Pair"":2}",3,2,3,2,7,7,7,7
311 2xBigClock 3xClock 3xPair,"{""311"":1,""BigClock"":2,""Clock"":3,""Pair"":3}",2,1,2,1,5,5,5,5
311 2xBigClock 3xClock Pair,"{""311"":1,""BigClock"":2,""Clock"":3,""Pair"":1}",2,1,2,1,9,9,9,9
311 2xBigClock 3xPair,"{""311"":1,""BigClock"":2,""Pair"":3}",6,4,6,4,11,11,11,11
311 2xBigClock 4xPair,"{""311"":1,""BigClock"":2,""Pair"":4}",4,4,4,4,9,9,9,9
311 2xBigClock Clock,"{""311"":1,""BigClock"":2,""Clock"":1}",2,2,2,2,15,15,15,15
311 2xBigClock Clock 2xPair,"{""311"":1,""BigClock"":2,""Clock"":1,""Pair"":2}",6,4,6,4,11,11,11,11
311 2xBigClock Clock 3xPair,"{""311"":1,""BigClock"":2,""Clock"":1,""Pair"":3}",8,4,8,4,9,9,9,9
311 2xBigClock Clock 4xPair,"{""311"":1,""BigClock"":2,""Clock"":1,""Pair"":4}",8,6,8,6,7,7,7,7
311 2xBigClock Clock Pair,"{""311"":1,""BigClock"":2,""Clock"":1,""Pair"":1}",4,2,4,2,13,13,13,13
311 2xBigClock Pair,"{""311"":1,""BigClock"":2,""Pair"":1}",3,2,3,2,15,15,15,15
311 2xClock,"{""311"":1,""Clock"":2}",2,2,2,2,19,19,19,19
311 2xClock 2xPair,"{""311"":1,""Clock"":2,""Pair"":2}",2,2,2,2,15,15,15,15
311 2xClock 3xPair,"{""311"":1,""Clock"":2,""Pair"":3}",2,2,2,2,13,13,13,13
311 2xClock 4xPair,"{""311"":1,""Clock"":2,""Pair"":4}",2,2,2,2,11,11,11,11
311 2xClock 5xPair,"{""311"":1,""Clock"":2,""Pair"":5}",2,2,2,2,9,9,9,9
311 2xClock 6xPair,"{""311"":1,""Clock"":2,""Pair"":6}",10,6,10,6,7,7,7,7
311 2xClock Pair,"{""311"":1,""Clock"":2,""Pair"":1}",2,2,2,2,17,17,17,17
311 2xPair,"{""311"":1,""Pair"":2}",1,1,1,1,19,19,19,19
311 3xBigClock,"{""311"":1,""BigClock"":3}",1,1,1,1,14,14,14,14
311 3xBigClock 2xPair,"{""311"":1,""BigClock"":3,""Pair"":2}",3,2,3,2,10,10,10,10
311 3xBigClock 3xPair,"{""311"":1,""BigClock"":3,""Pair"":3}",2,1,2,1,8,8,8,8
311 3xBigClock Clock,"{""311"":1,""BigClock"":3,""Clock"":1}",1,1,1,1,12,12,12,12
311 3xBigClock Clock 2xPair,"{""311"":1,""BigClock"":3,""Clock"":1,""Pair"":2}",3,2,3,2,8,8,8,8
311 3xBigClock Clock 3xPair,"{""311"":1,""BigClock"":3,""Clock"":1,""Pair"":3}",2,1,2,1,6,6,6,6
311 3xBigClock Clock 4xPair,"{""311"":1,""BigClock"":3,""Clock"":1,""Pair"":4}",1,1,1,1,4,4,4,4
311 3xBigClock Clock Pair,"{""311"":1,""BigClock"":3,""Clock"":1,""Pair"":1}",2,1,2,1,10,10,10,10
311 3xBigClock Pair,"{""311"":1,""BigClock"":3,""Pair"":1}",2,1,2,1,12,12,12,12
311 3xClock,"{""311"":1,""Clock"":3}",2,2,2,2,17,17,17,17
311 3xClock 2xPair,"{""311"":1,""Clock"":3,""Pair"":2}",2,2,2,2,13,13,13,13
311 3xClock 3xPair,"{""311"":1,""Clock"":3,""Pair"":3}",2,2,2,2,11,11,11,11
311 3xClock 4xPair,"{""311"":1,""Clock"":3,""Pair"":4}",2,2,2,2,9,9,9,9
311 3xClock 5xPair,"{""311"":1,""Clock"":3,""Pair"":5}",2,2,2,2,7,7,7,7
311 3xClock 6xPair,"{""311"":1,""Clock"":3,""Pair"":6}",10,6,10,6,5,5,5,5
311 3xClock Pair,"{""311"":1,""Clock"":3,""Pair"":1}",2,2,2,2,15,15,15,15
311 3xPair,"{""311"":1,""Pair"":3}",1,1,1,1,17,17,17,17
311 4xClock,"{""311"":1,""Clock"":4}",2,2,2,2,15,15,15,15
311 4xClock 2xPair,"{""311"":1,""Clock"":4,""Pair"":2}",2,2,2,2,11,11,11,11
311 4xClock 3xPair,"{""311"":1,""Clock"":4,""Pair"":3}",2,2,2,2,9,9,9,9
311 4xClock 4xPair,"{""311"":1,""Clock"":4,""Pair"":4}",2,2,2,2,7,7,7,7
311 4xClock 5xPair,"{""311"":1,""Clock"":4,""Pair"":5}",2,2,2,2,5,5,5,5
311 4xClock 6xPair,"{""311"":1,""Clock"":4,""Pair"":6}",5,3,5,3,3,3,3,3
311 4xClock Pair,"{""311"":1,""Clock"":4,""Pair"":1}",2,2,2,2,13,13,13,13
311 4xPair,"{""311"":1,""Pair"":4}",1,1,1,1,15,15,15,15
311 5xClock,"{""311"":1,""Clock"":5}",1,1,1,1,13,13,13,13
311 5xClock 2xPair,"{""311"":1,""Clock"":5,""Pair"":2}",1,1,1,1,9,9,9,9
311 5xClock 3xPair,"{""311"":1,""Clock"":5,""Pair"":3}",1,1,1,1,7,7,7,7
311 5xClock 4xPair,"{""311"":1,""Clock"":5,""Pair"":4}",1,1,1,1,5,5,5,5
311 5xClock 5xPair,"{""311"":1,""Clock"":5,""Pair"":5}",1,1,1,1,3,3,3,3
311 5xClock 6xPair,"{""311"":1,""Clock"":5,""Pair"":6}",6,4,6,4,1,1,1,1
311 5xClock Pair,"{""311"":1,""Clock"":5,""Pair"":1}",1,1,1,1,11,11,11,11
311 5xPair,"{""311"":1,""Pair"":5}",1,1,1,1,13,13,13,13
311 6xPair,"{""311"":1,""Pair"":6}",3,2,3,2,11,11,11,11
311 BigClock,"{""311"":1,""BigClock"":1}",1,1,1,1,20,20,20,20
311 BigClock 2xClock,"{""311"":1,""BigClock"":1,""Clock"":2}",3,3,3,3,16,16,16,16
311 BigClock 2xClock 2xPair,"{""311"":1,""BigClock"":1,""Clock"":2,""Pair"":2}",3,3,3,3,12,12,12,12
311 BigClock 2xClock 3xPair,"{""311"":1,""BigClock"":1,""Clock"":2,""Pair"":3}",3,3,3,3,10,10,10,10
311 BigClock 2xClock 4xPair,"{""311"":1,""BigClock"":1,""Clock"":2,""Pair"":4}",3,3,3,3,8,8,8,8
311 BigClock 2xClock 5xPair,"{""311"":1,""BigClock"":1,""Clock"":2,""Pair"":5}",5,3,5,3,6,6,6,6
311 BigClock 2xClock Pair,"{""311"":1,""BigClock"":1,""Clock"":2,""Pair"":1}",3,3,3,3,14,14,14,14
311 BigClock 2xPair,"{""311"":1,""BigClock"":1,""Pair"":2}",1,1,1,1,16,16,16,16
311 BigClock 3xClock,"{""311"":1,""BigClock"":1,""Clock"":3}",3,3,3,3,14,14,14,14
311 BigClock 3xClock 2xPair,"{""311"":1,""BigClock"":1,""Clock"":3,""Pair"":2}",3,3,3,3,10,10,10,10
311 BigClock 3xClock 3xPair,"{""311"":1,""BigClock"":1,""Clock"":3,""Pair"":3}",3,3,3,3,8,8,8,8
311 BigClock 3xClock 4xPair,"{""311"":1,""BigClock"":1,""Clock"":3,""Pair"":4}",3,3,3,3,6,6,6,6
311 BigClock 3xClock 5xPair,"{""311"":1,""BigClock"":1,""Clock"":3,""Pair"":5}",9,5,9,5,4,4,4,4
311 BigClock 3xClock Pair,"{""311"":1,""BigClock"":1,""Clock"":3,""Pair"":1}",3,3,3,3,12,12,12,12
311 BigClock 3xPair,"{""311"":1,""BigClock"":1,""Pair"":3}",1,1,1,1,14,14,14,14
311 BigClock 4xClock,"{""311"":1,""BigClock"":1,""Clock"":4}",2,2,2,2,12,12,12,12
311 BigClock 4xClock 2xPair,"{""311"":1,""BigClock"":1,""Clock"":4,""Pair"":2}",2,2,2,2,8,8,8,8
311 BigClock 4xClock 3xPair,"{""311"":1,""BigClock"":1,""Clock"":4,""Pair"":3}",3,2,3,2,6,6,6,6
311 BigClock 4xClock 4xPair,"{""311"":1,""BigClock"":1,""Clock"":4,""Pair"":4}",3,3,3,3,4,4,4,4
311 BigClock 4xClock 5xPair,"{""311"":1,""BigClock"":1,""Clock"":4,""Pair"":5}",8,4,8,4,2,2,2,2
311 BigClock 4xClock Pair,"{""311"":1,""BigClock"":1,""Clock"":4,""Pair"":1}",2,2,2,2,10,10,10,10
311 BigClock 4xPair,"{""311"":1,""BigClock"":1,""Pair"":4}",1,1,1,1,12,12,12,12
311 BigClock 5xPair,"{""311"":1,""BigClock"":1,""Pair"":5}",1,1,1,1,10,10,10,10
311 BigClock Clock,"{""311"":1,""BigClock"":1,""Clock"":1}",2,2,2,2,18,18,18,18
311 BigClock Clock 2xPair,"{""311"":1,""BigClock"":1,""Clock"":1,""Pair"":2}",2,2,2,2,14,14,14,14
311 BigClock Clock 3xPair,"{""311"":1,""BigClock"":1,""Clock"":1,""Pair"":3}",2,2,2,2,12,12,12,12
311 BigClock Clock 4xPair,"{""311"":1,""BigClock"":1,""Clock"":1,""Pair"":4}",2,2,2,2,10,10,10,10
311 BigClock Clock 5xPair,"{""311"":1,""BigClock"":1,""Clock"":1,""Pair"":5}",2,2,2,2,8,8,8,8
311 BigClock Clock Pair,"{""311"":1,""BigClock"":1,""Clock"":1,""Pair"":1}",2,2,2,2,16,16,16,16
311 BigClock Pair,"{""311"":1,""BigClock"":1,""Pair"":1}",1,1,1,1,18,18,18,18
311 Clock,"{""311"":1,""Clock"":1}",1,1,1,1,21,21,21,21
311 Clock 2xPair,"{""311"":1,""Clock"":1,""Pair"":2}",1,1,1,1,17,17,17,17
311 Clock 3xPair,"{""311"":1,""Clock"":1,""Pair"":3}",1,1,1,1,15,15,15,15
311 Clock 4xPair,"{""311"":1,""Clock"":1,""Pair"":4}",1,1,1,1,13,13,13,13
311 Clock 5xPair,"{""311"":1,""Clock"":1,""Pair"":5}",1,1,1,1,11,11,11,11
311 Clock 6xPair,"{""311"":1,""Clock"":1,""Pair"":6}",5,3,5,3,9,9,9,9
311 Clock Pair,"{""311"":1,""Clock"":1,""Pair"":1}",1,1,1,1,19,19,19,19
311 Pair,"{""311"":1,""Pair"":1}",1,1,1,1,21,21,21,21
321,"{""321"":1}",1,1,1,1,20,20,20,20
321 221,"{""321"":1,""221"":1}",2,2,2,2,16,16,16,16
321 221 221Core,"{""321"":1,""221"":1,""221Core"":1}",6,4,6,4,13,13,13,13
321 221 221Core 2xClock,"{""321"":1,""221"":1,""221Core"":1,""Clock"":2}",6,4,6,4,9,9,9,9
321 221 221Core 2xClock 2xPair,"{""321"":1,""221"":1,""221Core"":1,""Clock"":2,""Pair"":2}",23,14,23,14,5,5,5,5
321 221 221Core 2xClock 3xPair,"{""321"":1,""221"":1,""221Core"":1,""Clock"":2,""Pair"":3}",28,15,28,15,3,3,3,3
321 221 221Core 2xClock 4xPair,"{""321"":1,""221"":1,""221Core"":1,""Clock"":2,""Pair"":4}",9,5,9,5,1,1,1,1
321 221 221Core 2xClock Pair,"{""321"":1,""221"":1,""221Core"":1,""Clock"":2,""Pair"":1}",11,6,11,6,7,7,7,7
321 221 221Core 2xPair,"{""321"":1,""221"":1,""221Core"":1,""Pair"":2}",6,4,6,4,9,9,9,9
321 221 221Core 311 2xClock 2xPair,"{""321"":1,""221"":1,""221Core"":1,""311"":1,""Clock"":2,""Pair"":2}",6,4,6,4,2,2,2,2
321 221 221Core 311 2xClock 3xPair,"{""321"":1,""221"":1,""221Core"":1,""311"":1,""Clock"":2,""Pair"":3}",1,1,1,1,0,0,0,0
321 221 221Core 311 2xClock Pair,"{""321"":1,""221"":1,""221Core"":1,""311"":1,""Clock"":2,""Pair"":1}",2,1,2,1,4,4,4,4
321 221 221Core 311 2xPair,"{""321"":1,""221"":1,""221Core"":1,""311"":1,""Pair"":2}",1,1,1,1,6,6,6,6
321 221 221Core 311 Clock 2xPair,"{""321"":1,""221"":1,""221Core"":1,""311"":1,""Clock"":1,""Pair"":2}",2,1,2,1,4,4,4,4
321 221 221Core 311 Clock Pair,"{""321"":1,""221"":1,""221Core"":1,""311"":1,""Clock"":1,""Pair"":1}",2,1,2,1,6,6,6,6
321 221 221Core 3xPair,"{""321"":1,""221"":1,""221Core"":1,""Pair"":3}",9,5,9,5,7,7,7,7
321 221 221Core Clock,"{""321"":1,""221"":1,""221Core"":1,""Clock"":1}",12,6,12,6,11,11,11,11
321 221 221Core Clock 2xPair,"{""321"":1,""221"":1,""221Core"":1,""Clock"":1,""Pair"":2}",18,9,18,9,7,7,7,7
321 221 221Core Clock 3xPair,"{""321"":1,""221"":1,""221Core"":1,""Clock"":1,""Pair"":3}",28,14,28,14,5,5,5,5
321 221 221Core Clock Pair,"{""321"":1,""221"":1,""221Core"":1,""Clock"":1,""Pair"":1}",16,8,16,8,9,9,9,9
321 221 221Core Pair,"{""321"":1,""221"":1,""221Core"":1,""Pair"":1}",6,4,6,4,11,11,11,11
321 221 2xBigClock,"{""321"":1,""221"":1,""BigClock"":2}",2,2,2,2,10,10,10,10
321 221 2xBigClock 2xPair,"{""321"":1,""221"":1,""BigClock"":2,""Pair"":2}",2,2,2,2,6,6,6,6
321 221 2xBigClock 3xPair,"{""321"":1,""221"":1,""BigClock"":2,""Pair"":3}",4,2,4,2,4,4,4,4
321 221 2xBigClock Pair,"{""321"":1,""221"":1,""BigClock"":2,""Pair"":1}",4,2,4,2,8,8,8,8
321 221 2xClock,"{""321"":1,""221"":1,""Clock"":2}",8,6,8,6,12,12,12,12
321 221 2xClock 2xPair,"{""321"":1,""221"":1,""Clock"":2,""Pair"":2}",9,7,9,7,8,8,8,8
321 221 2xClock 3xPair,"{""321"":1,""221"":1,""Clock"":2,""Pair"":3}",21,11,21,11,6,6,6,6
321 221 2xClock 4xPair,"{""321"":1,""221"":1,""Clock"":2,""Pair"":4}",6,3,6,3,4,4,4,4
321 221 2xClock Pair,"{""321"":1,""221"":1,""Clock"":2,""Pair"":1}",8,6,8,6,10,10,10,10
321 221 2xPair,"{""321"":1,""221"":1,""Pair"":2}",2,2,2,2,12,12,12,12
321 221 311,"{""321"":1,""221"":1,""311"":1}",1,1,1,1,13,13,13,13
321 221 311 2xBigClock 2xPair,"{""321"":1,""221"":1,""311"":1,""BigClock"":2,""Pair"":2}",2,2,2,2,3,3,3,3
321 221 311 2xClock,"{""321"":1,""221"":1,""311"":1,""Clock"":2}",2,2,2,2,9,9,9,9
321 221 311 2xClock 2xPair,"{""321"":1,""221"":1,""311"":1,""Clock"":2,""Pair"":2}",5,5,5,5,5,5,5,5
321 221 311 2xClock Pair,"{""321"":1,""221"":1,""311"":1,""Clock"":2,""Pair"":1}",4,2,4,2,7,7,7,7
321 221 311 2xPair,"{""321"":1,""221"":1,""311"":1,""Pair"":2}",2,2,2,2,9,9,9,9
321 221 311 3xClock 2xPair,"{""321"":1,""221"":1,""311"":1,""Clock"":3,""Pair"":2}",2,1,2,1,3,3,3,3
321 221 311 Clock 2xPair,"{""321"":1,""221"":1,""311"":1,""Clock"":1,""Pair"":2}",1,1,1,1,7,7,7,7
321 221 311 Clock Pair,"{""321"":1,""221"":1,""311"":1,""Clock"":1,""Pair"":1}",2,1,2,1,9,9,9,9
321 221 311 Pair,"{""321"":1,""221"":1,""311"":1,""Pair"":1}",2,1,2,1,11,11,11,11
321 221 3xClock,"{""321"":1,""221"":1,""Clock"":3}",5,4,5,4,10,10,10,10
321 221 3xClock 2xPair,"{""321"":1,""221"":1,""Clock"":3,""Pair"":2}",15,11,15,11,6,6,6,6
321 221 3xClock 3xPair,"{""321"":1,""221"":1,""Clock"":3,""Pair"":3}",22,11,22,11,4,4,4,4
321 221 3xClock 4xPair,"{""321"":1,""221"":1,""Clock"":3,""Pair"":4}",11,7,11,7,2,2,2,2
321 221 3xClock Pair,"{""321"":1,""221"":1,""Clock"":3,""Pair"":1}",5,4,5,4,8,8,8,8
321 221 3xPair,"{""321"":1,""221"":1,""Pair"":3}",2,2,2,2,10,10,10,10
321 221 4xPair,"{""321"":1,""221"":1,""Pair"":4}",1,1,1,1,8,8,8,8
321 221 BigClock,"{""321"":1,""221"":1,""BigClock"":1}",3,3,3,3,13,13,13,13
321 221 BigClock 2xPair,"{""321"":1,""221"":1,""BigClock"":1,""Pair"":2}",9,6,9,6,9,9,9,9
321 221 BigClock 3xPair,"{""321"":1,""221"":1,""BigClock"":1,""Pair"":3}",6,3,6,3,7,7,7,7
321 221 BigClock Clock,"{""321"":1,""221"":1,""BigClock"":1,""Clock"":1}",3,3,3,3,11,11,11,11
321 221 BigClock Clock 2xPair,"{""321"":1,""221"":1,""BigClock"":1,""Clock"":1,""Pair"":2}",9,6,9,6,7,7,7,7
321 221 BigClock Clock 3xPair,"{""321"":1,""221"":1,""BigClock"":1,""Clock"":1,""Pair"":3}",6,3,6,3,5,5,5,5
321 221 BigClock Clock Pair,"{""321"":1,""221"":1,""BigClock"":1,""Clock"":1,""Pair"":1}",6,3,6,3,9,9,9,9
321 221 BigClock Pair,"{""321"":1,""221"":1,""BigClock"":1,""Pair"":1}",6,3,6,3,11,11,11,11
321 221 Clock,"{""321"":1,""221"":1,""Clock"":1}",5,4,5,4,14,14,14,14
321 221 Clock 2xPair,"{""321"":1,""221"":1,""Clock"":1,""Pair"":2}",5,4,5,4,10,10,10,10
321 221 Clock 3xPair,"{""321"":1,""221"":1,""Clock"":1,""Pair"":3}",6,4,6,4,8,8,8,8
321 221 Clock 4xPair,"{""321"":1,""221"":1,""Clock"":1,""Pair"":4}",4,3,4,3,6,6,6,6
321 221 Clock Pair,"{""321"":1,""221"":1,""Clock"":1,""Pair"":1}",5,4,5,4,12,12,12,12
321 221 Pair,"{""321"":1,""221"":1,""Pair"":1}",2,2,2,2,14,14,14,14
321 221Core,"{""321"":1,""221Core"":1}",2,2,2,2,17,17,17,17
321 221Core 2xClock,"{""321"":1,""221Core"":1,""Clock"":2}",6,4,6,4,13,13,13,13
321 221Core 2xClock 2xPair,"{""321"":1,""221Core"":1,""Clock"":2,""Pair"":2}",6,4,6,4,9,9,9,9
321 221Core 2xClock 3xPair,"{""321"":1,""221Core"":1,""Clock"":2,""Pair"":3}",6,4,6,4,7,7,7,7
321 221Core 2xClock 4xPair,"{""321"":1,""221Core"":1,""Clock"":2,""Pair"":4}",15,10,15,10,5,5,5,5
321 221Core 2xClock Pair,"{""321"":1,""221Core"":1,""Clock"":2,""Pair"":1}",6,4,6,4,11,11,11,11
321 221Core 2xPair,"{""321"":1,""221Core"":1,""Pair"":2}",2,2,2,2,13,13,13,13
321 221Core 311,"{""321"":1,""221Core"":1,""311"":1}",2,2,2,2,14,14,14,14
321 221Core 311 2xClock,"{""321"":1,""221Core"":1,""311"":1,""Clock"":2}",6,4,6,4,10,10,10,10
321 221Core 311 2xClock 2xPair,"{""321"":1,""221Core"":1,""311"":1,""Clock"":2,""Pair"":2}",6,4,6,4,6,6,6,6
321 221Core 311 2xClock Pair,"{""321"":1,""221Core"":1,""311"":1,""Clock"":2,""Pair"":1}",9,5,9,5,8,8,8,8
321 221Core 311 2xPair,"{""321"":1,""221Core"":1,""311"":1,""Pair"":2}",2,2,2,2,10,10,10,10
321 221Core 311 3xClock,"{""321"":1,""221Core"":1,""311"":1,""Clock"":3}",2,2,2,2,8,8,8,8
321 221Core 311 3xClock 2xPair,"{""321"":1,""221Core"":1,""311"":1,""Clock"":3,""Pair"":2}",3,3,3,3,4,4,4,4
321 221Core 311 3xClock 3xPair,"{""321"":1,""221Core"":1,""311"":1,""Clock"":3,""Pair"":3}",2,1,2,1,2,2,2,2
321 221Core 311 3xClock Pair,"{""321"":1,""221Core"":1,""311"":1,""Clock"":3,""Pair"":1}",2,1,2,1,6,6,6,6
321 221Core 311 BigClock,"{""321"":1,""221Core"":1,""311"":1,""BigClock"":1}",1,1,1,1,11,11,11,11
321 221Core 311 BigClock 2xClock,"{""321"":1,""221Core"":1,""311"":1,""BigClock"":1,""Clock"":2}",1,1,1,1,7,7,7,7
321 221Core 311 BigClock 2xClock 2xPair,"{""321"":1,""221Core"":1,""311"":1,""BigClock"":1,""Clock"":2,""Pair"":2}",1,1,1,1,3,3,3,3
321 221Core 311 BigClock 2xPair,"{""321"":1,""221Core"":1,""311"":1,""BigClock"":1,""Pair"":2}",1,1,1,1,7,7,7,7
321 221Core 311 BigClock Clock,"{""321"":1,""221Core"":1,""311"":1,""BigClock"":1,""Clock"":1}",2,1,2,1,9,9,9,9
321 221Core 311 BigClock Clock 2xPair,"{""321"":1,""221Core"":1,""311"":1,""BigClock"":1,""Clock"":1,""Pair"":2}",2,1,2,1,5,5,5,5
321 221Core 311 Clock,"{""321"":1,""221Core"":1,""311"":1,""Clock"":1}",6,4,6,4,12,12,12,12
321 221Core 311 Clock 2xPair,"{""321"":1,""221Core"":1,""311"":1,""Clock"":1,""Pair"":2}",6,4,6,4,8,8,8,8
321 221Core 311 Clock Pair,"{""321"":1,""221Core"":1,""311"":1,""Clock"":1,""Pair"":1}",10,5,10,5,10,10,10,10
321 221Core 311 Pair,"{""321"":1,""221Core"":1,""311"":1,""Pair"":1}",3,2,3,2,12,12,12,12
321 221Core 3x311 BigClock,"{""321"":1,""221Core"":1,""311"":3,""BigClock"":1}",1,1,1,1,5,5,5,5
321 221Core 3x311 BigClock 2xClock,"{""321"":1,""221Core"":1,""311"":3,""BigClock"":1,""Clock"":2}",1,1,1,1,1,1,1,1
321 221Core 3x311 BigClock Clock,"{""321"":1,""221Core"":1,""311"":3,""BigClock"":1,""Clock"":1}",2,1,2,1,3,3,3,3
321 221Core 3xClock,"{""321"":1,""221Core"":1,""Clock"":3}",2,2,2,2,11,11,11,11
321 221Core 3xClock 2xPair,"{""321"":1,""221Core"":1,""Clock"":3,""Pair"":2}",2,2,2,2,7,7,7,7
321 221Core 3xClock 3xPair,"{""321"":1,""221Core"":1,""Clock"":3,""Pair"":3}",4,2,4,2,5,5,5,5
321 221Core 3xClock 4xPair,"{""321"":1,""221Core"":1,""Clock"":3,""Pair"":4}",8,6,8,6,3,3,3,3
321 221Core 3xClock 5xPair,"{""321"":1,""221Core"":1,""Clock"":3,""Pair"":5}",5,3,5,3,1,1,1,1
321 221Core 3xClock Pair,"{""321"":1,""221Core"":1,""Clock"":3,""Pair"":1}",2,2,2,2,9,9,9,9
321 221Core 3xPair,"{""321"":1,""221Core"":1,""Pair"":3}",2,2,2,2,11,11,11,11
321 221Core 4xPair,"{""321"":1,""221Core"":1,""Pair"":4}",3,3,3,3,9,9,9,9
321 221Core BigClock,"{""321"":1,""221Core"":1,""BigClock"":1}",1,1,1,1,14,14,14,14
321 221Core BigClock 2xClock,"{""321"":1,""221Core"":1,""BigClock"":1,""Clock"":2}",1,1,1,1,10,10,10,10
321 221Core BigClock 2xClock 2xPair,"{""321"":1,""221Core"":1,""BigClock"":1,""Clock"":2,""Pair"":2}",3,2,3,2,6,6,6,6
321 221Core BigClock 2xClock 3xPair,"{""321"":1,""221Core"":1,""BigClock"":1,""Clock"":2,""Pair"":3}",2,1,2,1,4,4,4,4
321 221Core BigClock 2xClock Pair,"{""321"":1,""221Core"":1,""BigClock"":1,""Clock"":2,""Pair"":1}",2,1,2,1,8,8,8,8
321 221Core BigClock 2xPair,"{""321"":1,""221Core"":1,""BigClock"":1,""Pair"":2}",3,2,3,2,10,10,10,10
321 221Core BigClock 3xPair,"{""321"":1,""221Core"":1,""BigClock"":1,""Pair"":3}",2,1,2,1,8,8,8,8
321 221Core BigClock Clock,"{""321"":1,""221Core"":1,""BigClock"":1,""Clock"":1}",2,1,2,1,12,12,12,12
321 221Core BigClock Clock 2xPair,"{""321"":1,""221Core"":1,""BigClock"":1,""Clock"":1,""Pair"":2}",6,3,6,3,8,8,8,8
321 221Core BigClock Clock 3xPair,"{""321"":1,""221Core"":1,""BigClock"":1,""Clock"":1,""Pair"":3}",4,2,4,2,6,6,6,6
321 221Core BigClock Clock Pair,"{""321"":1,""221Core"":1,""BigClock"":1,""Clock"":1,""Pair"":1}",4,2,4,2,10,10,10,10
321 221Core BigClock Pair,"{""321"":1,""221Core"":1,""BigClock"":1,""Pair"":1}",2,1,2,1,12,12,12,12
321 221Core Clock,"{""321"":1,""221Core"":1,""Clock"":1}",6,4,6,4,15,15,15,15
321 221Core Clock 2xPair,"{""321"":1,""221Core"":1,""Clock"":1,""Pair"":2}",6,4,6,4,11,11,11,11
321 221Core Clock 3xPair,"{""321"":1,""221Core"":1,""Clock"":1,""Pair"":3}",6,4,6,4,9,9,9,9
321 221Core Clock 4xPair,"{""321"":1,""221Core"":1,""Clock"":1,""Pair"":4}",10,6,10,6,7,7,7,7
321 221Core Clock Pair,"{""321"":1,""221Core"":1,""Clock"":1,""Pair"":1}",6,4,6,4,13,13,13,13
321 221Core Pair,"{""321"":1,""221Core"":1,""Pair"":1}",2,2,2,2,15,15,15,15
321 2x221,"{""321"":1,""221"":2}",3,3,3,3,12,12,12,12
321 2x221 221Core,"{""321"":1,""221"":2,""221Core"":1}",5,3,5,3,9,9,9,9
321 2x221 221Core 2xPair,"{""321"":1,""221"":2,""221Core"":1,""Pair"":2}",7,4,7,4,5,5,5,5
321 2x221 221Core 311,"{""321"":1,""221"":2,""221Core"":1,""311"":1}",1,1,1,1,6,6,6,6
321 2x221 221Core 311 Clock 2xPair,"{""321"":1,""221"":2,""221Core"":1,""311"":1,""Clock"":1,""Pair"":2}",3,2,3,2,0,0,0,0
321 2x221 221Core 311 Clock Pair,"{""321"":1,""221"":2,""221Core"":1,""311"":1,""Clock"":1,""Pair"":1}",2,1,2,1,2,2,2,2
321 2x221 221Core Clock,"{""321"":1,""221"":2,""221Core"":1,""Clock"":1}",5,3,5,3,7,7,7,7
321 2x221 221Core Clock 2xPair,"{""321"":1,""221"":2,""221Core"":1,""Clock"":1,""Pair"":2}",16,9,16,9,3,3,3,3
321 2x221 221Core Clock 3xPair,"{""321"":1,""221"":2,""221Core"":1,""Clock"":1,""Pair"":3}",8,4,8,4,1,1,1,1
321 2x221 221Core Clock Pair,"{""321"":1,""221"":2,""221Core"":1,""Clock"":1,""Pair"":1}",12,6,12,6,5,5,5,5
321 2x221 221Core Pair,"{""321"":1,""221"":2,""221Core"":1,""Pair"":1}",5,3,5,3,7,7,7,7
321 2x221 2xClock,"{""321"":1,""221"":2,""Clock"":2}",3,3,3,3,8,8,8,8
321 2x221 2xClock 2xPair,"{""321"":1,""221"":2,""Clock"":2,""Pair"":2}",6,4,6,4,4,4,4,4
321 2x221 2xClock 3xPair,"{""321"":1,""221"":2,""Clock"":2,""Pair"":3}",4,2,4,2,2,2,2,2
321 2x221 2xClock Pair,"{""321"":1,""221"":2,""Clock"":2,""Pair"":1}",6,4,6,4,6,6,6,6
321 2x221 2xPair,"{""321"":1,""221"":2,""Pair"":2}",2,2,2,2,8,8,8,8
321 2x221 Clock,"{""321"":1,""221"":2,""Clock"":1}",5,3,5,3,10,10,10,10
321 2x221 Clock 2xPair,"{""321"":1,""221"":2,""Clock"":1,""Pair"":2}",5,3,5,3,6,6,6,6
321 2x221 Clock Pair,"{""321"":1,""221"":2,""Clock"":1,""Pair"":1}",5,3,5,3,8,8,8,8
321 2x221 Pair,"{""321"":1,""221"":2,""Pair"":1}",3,3,3,3,10,10,10,10
321 2xBigClock,"{""321"":1,""BigClock"":2}",2,2,2,2,14,14,14,14
321 2xBigClock 2xPair,"{""321"":1,""BigClock"":2,""Pair"":2}",6,4,6,4,10,10,10,10
321 2xBigClock 3xPair,"{""321"":1,""BigClock"":2,""Pair"":3}",4,2,4,2,8,8,8,8
321 2xBigClock Clock,"{""321"":1,""BigClock"":2,""Clock"":1}",2,2,2,2,12,12,12,12
321 2xBigClock Clock 2xPair,"{""321"":1,""BigClock"":2,""Clock"":1,""Pair"":2}",6,4,6,4,8,8,8,8
321 2xBigClock Clock 3xPair,"{""321"":1,""BigClock"":2,""Clock"":1,""Pair"":3}",4,2,4,2,6,6,6,6
321 2xBigClock Clock 4xPair,"{""321"":1,""BigClock"":2,""Clock"":1,""Pair"":4}",2,2,2,2,4,4,4,4
321 2xBigClock Clock Pair,"{""321"":1,""BigClock"":2,""Clock"":1,""Pair"":1}",4,2,4,2,10,10,10,10
321 2xBigClock Pair,"{""321"":1,""BigClock"":2,""Pair"":1}",4,2,4,2,12,12,12,12
321 2xClock,"{""321"":1,""Clock"":2}",3,3,3,3,16,16,16,16
321 2xClock 2xPair,"{""321"":1,""Clock"":2,""Pair"":2}",3,3,3,3,12,12,12,12
321 2xClock 3xPair,"{""321"":1,""Clock"":2,""Pair"":3}",3,3,3,3,10,10,10,10
321 2xClock 4xPair,"{""321"":1,""Clock"":2,""Pair"":4}",3,3,3,3,8,8,8,8
321 2xClock 5xPair,"{""321"":1,""Clock"":2,""Pair"":5}",7,4,7,4,6,6,6,6
321 2xClock Pair,"{""321"":1,""Clock"":2,""Pair"":1}",3,3,3,3,14,14,14,14
321 2xPair,"{""321"":1,""Pair"":2}",1,1,1,1,16,16,16,16
321 311,"{""321"":1,""311"":1}",1,1,1,1,17,17,17,17
321 311 2xBigClock,"{""321"":1,""311"":1,""BigClock"":2}",2,2,2,2,11,11,11,11
321 311 2xBigClock 2xPair,"{""321"":1,""311"":1,""BigClock"":2,""Pair"":2}",2,2,2,2,7,7,7,7
321 311 2xBigClock Clock,"{""321"":1,""311"":1,""BigClock"":2,""Clock"":1}",2,2,2,2,9,9,9,9
321 311 2xBigClock Clock 2xPair,"{""321"":1,""311"":1,""BigClock"":2,""Clock"":1,""Pair"":2}",2,2,2,2,5,5,5,5
321 311 2xClock,"{""321"":1,""311"":1,""Clock"":2}",5,5,5,5,13,13,13,13
321 311 2xClock 2xPair,"{""321"":1,""311"":1,""Clock"":2,""Pair"":2}",11,9,11,9,9,9,9,9
321 311 2xClock 3xPair,"{""321"":1,""311"":1,""Clock"":2,""Pair"":3}",2,1,2,1,7,7,7,7
321 311 2xClock Pair,"{""321"":1,""311"":1,""Clock"":2,""Pair"":1}",10,6,10,6,11,11,11,11
321 311 2xPair,"{""321"":1,""311"":1,""Pair"":2}",2,2,2,2,13,13,13,13
321 311 3xClock,"{""321"":1,""311"":1,""Clock"":3}",6,5,6,5,11,11,11,11
321 311 3xClock 2xPair,"{""321"":1,""311"":1,""Clock"":3,""Pair"":2}",10,7,10,7,7,7,7,7
321 311 3xClock 3xPair,"{""321"":1,""311"":1,""Clock"":3,""Pair"":3}",4,2,4,2,5,5,5,5
321 311 3xClock Pair,"{""321"":1,""311"":1,""Clock"":3,""Pair"":1}",10,5,10,5,9,9,9,9
321 311 4xClock,"{""321"":1,""311"":1,""Clock"":4}",3,3,3,3,9,9,9,9
321 311 4xClock 2xPair,"{""321"":1,""311"":1,""Clock"":4,""Pair"":2}",3,2,3,2,5,5,5,5
321 311 4xClock 3xPair,"{""321"":1,""311"":1,""Clock"":4,""Pair"":3}",2,1,2,1,3,3,3,3
321 311 4xClock 4xPair,"{""321"":1,""311"":1,""Clock"":4,""Pair"":4}",2,2,2,2,1,1,1,1
321 311 4xClock Pair,"{""321"":1,""311"":1,""Clock"":4,""Pair"":1}",4,2,4,2,7,7,7,7
321 311 BigClock,"{""321"":1,""311"":1,""BigClock"":1}",2,2,2,2,14,14,14,14
321 311 BigClock 2xClock,"{""321"":1,""311"":1,""BigClock"":1,""Clock"":2}",3,3,3,3,10,10,10,10
321 311 BigClock 2xClock 2xPair,"{""321"":1,""311"":1,""BigClock"":1,""Clock"":2,""Pair"":2}",3,3,3,3,6,6,6,6
321 311 BigClock 2xPair,"{""321"":1,""311"":1,""BigClock"":1,""Pair"":2}",2,2,2,2,10,10,10,10
321 311 BigClock 3xClock,"{""321"":1,""311"":1,""BigClock"":1,""Clock"":3}",1,1,1,1,8,8,8,8
321 311 BigClock 3xClock 2xPair,"{""321"":1,""311"":1,""BigClock"":1,""Clock"":3,""Pair"":2}",1,1,1,1,4,4,4,4
321 311 BigClock Clock,"{""321"":1,""311"":1,""BigClock"":1,""Clock"":1}",3,3,3,3,12,12,12,12
321 311 BigClock Clock 2xPair,"{""321"":1,""311"":1,""BigClock"":1,""Clock"":1,""Pair"":2}",3,3,3,3,8,8,8,8
321 311 Clock,"{""321"":1,""311"":1,""Clock"":1}",2,2,2,2,15,15,15,15
321 311 Clock 2xPair,"{""321"":1,""311"":1,""Clock"":1,""Pair"":2}",5,4,5,4,11,11,11,11
321 311 Clock 3xPair,"{""321"":1,""311"":1,""Clock"":1,""Pair"":3}",2,1,2,1,9,9,9,9
321 311 Clock Pair,"{""321"":1,""311"":1,""Clock"":1,""Pair"":1}",3,2,3,2,13,13,13,13
321 311 Pair,"{""321"":1,""311"":1,""Pair"":1}",1,1,1,1,15,15,15,15
321 321Core,"{""321"":1,""321Core"":1}",2,2,2,2,15,15,15,15
321 321Core 221,"{""321"":1,""321Core"":1,""221"":1}",3,3,3,3,11,11,11,11
321 321Core 221 2xPair,"{""321"":1,""321Core"":1,""221"":1,""Pair"":2}",9,6,9,6,7,7,7,7
321 321Core 221 311 BigClock 2xPair,"{""321"":1,""321Core"":1,""221"":1,""311"":1,""BigClock"":1,""Pair"":2}",3,3,3,3,1,1,1,1
321 321Core 221 3xPair,"{""321"":1,""321Core"":1,""221"":1,""Pair"":3}",6,3,6,3,5,5,5,5
321 321Core 221 BigClock,"{""321"":1,""321Core"":1,""221"":1,""BigClock"":1}",3,3,3,3,8,8,8,8
321 321Core 221 BigClock 2xPair,"{""321"":1,""321Core"":1,""221"":1,""BigClock"":1,""Pair"":2}",3,3,3,3,4,4,4,4
321 321Core 221 BigClock 3xPair,"{""321"":1,""321Core"":1,""221"":1,""BigClock"":1,""Pair"":3}",6,3,6,3,2,2,2,2
321 321Core 221 BigClock Pair,"{""321"":1,""321Core"":1,""221"":1,""BigClock"":1,""Pair"":1}",6,3,6,3,6,6,6,6
321 321Core 221 Clock,"{""321"":1,""321Core"":1,""221"":1,""Clock"":1}",3,3,3,3,9,9,9,9
321 321Core 221 Clock 2xPair,"{""321"":1,""321Core"":1,""221"":1,""Clock"":1,""Pair"":2}",12,9,12,9,5,5,5,5
321 321Core 221 Clock 3xPair,"{""321"":1,""321Core"":1,""221"":1,""Clock"":1,""Pair"":3}",12,6,12,6,3,3,3,3
321 321Core 221 Clock 4xPair,"{""321"":1,""321Core"":1,""221"":1,""Clock"":1,""Pair"":4}",3,3,3,3,1,1,1,1
321 321Core 221 Clock Pair,"{""321"":1,""321Core"":1,""221"":1,""Clock"":1,""Pair"":1}",6,3,6,3,7,7,7,7
321 321Core 221 Pair,"{""321"":1,""321Core"":1,""221"":1,""Pair"":1}",6,3,6,3,9,9,9,9
321 321Core 2x221,"{""321"":1,""321Core"":1,""221"":2}",2,2,2,2,7,7,7,7
321 321Core 2x221 2xPair,"{""321"":1,""321Core"":1,""221"":2,""Pair"":2}",3,2,3,2,3,3,3,3
321 321Core 2x221 3xPair,"{""321"":1,""321Core"":1,""221"":2,""Pair"":3}",4,2,4,2,1,1,1,1
321 321Core 2x221 Pair,"{""321"":1,""321Core"":1,""221"":2,""Pair"":1}",4,2,4,2,5,5,5,5
321 321Core 2xClock,"{""321"":1,""321Core"":1,""Clock"":2}",2,2,2,2,11,11,11,11
321 321Core 2xClock 2xPair,"{""321"":1,""321Core"":1,""Clock"":2,""Pair"":2}",6,4,6,4,7,7,7,7
321 321Core 2xClock 3xPair,"{""321"":1,""321Core"":1,""Clock"":2,""Pair"":3}",12,6,12,6,5,5,5,5
321 321Core 2xClock 4xPair,"{""321"":1,""321Core"":1,""Clock"":2,""Pair"":4}",11,7,11,7,3,3,3,3
321 321Core 2xClock 5xPair,"{""321"":1,""321Core"":1,""Clock"":2,""Pair"":5}",4,2,4,2,1,1,1,1
321 321Core 2xClock Pair,"{""321"":1,""321Core"":1,""Clock"":2,""Pair"":1}",4,2,4,2,9,9,9,9
321 321Core 2xPair,"{""321"":1,""321Core"":1,""Pair"":2}",6,4,6,4,11,11,11,11
321 321Core 311,"{""321"":1,""321Core"":1,""311"":1}",2,2,2,2,12,12,12,12
321 321Core 311 2xClock,"{""321"":1,""321Core"":1,""311"":1,""Clock"":2}",2,2,2,2,8,8,8,8
321 321Core 311 2xClock 2xPair,"{""321"":1,""321Core"":1,""311"":1,""Clock"":2,""Pair"":2}",3,2,3,2,4,4,4,4
321 321Core 311 2xPair,"{""321"":1,""321Core"":1,""311"":1,""Pair"":2}",2,2,2,2,8,8,8,8
321 321Core 311 BigClock,"{""321"":1,""321Core"":1,""311"":1,""BigClock"":1}",3,3,3,3,9,9,9,9
321 321Core 311 BigClock 2xPair,"{""321"":1,""321Core"":1,""311"":1,""BigClock"":1,""Pair"":2}",3,3,3,3,5,5,5,5
321 321Core 311 BigClock Clock,"{""321"":1,""321Core"":1,""311"":1,""BigClock"":1,""Clock"":1}",3,3,3,3,7,7,7,7
321 321Core 311 BigClock Clock 2xPair,"{""321"":1,""321Core"":1,""311"":1,""BigClock"":1,""Clock"":1,""Pair"":2}",3,3,3,3,3,3,3,3
321 321Core 311 Clock,"{""321"":1,""321Core"":1,""311"":1,""Clock"":1}",3,3,3,3,10,10,10,10
321 321Core 311 Clock 2xPair,"{""321"":1,""321Core"":1,""311"":1,""Clock"":1,""Pair"":2}",3,3,3,3,6,6,6,6
321 321Core 3x311 2xBigClock,"{""321"":1,""321Core"":1,""311"":3,""BigClock"":2}",2,2,2,2,0,0,0,0
321 321Core 3xPair,"{""321"":1,""321Core"":1,""Pair"":3}",8,4,8,4,9,9,9,9
321 321Core 4xPair,"{""321"":1,""321Core"":1,""Pair"":4}",4,4,4,4,7,7,7,7
321 321Core BigClock,"{""321"":1,""321Core"":1,""BigClock"":1}",3,3,3,3,12,12,12,12
321 321Core BigClock 2xPair,"{""321"":1,""321Core"":1,""BigClock"":1,""Pair"":2}",9,6,9,6,8,8,8,8
321 321Core BigClock 3xPair,"{""321"":1,""321Core"":1,""BigClock"":1,""Pair"":3}",6,3,6,3,6,6,6,6
321 321Core BigClock Clock,"{""321"":1,""321Core"":1,""BigClock"":1,""Clock"":1}",3,3,3,3,10,10,10,10
321 321Core BigClock Clock 2xPair,"{""321"":1,""321Core"":1,""BigClock"":1,""Clock"":1,""Pair"":2}",9,6,9,6,6,6,6,6
321 321Core BigClock Clock 3xPair,"{""321"":1,""321Core"":1,""BigClock"":1,""Clock"":1,""Pair"":3}",6,3,6,3,4,4,4,4
321 321Core BigClock Clock 4xPair,"{""321"":1,""321Core"":1,""BigClock"":1,""Clock"":1,""Pair"":4}",3,3,3,3,2,2,2,2
321 321Core BigClock Clock Pair,"{""321"":1,""321Core"":1,""BigClock"":1,""Clock"":1,""Pair"":1}",6,3,6,3,8,8,8,8
321 321Core BigClock Pair,"{""321"":1,""321Core"":1,""BigClock"":1,""Pair"":1}",6,3,6,3,10,10,10,10
321 321Core Clock,"{""321"":1,""321Core"":1,""Clock"":1}",3,3,3,3,13,13,13,13
321 321Core Clock 2xPair,"{""321"":1,""321Core"":1,""Clock"":1,""Pair"":2}",9,6,9,6,9,9,9,9
321 321Core Clock 3xPair,"{""321"":1,""321Core"":1,""Clock"":1,""Pair"":3}",12,6,12,6,7,7,7,7
321 321Core Clock 4xPair,"{""321"":1,""321Core"":1,""Clock"":1,""Pair"":4}",12,9,12,9,5,5,5,5
321 321Core Clock Pair,"{""321"":1,""321Core"":1,""Clock"":1,""Pair"":1}",6,3,6,3,11,11,11,11
321 321Core Pair,"{""321"":1,""321Core"":1,""Pair"":1}",4,2,4,2,13,13,13,13
321 3x221 221Core,"{""321"":1,""221"":3,""221Core"":1}",1,1,1,1,5,5,5,5
321 3x221 221Core 2xPair,"{""321"":1,""221"":3,""221Core"":1,""Pair"":2}",1,1,1,1,1,1,1,1
321 3x221 221Core Pair,"{""321"":1,""221"":3,""221Core"":1,""Pair"":1}",2,1,2,1,3,3,3,3
321 3x311 3xBigClock,"{""321"":1,""311"":3,""BigClock"":3}",1,1,1,1,2,2,2,2
321 3x311 BigClock,"{""321"":1,""311"":3,""BigClock"":1}",1,1,1,1,8,8,8,8
321 3x311 BigClock 2xClock,"{""321"":1,""311"":3,""BigClock"":1,""Clock"":2}",2,2,2,2,4,4,4,4
321 3x311 BigClock 3xClock,"{""321"":1,""311"":3,""BigClock"":1,""Clock"":3}",1,1,1,1,2,2,2,2
321 3x311 BigClock Clock,"{""321"":1,""311"":3,""BigClock"":1,""Clock"":1}",1,1,1,1,6,6,6,6
321 3xClock,"{""321"":1,""Clock"":3}",3,3,3,3,14,14,14,14
321 3xClock 2xPair,"{""321"":1,""Clock"":3,""Pair"":2}",3,3,3,3,10,10,10,10
321 3xClock 3xPair,"{""321"":1,""Clock"":3,""Pair"":3}",3,3,3,3,8,8,8,8
321 3xClock 4xPair,"{""321"":1,""Clock"":3,""Pair"":4}",3,3,3,3,6,6,6,6
321 3xClock 5xPair,"{""321"":1,""Clock"":3,""Pair"":5}",7,4,7,4,4,4,4,4
321 3xClock Pair,"{""321"":1,""Clock"":3,""Pair"":1}",3,3,3,3,12,12,12,12
321 3xPair,"{""321"":1,""Pair"":3}",1,1,1,1,14,14,14,14
321 4xClock,"{""321"":1,""Clock"":4}",2,2,2,2,12,12,12,12
321 4xClock 2xPair,"{""321"":1,""Clock"":4,""Pair"":2}",2,2,2,2,8,8,8,8
321 4xClock 3xPair,"{""321"":1,""Clock"":4,""Pair"":3}",3,2,3,2,6,6,6,6
321 4xClock 4xPair,"{""321"":1,""Clock"":4,""Pair"":4}",3,3,3,3,4,4,4,4
321 4xClock 5xPair,"{""321"":1,""Clock"":4,""Pair"":5}",8,4,8,4,2,2,2,2
321 4xClock Pair,"{""321"":1,""Clock"":4,""Pair"":1}",2,2,2,2,10,10,10,10
321 4xPair,"{""321"":1,""Pair"":4}",1,1,1,1,12,12,12,12
321 5xPair,"{""321"":1,""Pair"":5}",1,1,1,1,10,10,10,10
321 BigClock,"{""321"":1,""BigClock"":1}",2,2,2,2,17,17,17,17
321 BigClock 2xClock,"{""321"":1,""BigClock"":1,""Clock"":2}",3,3,3,3,13,13,13,13
321 BigClock 2xClock 2xPair,"{""321"":1,""BigClock"":1,""Clock"":2,""Pair"":2}",9,6,9,6,9,9,9,9
321 BigClock 2xClock 3xPair,"{""321"":1,""BigClock"":1,""Clock"":2,""Pair"":3}",14,7,14,7,7,7,7,7
321 BigClock 2xClock 4xPair,"{""321"":1,""BigClock"":1,""Clock"":2,""Pair"":4}",8,5,8,5,5,5,5,5
321 BigClock 2xClock Pair,"{""321"":1,""BigClock"":1,""Clock"":2,""Pair"":1}",6,3,6,3,11,11,11,11
321 BigClock 2xPair,"{""321"":1,""BigClock"":1,""Pair"":2}",6,4,6,4,13,13,13,13
321 BigClock 3xClock,"{""321"":1,""BigClock"":1,""Clock"":3}",1,1,1,1,11,11,11,11
321 BigClock 3xClock 2xPair,"{""321"":1,""BigClock"":1,""Clock"":3,""Pair"":2}",3,2,3,2,7,7,7,7
321 BigClock 3xClock 3xPair,"{""321"":1,""BigClock"":1,""Clock"":3,""Pair"":3}",2,1,2,1,5,5,5,5
321 BigClock 3xClock Pair,"{""321"":1,""BigClock"":1,""Clock"":3,""Pair"":1}",2,1,2,1,9,9,9,9
321 BigClock 3xPair,"{""321"":1,""BigClock"":1,""Pair"":3}",8,4,8,4,11,11,11,11
321 BigClock 4xPair,"{""321"":1,""BigClock"":1,""Pair"":4}",2,2,2,2,9,9,9,9
321 BigClock Clock,"{""321"":1,""BigClock"":1,""Clock"":1}",3,3,3,3,15,15,15,15
321 BigClock Clock 2xPair,"{""321"":1,""BigClock"":1,""Clock"":1,""Pair"":2}",9,6,9,6,11,11,11,11
321 BigClock Clock 3xPair,"{""321"":1,""BigClock"":1,""Clock"":1,""Pair"":3}",12,6,12,6,9,9,9,9
321 BigClock Clock 4xPair,"{""321"":1,""BigClock"":1,""Clock"":1,""Pair"":4}",9,6,9,6,7,7,7,7
321 BigClock Clock Pair,"{""321"":1,""BigClock"":1,""Clock"":1,""Pair"":1}",6,3,6,3,13,13,13,13
321 BigClock Pair,"{""321"":1,""BigClock"":1,""Pair"":1}",4,2,4,2,15,15,15,15
321 Clock,"{""321"":1,""Clock"":1}",2,2,2,2,18,18,18,18
321 Clock 2xPair,"{""321"":1,""Clock"":1,""Pair"":2}",2,2,2,2,14,14,14,14
321 Clock 3xPair,"{""321"":1,""Clock"":1,""Pair"":3}",2,2,2,2,12,12,12,12
321 Clock 4xPair,"{""321"":1,""Clock"":1,""Pair"":4}",2,2,2,2,10,10,10,10
321 Clock 5xPair,"{""321"":1,""Clock"":1,""Pair"":5}",2,2,2,2,8,8,8,8
321 Clock Pair,"{""321"":1,""Clock"":1,""Pair"":1}",2,2,2,2,16,16,16,16
321 Pair,"{""321"":1,""Pair"":1}",1,1,1,1,18,18,18,18
321Core,"{""321Core"":1}",1,1,1,1,21,21,21,21
321Core 221,"{""321Core"":1,""221"":1}",2,2,2,2,17,17,17,17
321Core 221 2x311 2xBigClock 2xPair,"{""321Core"":1,""221"":1,""311"":2,""BigClock"":2,""Pair"":2}",2,2,2,2,1,1,1,1
321Core 221 2xBigClock,"{""321Core"":1,""221"":1,""BigClock"":2}",2,2,2,2,11,11,11,11
321Core 221 2xBigClock 2xPair,"{""321Core"":1,""221"":1,""BigClock"":2,""Pair"":2}",6,4,6,4,7,7,7,7
321Core 221 2xBigClock 3xPair,"{""321Core"":1,""221"":1,""BigClock"":2,""Pair"":3}",4,2,4,2,5,5,5,5
321Core 221 2xBigClock 4xPair,"{""321Core"":1,""221"":1,""BigClock"":2,""Pair"":4}",6,4,6,4,3,3,3,3
321Core 221 2xBigClock Pair,"{""321Core"":1,""221"":1,""BigClock"":2,""Pair"":1}",4,2,4,2,9,9,9,9
321Core 221 2xClock,"{""321Core"":1,""221"":1,""Clock"":2}",2,2,2,2,13,13,13,13
321Core 221 2xClock 2xPair,"{""321Core"":1,""221"":1,""Clock"":2,""Pair"":2}",6,4,6,4,9,9,9,9
321Core 221 2xClock 3xPair,"{""321Core"":1,""221"":1,""Clock"":2,""Pair"":3}",8,4,8,4,7,7,7,7
321Core 221 2xClock 4xPair,"{""321Core"":1,""221"":1,""Clock"":2,""Pair"":4}",10,6,10,6,5,5,5,5
321Core 221 2xClock 5xPair,"{""321Core"":1,""221"":1,""Clock"":2,""Pair"":5}",8,4,8,4,3,3,3,3
321Core 221 2xClock 6xPair,"{""321Core"":1,""221"":1,""Clock"":2,""Pair"":6}",6,4,6,4,1,1,1,1
321Core 221 2xClock Pair,"{""321Core"":1,""221"":1,""Clock"":2,""Pair"":1}",4,2,4,2,11,11,11,11
321Core 221 2xPair,"{""321Core"":1,""221"":1,""Pair"":2}",6,4,6,4,13,13,13,13
321Core 221 311,"{""321Core"":1,""221"":1,""311"":1}",2,2,2,2,14,14,14,14
321Core 221 311 2xBigClock,"{""321Core"":1,""221"":1,""311"":1,""BigClock"":2}",2,2,2,2,8,8,8,8
321Core 221 311 2xBigClock 2xPair,"{""321Core"":1,""221"":1,""311"":1,""BigClock"":2,""Pair"":2}",2,2,2,2,4,4,4,4
321Core 221 311 2xBigClock 3xPair,"{""321Core"":1,""221"":1,""311"":1,""BigClock"":2,""Pair"":3}",4,2,4,2,2,2,2,2
321Core 221 311 2xBigClock Pair,"{""321Core"":1,""221"":1,""311"":1,""BigClock"":2,""Pair"":1}",4,2,4,2,6,6,6,6
321Core 221 311 2xClock,"{""321Core"":1,""221"":1,""311"":1,""Clock"":2}",2,2,2,2,10,10,10,10
321Core 221 311 2xClock 2xPair,"{""321Core"":1,""221"":1,""311"":1,""Clock"":2,""Pair"":2}",6,4,6,4,6,6,6,6
321Core 221 311 2xClock 3xPair,"{""321Core"":1,""221"":1,""311"":1,""Clock"":2,""Pair"":3}",4,2,4,2,4,4,4,4
321Core 221 311 2xClock Pair,"{""321Core"":1,""221"":1,""311"":1,""Clock"":2,""Pair"":1}",4,2,4,2,8,8,8,8
321Core 221 311 2xPair,"{""321Core"":1,""221"":1,""311"":1,""Pair"":2}",6,4,6,4,10,10,10,10
321Core 221 311 3xPair,"{""321Core"":1,""221"":1,""311"":1,""Pair"":3}",4,2,4,2,8,8,8,8
321Core 221 311 BigClock,"{""321Core"":1,""221"":1,""311"":1,""BigClock"":1}",3,3,3,3,11,11,11,11
321Core 221 311 BigClock 2xPair,"{""321Core"":1,""221"":1,""311"":1,""BigClock"":1,""Pair"":2}",9,6,9,6,7,7,7,7
321Core 221 311 BigClock 3xPair,"{""321Core"":1,""221"":1,""311"":1,""BigClock"":1,""Pair"":3}",6,3,6,3,5,5,5,5
321Core 221 311 BigClock Clock,"{""321Core"":1,""221"":1,""311"":1,""BigClock"":1,""Clock"":1}",3,3,3,3,9,9,9,9
321Core 221 311 BigClock Clock 2xPair,"{""321Core"":1,""221"":1,""311"":1,""BigClock"":1,""Clock"":1,""Pair"":2}",12,9,12,9,5,5,5,5
321Core 221 311 BigClock Clock 3xPair,"{""321Core"":1,""221"":1,""311"":1,""BigClock"":1,""Clock"":1,""Pair"":3}",12,6,12,6,3,3,3,3
321Core 221 311 BigClock Clock 4xPair,"{""321Core"":1,""221"":1,""311"":1,""BigClock"":1,""Clock"":1,""Pair"":4}",3,3,3,3,1,1,1,1
321Core 221 311 BigClock Clock Pair,"{""321Core"":1,""221"":1,""311"":1,""BigClock"":1,""Clock"":1,""Pair"":1}",6,3,6,3,7,7,7,7
321Core 221 311 BigClock Pair,"{""321Core"":1,""221"":1,""311"":1,""BigClock"":1,""Pair"":1}",6,3,6,3,9,9,9,9
321Core 221 311 Clock,"{""321Core"":1,""221"":1,""311"":1,""Clock"":1}",3,3,3,3,12,12,12,12
321Core 221 311 Clock 2xPair,"{""321Core"":1,""221"":1,""311"":1,""Clock"":1,""Pair"":2}",9,6,9,6,8,8,8,8
321Core 221 311 Clock 3xPair,"{""321Core"":1,""221"":1,""311"":1,""Clock"":1,""Pair"":3}",6,3,6,3,6,6,6,6
321Core 221 311 Clock Pair,"{""321Core"":1,""221"":1,""311"":1,""Clock"":1,""Pair"":1}",6,3,6,3,10,10,10,10
321Core 221 311 Pair,"{""321Core"":1,""221"":1,""311"":1,""Pair"":1}",4,2,4,2,12,12,12,12
321Core 221 3xPair,"{""321Core"":1,""221"":1,""Pair"":3}",8,4,8,4,11,11,11,11
321Core 221 4xPair,"{""321Core"":1,""221"":1,""Pair"":4}",10,6,10,6,9,9,9,9
321Core 221 5xPair,"{""321Core"":1,""221"":1,""Pair"":5}",8,4,8,4,7,7,7,7
321Core 221 BigClock,"{""321Core"":1,""221"":1,""BigClock"":1}",3,3,3,3,14,14,14,14
321Core 221 BigClock 2xPair,"{""321Core"":1,""221"":1,""BigClock"":1,""Pair"":2}",9,6,9,6,10,10,10,10
321Core 221 BigClock 3xPair,"{""321Core"":1,""221"":1,""BigClock"":1,""Pair"":3}",12,6,12,6,8,8,8,8
321Core 221 BigClock 4xPair,"{""321Core"":1,""221"":1,""BigClock"":1,""Pair"":4}",9,6,9,6,6,6,6,6
321Core 221 BigClock Clock,"{""321Core"":1,""221"":1,""BigClock"":1,""Clock"":1}",3,3,3,3,12,12,12,12
321Core 221 BigClock Clock 2xPair,"{""321Core"":1,""221"":1,""BigClock"":1,""Clock"":1,""Pair"":2}",9,6,9,6,8,8,8,8
321Core 221 BigClock Clock 3xPair,"{""321Core"":1,""221"":1,""BigClock"":1,""Clock"":1,""Pair"":3}",12,6,12,6,6,6,6,6
321Core 221 BigClock Clock 4xPair,"{""321Core"":1,""221"":1,""BigClock"":1,""Clock"":1,""Pair"":4}",9,6,9,6,4,4,4,4
321Core 221 BigClock Clock 5xPair,"{""321Core"":1,""221"":1,""BigClock"":1,""Clock"":1,""Pair"":5}",6,3,6,3,2,2,2,2
321Core 221 BigClock Clock Pair,"{""321Core"":1,""221"":1,""BigClock"":1,""Clock"":1,""Pair"":1}",6,3,6,3,10,10,10,10
321Core 221 BigClock Pair,"{""321Core"":1,""221"":1,""BigClock"":1,""Pair"":1}",6,3,6,3,12,12,12,12
321Core 221 Clock,"{""321Core"":1,""221"":1,""Clock"":1}",3,3,3,3,15,15,15,15
321Core 221 Clock 2xPair,"{""321Core"":1,""221"":1,""Clock"":1,""Pair"":2}",9,6,9,6,11,11,11,11
321Core 221 Clock 3xPair,"{""321Core"":1,""221"":1,""Clock"":1,""Pair"":3}",12,6,12,6,9,9,9,9
321Core 221 Clock 4xPair,"{""321Core"":1,""221"":1,""Clock"":1,""Pair"":4}",15,9,15,9,7,7,7,7
321Core 221 Clock 5xPair,"{""321Core"":1,""221"":1,""Clock"":1,""Pair"":5}",12,6,12,6,5,5,5,5
321Core 221 Clock Pair,"{""321Core"":1,""221"":1,""Clock"":1,""Pair"":1}",6,3,6,3,13,13,13,13
321Core 221 Pair,"{""321Core"":1,""221"":1,""Pair"":1}",4,2,4,2,15,15,15,15
321Core 2x221,"{""321Core"":1,""221"":2}",2,2,2,2,13,13,13,13
321Core 2x221 2xPair,"{""321Core"":1,""221"":2,""Pair"":2}",6,4,6,4,9,9,9,9
321Core 2x221 311 BigClock,"{""321Core"":1,""221"":2,""311"":1,""BigClock"":1}",2,2,2,2,7,7,7,7
321Core 2x221 311 BigClock 2xPair,"{""321Core"":1,""221"":2,""311"":1,""BigClock"":1,""Pair"":2}",3,2,3,2,3,3,3,3
321Core 2x221 311 BigClock 3xPair,"{""321Core"":1,""221"":2,""311"":1,""BigClock"":1,""Pair"":3}",4,2,4,2,1,1,1,1
321Core 2x221 311 BigClock Pair,"{""321Core"":1,""221"":2,""311"":1,""BigClock"":1,""Pair"":1}",4,2,4,2,5,5,5,5
321Core 2x221 3xPair,"{""321Core"":1,""221"":2,""Pair"":3}",8,4,8,4,7,7,7,7
321Core 2x221 4xPair,"{""321Core"":1,""221"":2,""Pair"":4}",6,4,6,4,5,5,5,5
321Core 2x221 BigClock,"{""321Core"":1,""221"":2,""BigClock"":1}",2,2,2,2,10,10,10,10
321Core 2x221 BigClock 2xPair,"{""321Core"":1,""221"":2,""BigClock"":1,""Pair"":2}",6,4,6,4,6,6,6,6
321Core 2x221 BigClock 3xPair,"{""321Core"":1,""221"":2,""BigClock"":1,""Pair"":3}",4,2,4,2,4,4,4,4
321Core 2x221 BigClock 4xPair,"{""321Core"":1,""221"":2,""BigClock"":1,""Pair"":4}",6,4,6,4,2,2,2,2
321Core 2x221 BigClock Pair,"{""321Core"":1,""221"":2,""BigClock"":1,""Pair"":1}",4,2,4,2,8,8,8,8
321Core 2x221 Clock,"{""321Core"":1,""221"":2,""Clock"":1}",2,2,2,2,11,11,11,11
321Core 2x221 Clock 2xPair,"{""321Core"":1,""221"":2,""Clock"":1,""Pair"":2}",6,4,6,4,7,7,7,7
321Core 2x221 Clock 3xPair,"{""321Core"":1,""221"":2,""Clock"":1,""Pair"":3}",8,4,8,4,5,5,5,5
321Core 2x221 Clock 4xPair,"{""321Core"":1,""221"":2,""Clock"":1,""Pair"":4}",6,4,6,4,3,3,3,3
321Core 2x221 Clock 5xPair,"{""321Core"":1,""221"":2,""Clock"":1,""Pair"":5}",4,2,4,2,1,1,1,1
321Core 2x221 Clock Pair,"{""321Core"":1,""221"":2,""Clock"":1,""Pair"":1}",4,2,4,2,9,9,9,9
321Core 2x221 Pair,"{""321Core"":1,""221"":2,""Pair"":1}",4,2,4,2,11,11,11,11
321Core 2x311,"{""321Core"":1,""311"":2}",1,1,1,1,15,15,15,15
321Core 2x311 2xBigClock,"{""321Core"":1,""311"":2,""BigClock"":2}",2,2,2,2,9,9,9,9
321Core 2x311 2xBigClock 2xPair,"{""321Core"":1,""311"":2,""BigClock"":2,""Pair"":2}",2,2,2,2,5,5,5,5
321Core 2x311 2xBigClock Clock,"{""321Core"":1,""311"":2,""BigClock"":2,""Clock"":1}",2,2,2,2,7,7,7,7
321Core 2x311 2xBigClock Clock 2xPair,"{""321Core"":1,""311"":2,""BigClock"":2,""Clock"":1,""Pair"":2}",2,2,2,2,3,3,3,3
321Core 2x311 2xClock,"{""321Core"":1,""311"":2,""Clock"":2}",2,2,2,2,11,11,11,11
321Core 2x311 2xClock 2xPair,"{""321Core"":1,""311"":2,""Clock"":2,""Pair"":2}",2,2,2,2,7,7,7,7
321Core 2x311 2xPair,"{""321Core"":1,""311"":2,""Pair"":2}",1,1,1,1,11,11,11,11
321Core 2x311 3xClock,"{""321Core"":1,""311"":2,""Clock"":3}",1,1,1,1,9,9,9,9
321Core 2x311 3xClock 2xPair,"{""321Core"":1,""311"":2,""Clock"":3,""Pair"":2}",1,1,1,1,5,5,5,5
321Core 2x311 BigClock,"{""321Core"":1,""311"":2,""BigClock"":1}",2,2,2,2,12,12,12,12
321Core 2x311 BigClock 2xClock,"{""321Core"":1,""311"":2,""BigClock"":1,""Clock"":2}",2,2,2,2,8,8,8,8
321Core 2x311 BigClock 2xClock 2xPair,"{""321Core"":1,""311"":2,""BigClock"":1,""Clock"":2,""Pair"":2}",2,2,2,2,4,4,4,4
321Core 2x311 BigClock 2xPair,"{""321Core"":1,""311"":2,""BigClock"":1,""Pair"":2}",2,2,2,2,8,8,8,8
321Core 2x311 BigClock Clock,"{""321Core"":1,""311"":2,""BigClock"":1,""Clock"":1}",3,3,3,3,10,10,10,10
321Core 2x311 BigClock Clock 2xPair,"{""321Core"":1,""311"":2,""BigClock"":1,""Clock"":1,""Pair"":2}",3,3,3,3,6,6,6,6
321Core 2x311 Clock,"{""321Core"":1,""311"":2,""Clock"":1}",2,2,2,2,13,13,13,13
321Core 2x311 Clock 2xPair,"{""321Core"":1,""311"":2,""Clock"":1,""Pair"":2}",2,2,2,2,9,9,9,9
321Core 2xBigClock,"{""321Core"":1,""BigClock"":2}",2,2,2,2,15,15,15,15
321Core 2xBigClock 2xPair,"{""321Core"":1,""BigClock"":2,""Pair"":2}",6,4,6,4,11,11,11,11
321Core 2xBigClock 3xPair,"{""321Core"":1,""BigClock"":2,""Pair"":3}",8,4,8,4,9,9,9,9
321Core 2xBigClock 4xPair,"{""321Core"":1,""BigClock"":2,""Pair"":4}",6,4,6,4,7,7,7,7
321Core 2xBigClock Clock,"{""321Core"":1,""BigClock"":2,""Clock"":1}",2,2,2,2,13,13,13,13
321Core 2xBigClock Clock 2xPair,"{""321Core"":1,""BigClock"":2,""Clock"":1,""Pair"":2}",6,4,6,4,9,9,9,9
321Core 2xBigClock Clock 3xPair,"{""321Core"":1,""BigClock"":2,""Clock"":1,""Pair"":3}",8,4,8,4,7,7,7,7
321Core 2xBigClock Clock 4xPair,"{""321Core"":1,""BigClock"":2,""Clock"":1,""Pair"":4}",6,4,6,4,5,5,5,5
321Core 2xBigClock Clock 5xPair,"{""321Core"":1,""BigClock"":2,""Clock"":1,""Pair"":5}",4,2,4,2,3,3,3,3
321Core 2xBigClock Clock Pair,"{""321Core"":1,""BigClock"":2,""Clock"":1,""Pair"":1}",4,2,4,2,11,11,11,11
321Core 2xBigClock Pair,"{""321Core"":1,""BigClock"":2,""Pair"":1}",4,2,4,2,13,13,13,13
321Core 2xClock,"{""321Core"":1,""Clock"":2}",2,2,2,2,17,17,17,17
321Core 2xClock 2xPair,"{""321Core"":1,""Clock"":2,""Pair"":2}",6,4,6,4,13,13,13,13
321Core 2xClock 3xPair,"{""321Core"":1,""Clock"":2,""Pair"":3}",8,4,8,4,11,11,11,11
321Core 2xClock 4xPair,"{""321Core"":1,""Clock"":2,""Pair"":4}",10,6,10,6,9,9,9,9
321Core 2xClock 5xPair,"{""321Core"":1,""Clock"":2,""Pair"":5}",12,6,12,6,7,7,7,7
321Core 2xClock 6xPair,"{""321Core"":1,""Clock"":2,""Pair"":6}",10,6,10,6,5,5,5,5
321Core 2xClock Pair,"{""321Core"":1,""Clock"":2,""Pair"":1}",4,2,4,2,15,15,15,15
321Core 2xPair,"{""321Core"":1,""Pair"":2}",3,2,3,2,17,17,17,17
321Core 311,"{""321Core"":1,""311"":1}",1,1,1,1,18,18,18,18
321Core 311 2xBigClock,"{""321Core"":1,""311"":1,""BigClock"":2}",2,2,2,2,12,12,12,12
321Core 311 2xBigClock 2xPair,"{""321Core"":1,""311"":1,""BigClock"":2,""Pair"":2}",6,4,6,4,8,8,8,8
321Core 311 2xBigClock 3xPair,"{""321Core"":1,""311"":1,""BigClock"":2,""Pair"":3}",4,2,4,2,6,6,6,6
321Core 311 2xBigClock Clock,"{""321Core"":1,""311"":1,""BigClock"":2,""Clock"":1}",2,2,2,2,10,10,10,10
321Core 311 2xBigClock Clock 2xPair,"{""321Core"":1,""311"":1,""BigClock"":2,""Clock"":1,""Pair"":2}",6,4,6,4,6,6,6,6
321Core 311 2xBigClock Clock 3xPair,"{""321Core"":1,""311"":1,""BigClock"":2,""Clock"":1,""Pair"":3}",4,2,4,2,4,4,4,4
321Core 311 2xBigClock Clock 4xPair,"{""321Core"":1,""311"":1,""BigClock"":2,""Clock"":1,""Pair"":4}",2,2,2,2,2,2,2,2
321Core 311 2xBigClock Clock Pair,"{""321Core"":1,""311"":1,""BigClock"":2,""Clock"":1,""Pair"":1}",4,2,4,2,8,8,8,8
321Core 311 2xBigClock Pair,"{""321Core"":1,""311"":1,""BigClock"":2,""Pair"":1}",4,2,4,2,10,10,10,10
321Core 311 2xClock,"{""321Core"":1,""311"":1,""Clock"":2}",2,2,2,2,14,14,14,14
321Core 311 2xClock 2xPair,"{""321Core"":1,""311"":1,""Clock"":2,""Pair"":2}",6,4,6,4,10,10,10,10
321Core 311 2xClock 3xPair,"{""321Core"":1,""311"":1,""Clock"":2,""Pair"":3}",8,4,8,4,8,8,8,8
321Core 311 2xClock 4xPair,"{""321Core"":1,""311"":1,""Clock"":2,""Pair"":4}",8,5,8,5,6,6,6,6
321Core 311 2xClock Pair,"{""321Core"":1,""311"":1,""Clock"":2,""Pair"":1}",4,2,4,2,12,12,12,12
321Core 311 2xPair,"{""321Core"":1,""311"":1,""Pair"":2}",3,2,3,2,14,14,14,14
321Core 311 3xClock,"{""321Core"":1,""311"":1,""Clock"":3}",1,1,1,1,12,12,12,12
321Core 311 3xClock 2xPair,"{""321Core"":1,""311"":1,""Clock"":3,""Pair"":2}",3,2,3,2,8,8,8,8
321Core 311 3xClock 3xPair,"{""321Core"":1,""311"":1,""Clock"":3,""Pair"":3}",6,3,6,3,6,6,6,6
321Core 311 3xClock 4xPair,"{""321Core"":1,""311"":1,""Clock"":3,""Pair"":4}",5,3,5,3,4,4,4,4
321Core 311 3xClock Pair,"{""321Core"":1,""311"":1,""Clock"":3,""Pair"":1}",2,1,2,1,10,10,10,10
321Core 311 3xPair,"{""321Core"":1,""311"":1,""Pair"":3}",4,2,4,2,12,12,12,12
321Core 311 4xPair,"{""321Core"":1,""311"":1,""Pair"":4}",1,1,1,1,10,10,10,10
321Core 311 BigClock,"{""321Core"":1,""311"":1,""BigClock"":1}",2,2,2,2,15,15,15,15
321Core 311 BigClock 2xClock,"{""321Core"":1,""311"":1,""BigClock"":1,""Clock"":2}",2,2,2,2,11,11,11,11
321Core 311 BigClock 2xClock 2xPair,"{""321Core"":1,""311"":1,""BigClock"":1,""Clock"":2,""Pair"":2}",6,4,6,4,7,7,7,7
321Core 311 BigClock 2xClock 3xPair,"{""321Core"":1,""311"":1,""BigClock"":1,""Clock"":2,""Pair"":3}",12,6,12,6,5,5,5,5
321Core 311 BigClock 2xClock 4xPair,"{""321Core"":1,""311"":1,""BigClock"":1,""Clock"":2,""Pair"":4}",11,7,11,7,3,3,3,3
321Core 311 BigClock 2xClock 5xPair,"{""321Core"":1,""311"":1,""BigClock"":1,""Clock"":2,""Pair"":5}",4,2,4,2,1,1,1,1
321Core 311 BigClock 2xClock Pair,"{""321Core"":1,""311"":1,""BigClock"":1,""Clock"":2,""Pair"":1}",4,2,4,2,9,9,9,9
321Core 311 BigClock 2xPair,"{""321Core"":1,""311"":1,""BigClock"":1,""Pair"":2}",6,4,6,4,11,11,11,11
321Core 311 BigClock 3xPair,"{""321Core"":1,""311"":1,""BigClock"":1,""Pair"":3}",8,4,8,4,9,9,9,9
321Core 311 BigClock 4xPair,"{""321Core"":1,""311"":1,""BigClock"":1,""Pair"":4}",4,4,4,4,7,7,7,7
321Core 311 BigClock Clock,"{""321Core"":1,""311"":1,""BigClock"":1,""Clock"":1}",3,3,3,3,13,13,13,13
321Core 311 BigClock Clock 2xPair,"{""321Core"":1,""311"":1,""BigClock"":1,""Clock"":1,""Pair"":2}",9,6,9,6,9,9,9,9
321Core 311 BigClock Clock 3xPair,"{""321Core"":1,""311"":1,""BigClock"":1,""Clock"":1,""Pair"":3}",12,6,12,6,7,7,7,7
321Core 311 BigClock Clock 4xPair,"{""321Core"":1,""311"":1,""BigClock"":1,""Clock"":1,""Pair"":4}",12,9,12,9,5,5,5,5
321Core 311 BigClock Clock Pair,"{""321Core"":1,""311"":1,""BigClock"":1,""Clock"":1,""Pair"":1}",6,3,6,3,11,11,11,11
321Core 311 BigClock Pair,"{""321Core"":1,""311"":1,""BigClock"":1,""Pair"":1}",4,2,4,2,13,13,13,13
321Core 311 Clock,"{""321Core"":1,""311"":1,""Clock"":1}",2,2,2,2,16,16,16,16
321Core 311 Clock 2xPair,"{""321Core"":1,""311"":1,""Clock"":1,""Pair"":2}",6,4,6,4,12,12,12,12
321Core 311 Clock 3xPair,"{""321Core"":1,""311"":1,""Clock"":1,""Pair"":3}",8,4,8,4,10,10,10,10
321Core 311 Clock 4xPair,"{""321Core"":1,""311"":1,""Clock"":1,""Pair"":4}",6,4,6,4,8,8,8,8
321Core 311 Clock Pair,"{""321Core"":1,""311"":1,""Clock"":1,""Pair"":1}",4,2,4,2,14,14,14,14
321Core 311 Pair,"{""321Core"":1,""311"":1,""Pair"":1}",2,1,2,1,16,16,16,16
321Core 3x221,"{""321Core"":1,""221"":3}",1,1,1,1,9,9,9,9
321Core 3x221 2xPair,"{""321Core"":1,""221"":3,""Pair"":2}",3,2,3,2,5,5,5,5
321Core 3x221 3xPair,"{""321Core"":1,""221"":3,""Pair"":3}",2,1,2,1,3,3,3,3
321Core 3x221 4xPair,"{""321Core"":1,""221"":3,""Pair"":4}",3,2,3,2,1,1,1,1
321Core 3x221 Pair,"{""321Core"":1,""221"":3,""Pair"":1}",2,1,2,1,7,7,7,7
321Core 3xClock,"{""321Core"":1,""Clock"":3}",1,1,1,1,15,15,15,15
321Core 3xClock 2xPair,"{""321Core"":1,""Clock"":3,""Pair"":2}",3,2,3,2,11,11,11,11
321Core 3xClock 3xPair,"{""321Core"":1,""Clock"":3,""Pair"":3}",4,2,4,2,9,9,9,9
321Core 3xClock 4xPair,"{""321Core"":1,""Clock"":3,""Pair"":4}",5,3,5,3,7,7,7,7
321Core 3xClock 5xPair,"{""321Core"":1,""Clock"":3,""Pair"":5}",6,3,6,3,5,5,5,5
321Core 3xClock 6xPair,"{""321Core"":1,""Clock"":3,""Pair"":6}",5,3,5,3,3,3,3,3
321Core 3xClock 7xPair,"{""321Core"":1,""Clock"":3,""Pair"":7}",4,2,4,2,1,1,1,1
321Core 3xClock Pair,"{""321Core"":1,""Clock"":3,""Pair"":1}",2,1,2,1,13,13,13,13
321Core 3xPair,"{""321Core"":1,""Pair"":3}",4,2,4,2,15,15,15,15
321Core 4x311 3xBigClock,"{""321Core"":1,""311"":4,""BigClock"":3}",1,1,1,1,0,0,0,0
321Core 4xPair,"{""321Core"":1,""Pair"":4}",5,3,5,3,13,13,13,13
321Core 5xPair,"{""321Core"":1,""Pair"":5}",6,3,6,3,11,11,11,11
321Core 6xPair,"{""321Core"":1,""Pair"":6}",5,3,5,3,9,9,9,9
321Core BigClock,"{""321Core"":1,""BigClock"":1}",2,2,2,2,18,18,18,18
321Core BigClock 2xClock,"{""321Core"":1,""BigClock"":1,""Clock"":2}",2,2,2,2,14,14,14,14
321Core BigClock 2xClock 2xPair,"{""321Core"":1,""BigClock"":1,""Clock"":2,""Pair"":2}",6,4,6,4,10,10,10,10
321Core BigClock 2xClock 3xPair,"{""321Core"":1,""BigClock"":1,""Clock"":2,""Pair"":3}",8,4,8,4,8,8,8,8
321Core BigClock 2xClock 4xPair,"{""321Core"":1,""BigClock"":1,""Clock"":2,""Pair"":4}",10,6,10,6,6,6,6,6
321Core BigClock 2xClock 5xPair,"{""321Core"":1,""BigClock"":1,""Clock"":2,""Pair"":5}",8,4,8,4,4,4,4,4
321Core BigClock 2xClock 6xPair,"{""321Core"":1,""BigClock"":1,""Clock"":2,""Pair"":6}",6,4,6,4,2,2,2,2
321Core BigClock 2xClock Pair,"{""321Core"":1,""BigClock"":1,""Clock"":2,""Pair"":1}",4,2,4,2,12,12,12,12
321Core BigClock 2xPair,"{""321Core"":1,""BigClock"":1,""Pair"":2}",6,4,6,4,14,14,14,14
321Core BigClock 3xPair,"{""321Core"":1,""BigClock"":1,""Pair"":3}",8,4,8,4,12,12,12,12
321Core BigClock 4xPair,"{""321Core"":1,""BigClock"":1,""Pair"":4}",10,6,10,6,10,10,10,10
321Core BigClock 5xPair,"{""321Core"":1,""BigClock"":1,""Pair"":5}",8,4,8,4,8,8,8,8
321Core BigClock Clock,"{""321Core"":1,""BigClock"":1,""Clock"":1}",3,3,3,3,16,16,16,16
321Core BigClock Clock 2xPair,"{""321Core"":1,""BigClock"":1,""Clock"":1,""Pair"":2}",9,6,9,6,12,12,12,12
321Core BigClock Clock 3xPair,"{""321Core"":1,""BigClock"":1,""Clock"":1,""Pair"":3}",12,6,12,6,10,10,10,10
321Core BigClock Clock 4xPair,"{""321Core"":1,""BigClock"":1,""Clock"":1,""Pair"":4}",15,9,15,9,8,8,8,8
321Core BigClock Clock 5xPair,"{""321Core"":1,""BigClock"":1,""Clock"":1,""Pair"":5}",12,6,12,6,6,6,6,6
321Core BigClock Clock Pair,"{""321Core"":1,""BigClock"":1,""Clock"":1,""Pair"":1}",6,3,6,3,14,14,14,14
321Core BigClock Pair,"{""321Core"":1,""BigClock"":1,""Pair"":1}",4,2,4,2,16,16,16,16
321Core Clock,"{""321Core"":1,""Clock"":1}",2,2,2,2,19,19,19,19
321Core Clock 2xPair,"{""321Core"":1,""Clock"":1,""Pair"":2}",6,4,6,4,15,15,15,15
321Core Clock 3xPair,"{""321Core"":1,""Clock"":1,""Pair"":3}",8,4,8,4,13,13,13,13
321Core Clock 4xPair,"{""321Core"":1,""Clock"":1,""Pair"":4}",10,6,10,6,11,11,11,11
321Core Clock 5xPair,"{""321Core"":1,""Clock"":1,""Pair"":5}",12,6,12,6,9,9,9,9
321Core Clock 6xPair,"{""321Core"":1,""Clock"":1,""Pair"":6}",10,6,10,6,7,7,7,7
321Core Clock Pair,"{""321Core"":1,""Clock"":1,""Pair"":1}",4,2,4,2,17,17,17,17
321Core Pair,"{""321Core"":1,""Pair"":1}",2,1,2,1,19,19,19,19
322,"{""322"":1}",1,1,1,1,15,15,15,15
322 221,"{""322"":1,""221"":1}",1,1,1,1,11,11,11,11
322 221 2xPair,"{""322"":1,""221"":1,""Pair"":2}",3,2,3,2,7,7,7,7
322 221 311 BigClock 2xPair,"{""322"":1,""221"":1,""311"":1,""BigClock"":1,""Pair"":2}",1,1,1,1,1,1,1,1
322 221 3xPair,"{""322"":1,""221"":1,""Pair"":3}",2,1,2,1,5,5,5,5
322 221 BigClock,"{""322"":1,""221"":1,""BigClock"":1}",1,1,1,1,8,8,8,8
322 221 BigClock 2xPair,"{""322"":1,""221"":1,""BigClock"":1,""Pair"":2}",1,1,1,1,4,4,4,4
322 221 BigClock 3xPair,"{""322"":1,""221"":1,""BigClock"":1,""Pair"":3}",2,1,2,1,2,2,2,2
322 221 BigClock Pair,"{""322"":1,""221"":1,""BigClock"":1,""Pair"":1}",2,1,2,1,6,6,6,6
322 221 Clock,"{""322"":1,""221"":1,""Clock"":1}",1,1,1,1,9,9,9,9
322 221 Clock 2xPair,"{""322"":1,""221"":1,""Clock"":1,""Pair"":2}",4,3,4,3,5,5,5,5
322 221 Clock 3xPair,"{""322"":1,""221"":1,""Clock"":1,""Pair"":3}",4,2,4,2,3,3,3,3
322 221 Clock 4xPair,"{""322"":1,""221"":1,""Clock"":1,""Pair"":4}",1,1,1,1,1,1,1,1
322 221 Clock Pair,"{""322"":1,""221"":1,""Clock"":1,""Pair"":1}",2,1,2,1,7,7,7,7
322 221 Pair,"{""322"":1,""221"":1,""Pair"":1}",2,1,2,1,9,9,9,9
322 2x221,"{""322"":1,""221"":2}",1,1,1,1,7,7,7,7
322 2x221 2xPair,"{""322"":1,""221"":2,""Pair"":2}",2,1,2,1,3,3,3,3
322 2x221 3xPair,"{""322"":1,""221"":2,""Pair"":3}",1,1,1,1,1,1,1,1
322 2x221 Pair,"{""322"":1,""221"":2,""Pair"":1}",1,1,1,1,5,5,5,5
322 2x321 311,"{""322"":1,""321"":2,""311"":1}",1,1,1,1,0,0,0,0
322 2xClock,"{""322"":1,""Clock"":2}",1,1,1,1,11,11,11,11
322 2xClock 2xPair,"{""322"":1,""Clock"":2,""Pair"":2}",2,2,2,2,7,7,7,7
322 2xClock 3xPair,"{""322"":1,""Clock"":2,""Pair"":3}",3,3,3,3,5,5,5,5
322 2xClock 4xPair,"{""322"":1,""Clock"":2,""Pair"":4}",5,3,5,3,3,3,3,3
322 2xClock 5xPair,"{""322"":1,""Clock"":2,""Pair"":5}",1,1,1,1,1,1,1,1
322 2xClock Pair,"{""322"":1,""Clock"":2,""Pair"":1}",1,1,1,1,9,9,9,9
322 2xPair,"{""322"":1,""Pair"":2}",2,2,2,2,11,11,11,11
322 311,"{""322"":1,""311"":1}",1,1,1,1,12,12,12,12
322 311 2xClock,"{""322"":1,""311"":1,""Clock"":2}",1,1,1,1,8,8,8,8
322 311 2xClock 2xPair,"{""322"":1,""311"":1,""Clock"":2,""Pair"":2}",2,1,2,1,4,4,4,4
322 311 2xPair,"{""322"":1,""311"":1,""Pair"":2}",1,1,1,1,8,8,8,8
322 311 BigClock,"{""322"":1,""311"":1,""BigClock"":1}",1,1,1,1,9,9,9,9
322 311 BigClock 2xPair,"{""322"":1,""311"":1,""BigClock"":1,""Pair"":2}",1,1,1,1,5,5,5,5
322 311 BigClock Clock,"{""322"":1,""311"":1,""BigClock"":1,""Clock"":1}",1,1,1,1,7,7,7,7
322 311 BigClock Clock 2xPair,"{""322"":1,""311"":1,""BigClock"":1,""Clock"":1,""Pair"":2}",1,1,1,1,3,3,3,3
322 311 Clock,"{""322"":1,""311"":1,""Clock"":1}",1,1,1,1,10,10,10,10
322 311 Clock 2xPair,"{""322"":1,""311"":1,""Clock"":1,""Pair"":2}",1,1,1,1,6,6,6,6
322 321,"{""322"":1,""321"":1}",1,1,1,1,9,9,9,9
322 321 221 2xPair,"{""322"":1,""321"":1,""221"":1,""Pair"":2}",1,1,1,1,1,1,1,1
322 321 2x311 BigClock,"{""322"":1,""321"":1,""311"":2,""BigClock"":1}",1,1,1,1,0,0,0,0
322 321 Clock 2xPair,"{""322"":1,""321"":1,""Clock"":1,""Pair"":2}",1,1,1,1,3,3,3,3
322 3x311 2xBigClock,"{""322"":1,""311"":3,""BigClock"":2}",1,1,1,1,0,0,0,0
322 3xPair,"{""322"":1,""Pair"":3}",2,2,2,2,9,9,9,9
322 4xPair,"{""322"":1,""Pair"":4}",2,2,2,2,7,7,7,7
322 BigClock,"{""322"":1,""BigClock"":1}",1,1,1,1,12,12,12,12
322 BigClock 2xPair,"{""322"":1,""BigClock"":1,""Pair"":2}",3,2,3,2,8,8,8,8
322 BigClock 3xPair,"{""322"":1,""BigClock"":1,""Pair"":3}",2,1,2,1,6,6,6,6
322 BigClock Clock,"{""322"":1,""BigClock"":1,""Clock"":1}",1,1,1,1,10,10,10,10
322 BigClock Clock 2xPair,"{""322"":1,""BigClock"":1,""Clock"":1,""Pair"":2}",3,2,3,2,6,6,6,6
322 BigClock Clock 3xPair,"{""322"":1,""BigClock"":1,""Clock"":1,""Pair"":3}",2,1,2,1,4,4,4,4
322 BigClock Clock 4xPair,"{""322"":1,""BigClock"":1,""Clock"":1,""Pair"":4}",1,1,1,1,2,2,2,2
322 BigClock Clock Pair,"{""322"":1,""BigClock"":1,""Clock"":1,""Pair"":1}",2,1,2,1,8,8,8,8
322 BigClock Pair,"{""322"":1,""BigClock"":1,""Pair"":1}",2,1,2,1,10,10,10,10
322 Clock,"{""322"":1,""Clock"":1}",1,1,1,1,13,13,13,13
322 Clock 2xPair,"{""322"":1,""Clock"":1,""Pair"":2}",3,2,3,2,9,9,9,9
322 Clock 3xPair,"{""322"":1,""Clock"":1,""Pair"":3}",4,2,4,2,7,7,7,7
322 Clock 4xPair,"{""322"":1,""Clock"":1,""Pair"":4}",4,3,4,3,5,5,5,5
322 Clock Pair,"{""322"":1,""Clock"":1,""Pair"":1}",2,1,2,1,11,11,11,11
322 Pair,"{""322"":1,""Pair"":1}",1,1,1,1,13,13,13,13
332 331,"{""332"":1,""331"":1}",1,1,0,0,0,0,,
333,"{""333"":1}",1,1,0,0,0,0,,
3x221,"{""221"":3}",2,2,2,2,14,14,14,14
3x221 221Core,"{""221"":3,""221Core"":1}",2,2,2,2,11,11,11,11
3x221 221Core 2xPair,"{""221"":3,""221Core"":1,""Pair"":2}",2,2,2,2,7,7,7,7
3x221 221Core 311,"{""221"":3,""221Core"":1,""311"":1}",2,2,2,2,8,8,8,8
3x221 221Core 311 2xPair,"{""221"":3,""221Core"":1,""311"":1,""Pair"":2}",7,4,7,4,4,4,4,4
3x221 221Core 311 BigClock,"{""221"":3,""221Core"":1,""311"":1,""BigClock"":1}",1,1,1,1,5,5,5,5
3x221 221Core 311 BigClock 2xPair,"{""221"":3,""221Core"":1,""311"":1,""BigClock"":1,""Pair"":2}",1,1,1,1,1,1,1,1
3x221 221Core 311 BigClock Pair,"{""221"":3,""221Core"":1,""311"":1,""BigClock"":1,""Pair"":1}",2,1,2,1,3,3,3,3
3x221 221Core 311 Clock,"{""221"":3,""221Core"":1,""311"":1,""Clock"":1}",2,1,2,1,6,6,6,6
3x221 221Core 311 Clock 2xPair,"{""221"":3,""221Core"":1,""311"":1,""Clock"":1,""Pair"":2}",6,3,6,3,2,2,2,2
3x221 221Core 311 Clock 3xPair,"{""221"":3,""221Core"":1,""311"":1,""Clock"":1,""Pair"":3}",5,3,5,3,0,0,0,0
3x221 221Core 311 Clock Pair,"{""221"":3,""221Core"":1,""311"":1,""Clock"":1,""Pair"":1}",6,3,6,3,4,4,4,4
3x221 221Core 311 Pair,"{""221"":3,""221Core"":1,""311"":1,""Pair"":1}",5,3,5,3,6,6,6,6
3x221 221Core 3xPair,"{""221"":3,""221Core"":1,""Pair"":3}",3,3,3,3,5,5,5,5
3x221 221Core BigClock,"{""221"":3,""221Core"":1,""BigClock"":1}",1,1,1,1,8,8,8,8
3x221 221Core BigClock 2xPair,"{""221"":3,""221Core"":1,""BigClock"":1,""Pair"":2}",1,1,1,1,4,4,4,4
3x221 221Core BigClock 3xPair,"{""221"":3,""221Core"":1,""BigClock"":1,""Pair"":3}",2,1,2,1,2,2,2,2
3x221 221Core BigClock Pair,"{""221"":3,""221Core"":1,""BigClock"":1,""Pair"":1}",1,1,1,1,6,6,6,6
3x221 221Core Clock,"{""221"":3,""221Core"":1,""Clock"":1}",2,2,2,2,9,9,9,9
3x221 221Core Clock 2xPair,"{""221"":3,""221Core"":1,""Clock"":1,""Pair"":2}",2,2,2,2,5,5,5,5
3x221 221Core Clock 3xPair,"{""221"":3,""221Core"":1,""Clock"":1,""Pair"":3}",4,3,4,3,3,3,3,3
3x221 221Core Clock 4xPair,"{""221"":3,""221Core"":1,""Clock"":1,""Pair"":4}",4,3,4,3,1,1,1,1
3x221 221Core Clock Pair,"{""221"":3,""221Core"":1,""Clock"":1,""Pair"":1}",2,2,2,2,7,7,7,7
3x221 221Core Pair,"{""221"":3,""221Core"":1,""Pair"":1}",2,2,2,2,9,9,9,9
3x221 2xClock,"{""221"":3,""Clock"":2}",2,2,2,2,10,10,10,10
3x221 2xClock 2xPair,"{""221"":3,""Clock"":2,""Pair"":2}",2,2,2,2,6,6,6,6
3x221 2xClock 3xPair,"{""221"":3,""Clock"":2,""Pair"":3}",3,3,3,3,4,4,4,4
3x221 2xClock 4xPair,"{""221"":3,""Clock"":2,""Pair"":4}",4,4,4,4,2,2,2,2
3x221 2xClock Pair,"{""221"":3,""Clock"":2,""Pair"":1}",2,2,2,2,8,8,8,8
3x221 2xPair,"{""221"":3,""Pair"":2}",2,2,2,2,10,10,10,10
3x221 311,"{""221"":3,""311"":1}",2,2,2,2,11,11,11,11
3x221 311 2xClock,"{""221"":3,""311"":1,""Clock"":2}",2,1,2,1,7,7,7,7
3x221 311 2xClock 2xPair,"{""221"":3,""311"":1,""Clock"":2,""Pair"":2}",2,1,2,1,3,3,3,3
3x221 311 2xClock 3xPair,"{""221"":3,""311"":1,""Clock"":2,""Pair"":3}",3,2,3,2,1,1,1,1
3x221 311 2xClock Pair,"{""221"":3,""311"":1,""Clock"":2,""Pair"":1}",2,1,2,1,5,5,5,5
3x221 311 2xPair,"{""221"":3,""311"":1,""Pair"":2}",1,1,1,1,7,7,7,7
3x221 311 3xPair,"{""221"":3,""311"":1,""Pair"":3}",1,1,1,1,5,5,5,5
3x221 311 Clock,"{""221"":3,""311"":1,""Clock"":1}",2,2,2,2,9,9,9,9
3x221 311 Clock 2xPair,"{""221"":3,""311"":1,""Clock"":1,""Pair"":2}",3,2,3,2,5,5,5,5
3x221 311 Clock 3xPair,"{""221"":3,""311"":1,""Clock"":1,""Pair"":3}",1,1,1,1,3,3,3,3
3x221 311 Clock Pair,"{""221"":3,""311"":1,""Clock"":1,""Pair"":1}",6,3,6,3,7,7,7,7
3x221 311 Pair,"{""221"":3,""311"":1,""Pair"":1}",4,3,4,3,9,9,9,9
3x221 3xPair,"{""221"":3,""Pair"":3}",3,3,3,3,8,8,8,8
3x221 4xPair,"{""221"":3,""Pair"":4}",1,1,1,1,6,6,6,6
3x221 Clock,"{""221"":3,""Clock"":1}",2,2,2,2,12,12,12,12
3x221 Clock 2xPair,"{""221"":3,""Clock"":1,""Pair"":2}",2,2,2,2,8,8,8,8
3x221 Clock 3xPair,"{""221"":3,""Clock"":1,""Pair"":3}",3,3,3,3,6,6,6,6
3x221 Clock 4xPair,"{""221"":3,""Clock"":1,""Pair"":4}",2,1,2,1,4,4,4,4
3x221 Clock Pair,"{""221"":3,""Clock"":1,""Pair"":1}",2,2,2,2,10,10,10,10
3x221 Pair,"{""221"":3,""Pair"":1}",2,2,2,2,12,12,12,12
3x321 321Core 311,"{""321"":3,""321Core"":1,""311"":1}",1,1,1,1,0,0,0,0
3xBigClock,"{""BigClock"":3}",1,1,1,1,17,17,17,17
3xBigClock 2xPair,"{""BigClock"":3,""Pair"":2}",3,2,3,2,13,13,13,13
3xBigClock 3xPair,"{""BigClock"":3,""Pair"":3}",4,2,4,2,11,11,11,11
3xBigClock 4xPair,"{""BigClock"":3,""Pair"":4}",3,2,3,2,9,9,9,9
3xBigClock Clock,"{""BigClock"":3,""Clock"":1}",1,1,1,1,15,15,15,15
3xBigClock Clock 2xPair,"{""BigClock"":3,""Clock"":1,""Pair"":2}",3,2,3,2,11,11,11,11
3xBigClock Clock 3xPair,"{""BigClock"":3,""Clock"":1,""Pair"":3}",4,2,4,2,9,9,9,9
3xBigClock Clock 4xPair,"{""BigClock"":3,""Clock"":1,""Pair"":4}",3,2,3,2,7,7,7,7
3xBigClock Clock 5xPair,"{""BigClock"":3,""Clock"":1,""Pair"":5}",2,1,2,1,5,5,5,5
3xBigClock Clock Pair,"{""BigClock"":3,""Clock"":1,""Pair"":1}",2,1,2,1,13,13,13,13
3xBigClock Pair,"{""BigClock"":3,""Pair"":1}",2,1,2,1,15,15,15,15
3xClock,"{""Clock"":3}",2,2,2,2,20,20,20,20
3xClock 2xPair,"{""Clock"":3,""Pair"":2}",2,2,2,2,16,16,16,16
3xClock 3xPair,"{""Clock"":3,""Pair"":3}",2,2,2,2,14,14,14,14
3xClock 4xPair,"{""Clock"":3,""Pair"":4}",2,2,2,2,12,12,12,12
3xClock 5xPair,"{""Clock"":3,""Pair"":5}",2,2,2,2,10,10,10,10
3xClock 6xPair,"{""Clock"":3,""Pair"":6}",2,2,2,2,8,8,8,8
3xClock 7xPair,"{""Clock"":3,""Pair"":7}",3,2,3,2,6,6,6,6
3xClock Pair,"{""Clock"":3,""Pair"":1}",2,2,2,2,18,18,18,18
3xPair,"{""Pair"":3}",1,1,1,1,20,20,20,20
4x221 221Core,"{""221"":4,""221Core"":1}",1,1,1,1,7,7,7,7
4x221 221Core 2xPair,"{""221"":4,""221Core"":1,""Pair"":2}",3,2,3,2,3,3,3,3
4x221 221Core 311 2xPair,"{""221"":4,""221Core"":1,""311"":1,""Pair"":2}",2,1,2,1,0,0,0,0
4x221 221Core 3xPair,"{""221"":4,""221Core"":1,""Pair"":3}",1,1,1,1,1,1,1,1
4x221 221Core Pair,"{""221"":4,""221Core"":1,""Pair"":1}",1,1,1,1,5,5,5,5
4x311,"{""311"":4}",1,1,1,1,14,14,14,14
4x311 2xBigClock,"{""311"":4,""BigClock"":2}",1,1,1,1,8,8,8,8
4x311 2xBigClock 2xClock,"{""311"":4,""BigClock"":2,""Clock"":2}",2,2,2,2,4,4,4,4
4x311 2xBigClock 3xClock,"{""311"":4,""BigClock"":2,""Clock"":3}",1,1,1,1,2,2,2,2
4x311 2xBigClock Clock,"{""311"":4,""BigClock"":2,""Clock"":1}",1,1,1,1,6,6,6,6
4x311 2xClock,"{""311"":4,""Clock"":2}",2,2,2,2,10,10,10,10
4x311 3xClock,"{""311"":4,""Clock"":3}",1,1,1,1,8,8,8,8
4x311 4xBigClock,"{""311"":4,""BigClock"":4}",1,1,1,1,2,2,2,2
4x311 4xClock,"{""311"":4,""Clock"":4}",1,1,1,1,6,6,6,6
4x311 Clock,"{""311"":4,""Clock"":1}",1,1,1,1,12,12,12,12
4xClock,"{""Clock"":4}",2,2,2,2,18,18,18,18
4xClock 2xPair,"{""Clock"":4,""Pair"":2}",2,2,2,2,14,14,14,14
4xClock 3xPair,"{""Clock"":4,""Pair"":3}",2,2,2,2,12,12,12,12
4xClock 4xPair,"{""Clock"":4,""Pair"":4}",2,2,2,2,10,10,10,10
4xClock 5xPair,"{""Clock"":4,""Pair"":5}",2,2,2,2,8,8,8,8
4xClock 6xPair,"{""Clock"":4,""Pair"":6}",2,2,2,2,6,6,6,6
4xClock 7xPair,"{""Clock"":4,""Pair"":7}",1,1,1,1,4,4,4,4
4xClock Pair,"{""Clock"":4,""Pair"":1}",2,2,2,2,16,16,16,16
4xPair,"{""Pair"":4}",1,1,1,1,18,18,18,18
5xClock,"{""Clock"":5}",1,1,1,1,16,16,16,16
5xClock 2xPair,"{""Clock"":5,""Pair"":2}",1,1,1,1,12,12,12,12
5xClock 3xPair,"{""Clock"":5,""Pair"":3}",1,1,1,1,10,10,10,10
5xClock 4xPair,"{""Clock"":5,""Pair"":4}",1,1,1,1,8,8,8,8
5xClock 5xPair,"{""Clock"":5,""Pair"":5}",1,1,1,1,6,6,6,6
5xClock 6xPair,"{""Clock"":5,""Pair"":6}",1,1,1,1,4,4,4,4
5xClock 7xPair,"{""Clock"":5,""Pair"":7}",2,1,2,1,2,2,2,2
5xClock Pair,"{""Clock"":5,""Pair"":1}",1,1,1,1,14,14,14,14
5xPair,"{""Pair"":5}",1,1,1,1,16,16,16,16
6xPair,"{""Pair"":6}",1,1,1,1,14,14,14,14
7xPair,"{""Pair"":7}",1,1,1,1,12,12,12,12
BigClock,"{""BigClock"":1}",1,1,1,1,23,23,23,23
BigClock 2xClock,"{""BigClock"":1,""Clock"":2}",3,3,3,3,19,19,19,19
BigClock 2xClock 2xPair,"{""BigClock"":1,""Clock"":2,""Pair"":2}",3,3,3,3,15,15,15,15
BigClock 2xClock 3xPair,"{""BigClock"":1,""Clock"":2,""Pair"":3}",3,3,3,3,13,13,13,13
BigClock 2xClock 4xPair,"{""BigClock"":1,""Clock"":2,""Pair"":4}",3,3,3,3,11,11,11,11
BigClock 2xClock 5xPair,"{""BigClock"":1,""Clock"":2,""Pair"":5}",3,3,3,3,9,9,9,9
BigClock 2xClock 6xPair,"{""BigClock"":1,""Clock"":2,""Pair"":6}",3,3,3,3,7,7,7,7
BigClock 2xClock Pair,"{""BigClock"":1,""Clock"":2,""Pair"":1}",3,3,3,3,17,17,17,17
BigClock 2xPair,"{""BigClock"":1,""Pair"":2}",1,1,1,1,19,19,19,19
BigClock 3xClock,"{""BigClock"":1,""Clock"":3}",3,3,3,3,17,17,17,17
BigClock 3xClock 2xPair,"{""BigClock"":1,""Clock"":3,""Pair"":2}",3,3,3,3,13,13,13,13
BigClock 3xClock 3xPair,"{""BigClock"":1,""Clock"":3,""Pair"":3}",3,3,3,3,11,11,11,11
BigClock 3xClock 4xPair,"{""BigClock"":1,""Clock"":3,""Pair"":4}",3,3,3,3,9,9,9,9
BigClock 3xClock 5xPair,"{""BigClock"":1,""Clock"":3,""Pair"":5}",3,3,3,3,7,7,7,7
BigClock 3xClock 6xPair,"{""BigClock"":1,""Clock"":3,""Pair"":6}",10,6,10,6,5,5,5,5
BigClock 3xClock Pair,"{""BigClock"":1,""Clock"":3,""Pair"":1}",3,3,3,3,15,15,15,15
BigClock 3xPair,"{""BigClock"":1,""Pair"":3}",1,1,1,1,17,17,17,17
BigClock 4xClock,"{""BigClock"":1,""Clock"":4}",2,2,2,2,15,15,15,15
BigClock 4xClock 2xPair,"{""BigClock"":1,""Clock"":4,""Pair"":2}",2,2,2,2,11,11,11,11
BigClock 4xClock 3xPair,"{""BigClock"":1,""Clock"":4,""Pair"":3}",2,2,2,2,9,9,9,9
BigClock 4xClock 4xPair,"{""BigClock"":1,""Clock"":4,""Pair"":4}",2,2,2,2,7,7,7,7
BigClock 4xClock 5xPair,"{""BigClock"":1,""Clock"":4,""Pair"":5}",2,2,2,2,5,5,5,5
BigClock 4xClock 6xPair,"{""BigClock"":1,""Clock"":4,""Pair"":6}",10,6,10,6,3,3,3,3
BigClock 4xClock Pair,"{""BigClock"":1,""Clock"":4,""Pair"":1}",2,2,2,2,13,13,13,13
BigClock 4xPair,"{""BigClock"":1,""Pair"":4}",1,1,1,1,15,15,15,15
BigClock 5xPair,"{""BigClock"":1,""Pair"":5}",1,1,1,1,13,13,13,13
BigClock 6xPair,"{""BigClock"":1,""Pair"":6}",1,1,1,1,11,11,11,11
BigClock Clock,"{""BigClock"":1,""Clock"":1}",2,2,2,2,21,21,21,21
BigClock Clock 2xPair,"{""BigClock"":1,""Clock"":1,""Pair"":2}",2,2,2,2,17,17,17,17
BigClock Clock 3xPair,"{""BigClock"":1,""Clock"":1,""Pair"":3}",2,2,2,2,15,15,15,15
BigClock Clock 4xPair,"{""BigClock"":1,""Clock"":1,""Pair"":4}",2,2,2,2,13,13,13,13
BigClock Clock 5xPair,"{""BigClock"":1,""Clock"":1,""Pair"":5}",2,2,2,2,11,11,11,11
BigClock Clock 6xPair,"{""BigClock"":1,""Clock"":1,""Pair"":6}",2,2,2,2,9,9,9,9
BigClock Clock Pair,"{""BigClock"":1,""Clock"":1,""Pair"":1}",2,2,2,2,19,19,19,19
BigClock Pair,"{""BigClock"":1,""Pair"":1}",1,1,1,1,21,21,21,21
Clock,"{""Clock"":1}",1,1,1,1,24,24,24,24
Clock 2xPair,"{""Clock"":1,""Pair"":2}",1,1,1,1,20,20,20,20
Clock 3xPair,"{""Clock"":1,""Pair"":3}",1,1,1,1,18,18,18,18
Clock 4xPair,"{""Clock"":1,""Pair"":4}",1,1,1,1,16,16,16,16
Clock 5xPair,"{""Clock"":1,""Pair"":5}",1,1,1,1,14,14,14,14
Clock 6xPair,"{""Clock"":1,""Pair"":6}",1,1,1,1,12,12,12,12
Clock 7xPair,"{""Clock"":1,""Pair"":7}",1,1,1,1,10,10,10,10
Clock Pair,"{""Clock"":1,""Pair"":1}",1,1,1,1,22,22,22,22
Pair,"{""Pair"":1}",1,1,1,1,24,24,24,24
