class_id,mirror_class_id,fixed_frame_vertices,proper_rotation_shape_keys,ever_faces,ever_axes
00000000000000,00000000000000,1,1,U R F D L B,3
00000000000001,00000000000001,24,1,U R F D L B,3
00000000000002,00000000000002,4,1,U R F D L B,3
00000000000003,00000000000003,88,22,U R F D L B,3
00000000000005,00000000000005,240,14,U R F D L B,3
00000000000007,00000000000007,800,200,U R F D L B,3
0000000000000a,0000000000000a,15,9,U R F D L B,3
0000000000000b,0000000000000b,300,150,U R F D L B,3
0000000000000f,0000000000000f,2448,1235,U R F D L B,3
00000000000028,00000000000028,16,4,U R F D L B,3
00000000000029,00000000000029,320,40,U R F D L B,3
0000000000002a,0000000000002a,56,28,U R F D L B,3
0000000000002b,0000000000002b,1004,502,U R F D L B,3
0000000000002d,0000000000002d,2624,346,U R F D L B,3
0000000000002f,0000000000002f,7224,3612,U R F D L B,3
00000000000045,00000000000045,1296,56,U R F D L B,3
00000000000047,00000000000047,3888,972,U R F D L B,3
0000000000004f,0000000000004f,10484,5242,U R F D L B,3
0000000000006d,0000000000006d,11360,1420,U R F D L B,3
0000000000006f,0000000000006f,26464,13232,U R F D L B,3
000000000000aa,000000000000aa,192,28,U R F D L B,3
000000000000ab,000000000000ab,2992,374,U R F D L B,3
000000000000af,000000000000af,18104,2281,U R F D L B,3
000000000000ef,000000000000ef,54368,6796,U R F D L B,3
00000000000145,00000000000145,4062,181,U R F D L B,3
00000000000147,00000000000147,10800,2700,U R F D L B,3
0000000000014f,0000000000014f,24650,12343,U R F D L B,3
0000000000016d,0000000000016d,27152,3422,U R F D L B,3
0000000000016f,0000000000016f,51512,25756,U R F D L B,3
000000000001ef,000000000001ef,84584,10591,U R F D L B,3
00000000000201,00000000000201,12,1,U R F D L B,3
00000000000203,00000000000203,44,11,U R F D L B,3
00000000000205,00000000000205,216,9,U R F D L B,3
00000000000207,00000000000207,720,180,U R F D L B,3
0000000000020b,0000000000020b,150,78,U R F D L B,3
0000000000020f,0000000000020f,2192,1096,U R F D L B,3
00000000000229,00000000000229,152,20,U R F D L B,3
0000000000022b,0000000000022b,476,238,U R F D L B,3
0000000000022d,0000000000022d,2224,278,U R F D L B,3
0000000000022f,0000000000022f,6056,3028,U R F D L B,3
00000000000245,00000000000245,1536,68,U R F D L B,3
00000000000247,00000000000247,4592,1148,U R F D L B,3
0000000000024f,0000000000024f,12102,6066,U R F D L B,3
0000000000026d,0000000000026d,12480,1565,U R F D L B,3
0000000000026f,0000000000026f,28574,14287,U R F D L B,3
000000000002ab,000000000002ab,1376,176,U R F D L B,3
000000000002af,000000000002af,14656,1832,U R F D L B,3
000000000002ef,000000000002ef,56120,7027,U R F D L B,3
00000000000345,00000000000345,5400,225,U R F D L B,3
00000000000347,00000000000347,13976,3494,U R F D L B,3
0000000000034f,0000000000034f,30752,15376,U R F D L B,3
0000000000036d,0000000000036d,32576,4072,U R F D L B,3
0000000000036f,0000000000036f,59884,29942,U R F D L B,3
000000000003ef,000000000003ef,92176,11522,U R F D L B,3
00000000000402,00000000000402,2,1,U R F D L B,3
00000000000403,00000000000403,40,10,U R F D L B,3
00000000000407,00000000000407,328,87,U R F D L B,3
0000000000040a,0000000000040a,7,7,U R F D L B,3
0000000000040b,0000000000040b,124,124,U R F D L B,3
0000000000040f,0000000000040f,878,878,U R F D L B,3
0000000000042a,0000000000042a,25,16,U R F D L B,3
0000000000042b,0000000000042b,392,196,U R F D L B,3
0000000000042f,0000000000042f,2394,1224,U R F D L B,3
00000000000447,00000000000447,1416,354,U R F D L B,3
0000000000044f,0000000000044f,3172,3172,U R F D L B,3
0000000000046f,0000000000046f,7308,3654,U R F D L B,3
00000000000482,00000000000482,8,2,U R F D L B,3
00000000000483,00000000000483,144,36,U R F D L B,3
00000000000487,00000000000487,1048,262,U R F D L B,3
0000000000048a,0000000000048a,26,26,U R F D L B,3
0000000000048b,0000000000048b,402,402,U R F D L B,3
0000000000048f,0000000000048f,2439,2439,U R F D L B,3
000000000004aa,000000000004aa,86,43,U R F D L B,3
000000000004ab,000000000004ab,1136,568,U R F D L B,3
000000000004af,000000000004af,5780,2890,U R F D L B,3
000000000004c7,000000000004c7,3904,976,U R F D L B,3
000000000004cf,000000000004cf,7426,7426,U R F D L B,3
000000000004ef,000000000004ef,14432,7216,U R F D L B,3
00000000000547,00000000000547,3396,861,U R F D L B,3
0000000000054f,0000000000054f,6135,6135,U R F D L B,3
0000000000056f,0000000000056f,11592,5829,U R F D L B,3
000000000005c7,000000000005c7,7888,1972,U R F D L B,3
000000000005cf,000000000005cf,11728,11728,U R F D L B,3
000000000005ef,000000000005ef,18116,9058,U R F D L B,3
00000000000603,00000000000603,20,5,U R F D L B,3
00000000000607,00000000000607,288,72,U R F D L B,3
0000000000060b,0000000000060b,61,61,U R F D L B,3
0000000000060f,0000000000060f,752,752,U R F D L B,3
0000000000062b,0000000000062b,180,90,U R F D L B,3
0000000000062f,0000000000062f,1912,956,U R F D L B,3
00000000000647,00000000000647,1588,397,U R F D L B,3
0000000000064f,0000000000064f,3457,3457,U R F D L B,3
0000000000066f,0000000000066f,7512,3756,U R F D L B,3
00000000000683,00000000000683,64,16,U R F D L B,3
00000000000687,00000000000687,832,208,U R F D L B,3
0000000000068b,0000000000068b,180,180,U R F D L B,3
0000000000068f,0000000000068f,1920,1920,U R F D L B,3
000000000006ab,000000000006ab,492,246,U R F D L B,3
000000000006af,000000000006af,4456,2228,U R F D L B,3
000000000006c7,000000000006c7,3992,998,U R F D L B,3
000000000006cf,000000000006cf,7624,7624,U R F D L B,3
000000000006ef,000000000006ef,14608,7304,U R F D L B,3
00000000000747,00000000000747,4000,1000,U R F D L B,3
0000000000074f,0000000000074f,7176,7176,U R F D L B,3
0000000000076f,0000000000076f,12928,6464,U R F D L B,3
000000000007c7,000000000007c7,8664,2166,U R F D L B,3
000000000007cf,000000000007cf,13172,13172,U R F D L B,3
000000000007ef,000000000007ef,19676,9838,U R F D L B,3
00000000000a05,00000000000a05,42,4,U R F D L B,3
00000000000a07,00000000000a07,140,35,U R F D L B,3
00000000000a0f,00000000000a0f,419,214,U R F D L B,3
00000000000a2d,00000000000a2d,392,58,U R F D L B,3
00000000000a2f,00000000000a2f,1056,528,U R F D L B,3
00000000000a45,00000000000a45,504,21,U R F D L B,3
00000000000a47,00000000000a47,1464,366,U R F D L B,3
00000000000a4f,00000000000a4f,3744,1872,U R F D L B,3
00000000000a6d,00000000000a6d,3456,432,U R F D L B,3
00000000000a6f,00000000000a6f,7740,3870,U R F D L B,3
00000000000aaf,00000000000aaf,1832,235,U R F D L B,3
00000000000aef,00000000000aef,7024,878,U R F D L B,3
00000000000b45,00000000000b45,348,15,U R F D L B,3
00000000000b47,00000000000b47,904,226,U R F D L B,3
00000000000b4f,00000000000b4f,1984,994,U R F D L B,3
00000000000b6d,00000000000b6d,1288,161,U R F D L B,3
00000000000b6f,00000000000b6f,2484,1242,U R F D L B,3
00000000000bef,00000000000bef,2776,349,U R F D L B,3
00000000000e07,00000000000e07,50,15,U R F D L B,3
00000000000e0f,00000000000e0f,132,132,U R F D L B,3
00000000000e2f,00000000000e2f,286,151,U R F D L B,3
00000000000e47,00000000000e47,464,116,U R F D L B,3
00000000000e4f,00000000000e4f,1048,1048,U R F D L B,3
00000000000e6f,00000000000f2f,808,404,U R F D L B,3
00000000000e87,00000000000e87,132,33,U R F D L B,3
00000000000e8f,00000000000e8f,288,288,U R F D L B,3
00000000000eaf,00000000000eaf,654,327,U R F D L B,3
00000000000ec7,00000000000f87,500,125,U R F D L B,3
00000000000ecf,00000000000f8f,705,705,U R F D L B,3
00000000000eef,00000000000faf,1130,565,U R F D L B,3
00000000000f2f,00000000000e6f,808,404,U R F D L B,3
00000000000f47,00000000000f47,300,75,U R F D L B,3
00000000000f4f,00000000000f4f,389,389,U R F D L B,3
00000000000f6f,00000000000f6f,614,307,U R F D L B,3
00000000000f87,00000000000ec7,500,125,U R F D L B,3
00000000000f8f,00000000000ecf,705,705,U R F D L B,3
00000000000faf,00000000000eef,1130,565,U R F D L B,3
00000000000fc7,00000000000fc7,468,117,U R F D L B,3
00000000000fcf,00000000000fcf,646,646,U R F D L B,3
00000000000fef,00000000000fef,1070,535,U R F D L B,3
0000000000140a,0000000000140a,3,2,R F L B,2
0000000000140b,0000000000140b,22,22,R F L B,2
0000000000140f,0000000000140f,116,60,R F L B,2
0000000000142a,0000000000142a,11,11,R F L B,2
0000000000142b,0000000000142e,68,68,R F L B,2
0000000000142e,0000000000142b,68,68,R F L B,2
0000000000142f,0000000000142f,306,306,R F L B,2
0000000000144e,0000000000144e,67,67,R F L B,2
0000000000144f,0000000000144f,246,246,R F L B,2
0000000000146e,000000000014ce,174,174,R F L B,2
0000000000146f,000000000014cf,545,545,R F L B,2
000000000014aa,000000000014aa,37,20,R F L B,2
000000000014ab,000000000014ab,198,198,R F L B,2
000000000014af,000000000014af,772,390,R F L B,2
000000000014ce,0000000000146e,174,174,R F L B,2
000000000014cf,0000000000146f,545,545,R F L B,2
000000000014ee,000000000014ee,431,431,R F L B,2
000000000014ef,000000000014ef,1156,1156,R F L B,2
0000000000154f,0000000000154f,339,171,R F L B,2
0000000000156f,0000000000156f,619,619,R F L B,2
000000000015ef,000000000015ef,1067,535,R F L B,2
0000000000160b,0000000000160b,20,11,R F L B,2
0000000000160f,0000000000160f,102,102,R F L B,2
0000000000162b,0000000000162b,61,61,R F L B,2
0000000000162f,0000000000168f,268,268,R F L B,2
0000000000164e,0000000000164e,110,110,R F L B,2
0000000000164f,0000000000164f,208,208,R F L B,2
0000000000166e,000000000016ce,237,237,R F L B,2
0000000000166f,000000000016cf,463,463,R F L B,2
0000000000168f,0000000000162f,268,268,R F L B,2
000000000016ab,000000000016ab,178,92,R F L B,2
000000000016af,000000000016af,682,682,R F L B,2
000000000016ce,0000000000166e,237,237,R F L B,2
000000000016cf,0000000000166f,463,463,R F L B,2
000000000016ee,000000000016ee,456,456,R F L B,2
000000000016ef,000000000016ef,950,950,R F L B,2
0000000000170f,0000000000170f,358,183,R F L B,2
0000000000172f,0000000000172f,807,807,R F L B,2
0000000000174e,0000000000174e,266,266,R F L B,2
0000000000174f,0000000000174f,462,462,R F L B,2
0000000000176e,000000000017ce,481,481,R F L B,2
0000000000176f,000000000017cf,864,864,R F L B,2
000000000017af,000000000017af,1772,894,R F L B,2
000000000017ce,0000000000176e,481,481,R F L B,2
000000000017cf,0000000000176f,864,864,R F L B,2
000000000017ee,000000000017ee,788,788,R F L B,2
000000000017ef,000000000017ef,1052,1052,R F L B,2
00000000001e0f,00000000001e0f,38,20,R F L B,2
00000000001e2f,00000000001e2f,102,102,R F L B,2
00000000001eaf,00000000001eaf,256,130,R F L B,2
00000000001f4f,00000000001f4f,128,65,R F L B,2
00000000001f6f,00000000001f6f,234,234,R F L B,2
00000000001fef,00000000001fef,424,214,R F L B,2
00000000005028,00000000005028,4,2,U R F D L B,3
00000000005029,0000000000502c,32,4,U R F D L B,3
0000000000502a,0000000000502a,12,6,U R F D L B,3
0000000000502b,0000000000502e,76,38,U R F D L B,3
0000000000502c,00000000005029,32,4,U R F D L B,3
0000000000502d,0000000000502d,184,23,U R F D L B,3
0000000000502e,0000000000502b,76,38,U R F D L B,3
0000000000502f,0000000000502f,356,178,U R F D L B,3
0000000000506c,00000000005129,104,18,U R F D L B,3
0000000000506d,0000000000512d,424,53,U R F D L B,3
0000000000506e,0000000000512b,200,100,U R F D L B,3
0000000000506f,0000000000512f,660,330,U R F D L B,3
000000000050aa,000000000050aa,38,14,U R F D L B,3
000000000050ab,000000000050ae,204,51,U R F D L B,3
000000000050ae,000000000050ab,204,51,U R F D L B,3
000000000050af,000000000050af,824,206,U R F D L B,3
000000000050ee,000000000051ab,456,126,U R F D L B,3
000000000050ef,000000000051af,1292,323,U R F D L B,3
00000000005129,0000000000506c,104,18,U R F D L B,3
0000000000512b,0000000000506e,200,100,U R F D L B,3
0000000000512d,0000000000506d,424,53,U R F D L B,3
0000000000512f,0000000000506f,660,330,U R F D L B,3
0000000000516d,0000000000516d,656,91,U R F D L B,3
0000000000516f,0000000000516f,790,395,U R F D L B,3
000000000051ab,000000000050ee,456,126,U R F D L B,3
000000000051af,000000000050ef,1292,323,U R F D L B,3
000000000051ef,000000000051ef,1282,336,U R F D L B,3
00000000005229,00000000005229,24,3,U R F D L B,3
0000000000522b,0000000000522b,62,31,U R F D L B,3
0000000000522d,00000000005329,144,18,U R F D L B,3
0000000000522f,0000000000532b,296,148,U R F D L B,3
0000000000526c,00000000005929,184,23,U R F D L B,3
0000000000526d,0000000000592d,344,43,U R F D L B,3
0000000000526e,0000000000592b,284,142,U R F D L B,3
0000000000526f,0000000000592f,560,280,U R F D L B,3
000000000052ab,000000000052ab,176,44,U R F D L B,3
000000000052af,000000000053ab,716,179,U R F D L B,3
000000000052ee,000000000059ab,504,126,U R F D L B,3
000000000052ef,000000000059af,1056,264,U R F D L B,3
00000000005329,0000000000522d,144,18,U R F D L B,3
0000000000532b,0000000000522f,296,148,U R F D L B,3
0000000000532d,0000000000532d,584,73,U R F D L B,3
0000000000532f,0000000000532f,962,481,U R F D L B,3
0000000000536c,00000000005969,504,63,U R F D L B,3
0000000000536d,0000000000596d,888,111,U R F D L B,3
0000000000536e,0000000000596b,608,304,U R F D L B,3
0000000000536f,0000000000596f,1124,562,U R F D L B,3
000000000053ab,000000000052af,716,179,U R F D L B,3
000000000053af,000000000053af,1972,493,U R F D L B,3
000000000053ee,000000000059eb,932,233,U R F D L B,3
000000000053ef,000000000059ef,1300,325,U R F D L B,3
0000000000542a,0000000000542a,5,4,R F L B,2
0000000000542b,0000000000542e,26,13,R F L B,2
0000000000542e,0000000000542b,26,13,R F L B,2
0000000000542f,0000000000542f,102,51,R F L B,2
0000000000546e,0000000000552b,56,32,R F L B,2
0000000000546f,0000000000552f,154,77,R F L B,2
000000000054aa,000000000054aa,16,8,R F L B,2
000000000054ab,000000000054ae,74,37,R F L B,2
000000000054ae,000000000054ab,74,37,R F L B,2
000000000054af,000000000054af,254,127,R F L B,2
000000000054ee,000000000055ab,136,68,R F L B,2
000000000054ef,000000000055af,318,159,R F L B,2
0000000000552b,0000000000546e,56,32,R F L B,2
0000000000552f,0000000000546f,154,77,R F L B,2
0000000000556f,0000000000556f,142,76,R F L B,2
000000000055ab,000000000054ee,136,68,R F L B,2
000000000055af,000000000054ef,318,159,R F L B,2
000000000055ef,000000000055ef,228,114,R F L B,2
0000000000562b,0000000000562b,24,12,R F L B,2
0000000000562f,0000000000572b,94,47,R F L B,2
0000000000566e,00000000005d2b,64,32,R F L B,2
0000000000566f,00000000005d2f,142,71,R F L B,2
000000000056ab,000000000056ab,70,35,R F L B,2
000000000056af,000000000057ab,240,120,R F L B,2
000000000056ee,00000000005dab,92,46,R F L B,2
000000000056ef,00000000005daf,226,113,R F L B,2
0000000000572b,0000000000562f,94,47,R F L B,2
0000000000572f,0000000000572f,254,127,R F L B,2
0000000000576e,00000000005d6b,110,55,R F L B,2
0000000000576f,00000000005d6f,230,115,R F L B,2
000000000057ab,000000000056af,240,120,R F L B,2
000000000057af,000000000057af,554,277,R F L B,2
000000000057ee,00000000005deb,138,69,R F L B,2
000000000057ef,00000000005def,314,157,R F L B,2
00000000005929,0000000000526c,184,23,U R F D L B,3
0000000000592b,0000000000526e,284,142,U R F D L B,3
0000000000592d,0000000000526d,344,43,U R F D L B,3
0000000000592f,0000000000526f,560,280,U R F D L B,3
00000000005969,0000000000536c,504,63,U R F D L B,3
0000000000596b,0000000000536e,608,304,U R F D L B,3
0000000000596d,0000000000536d,888,111,U R F D L B,3
0000000000596f,0000000000536f,1124,562,U R F D L B,3
000000000059ab,000000000052ee,504,126,U R F D L B,3
000000000059af,000000000052ef,1056,264,U R F D L B,3
000000000059eb,000000000053ee,932,233,U R F D L B,3
000000000059ef,000000000053ef,1300,325,U R F D L B,3
00000000005a2d,00000000005a2d,52,11,U R F D L B,3
00000000005a2f,00000000005a2f,112,56,U R F D L B,3
00000000005aaf,00000000005aaf,266,75,U R F D L B,3
00000000005b6d,00000000005b6d,208,26,U R F D L B,3
00000000005b6f,00000000005b6f,286,143,U R F D L B,3
00000000005bef,00000000005bef,476,119,U R F D L B,3
00000000005d2b,0000000000566e,64,32,R F L B,2
00000000005d2f,0000000000566f,142,71,R F L B,2
00000000005d6b,0000000000576e,110,55,R F L B,2
00000000005d6f,0000000000576f,230,115,R F L B,2
00000000005dab,000000000056ee,92,46,R F L B,2
00000000005daf,000000000056ef,226,113,R F L B,2
00000000005deb,000000000057ee,138,69,R F L B,2
00000000005def,000000000057ef,314,157,R F L B,2
00000000005e2f,00000000005e2f,40,24,R F L B,2
00000000005eaf,00000000005eaf,106,53,R F L B,2
00000000005f6f,00000000005f6f,106,53,R F L B,2
00000000005fef,00000000005fef,190,95,R F L B,2
00000000028b45,00000000028b45,9,2,U R F D L B,3
00000000028b47,00000000028b47,24,6,U R F D L B,3
00000000028b4f,00000000028b4f,36,19,U R F D L B,3
00000000028b6d,00000000028b6d,44,10,U R F D L B,3
00000000028b6f,00000000028b6f,68,34,U R F D L B,3
00000000028bef,00000000028bef,128,20,U R F D L B,3
0000000002db6d,0000000002db6d,10,4,U R F D L B,3
0000000002db6f,0000000002db6f,16,8,U R F D L B,3
0000000002dbef,0000000002dbef,30,12,U R F D L B,3
0000000003dfef,0000000003dfef,7,3,R F L B,2
00000000040344,00000000040344,7344,306,U R F D L B,3
00000000040346,00000000040346,16680,4170,U R F D L B,3
00000000040366,00000000040366,30976,15488,U R F D L B,3
000000000403c6,000000000403c6,34976,4372,U R F D L B,3
000000000403e6,000000000403e6,52536,26268,U R F D L B,3
00000000040746,00000000040746,4408,1102,U R F D L B,3
00000000040766,00000000040766,6012,6012,U R F D L B,3
000000000407c6,000000000407c6,8192,2048,U R F D L B,3
000000000407e6,000000000407e6,9124,9124,U R F D L B,3
00000000040b44,00000000040b44,9528,404,U R F D L B,3
00000000040b46,00000000040b46,20816,5204,U R F D L B,3
00000000040b66,00000000040b66,36924,18479,U R F D L B,3
00000000040bc6,00000000040bc6,40152,5025,U R F D L B,3
00000000040be6,00000000040be6,58122,29061,U R F D L B,3
00000000040f46,00000000040f46,4564,1141,U R F D L B,3
00000000040f66,00000000040f66,6642,6642,U R F D L B,3
00000000040fc6,00000000040fc6,8312,2078,U R F D L B,3
00000000040fe6,00000000040fe6,9866,9866,U R F D L B,3
000000000413e6,000000000413e6,69296,8662,U R F D L B,3
00000000041766,00000000041766,8940,4470,U R F D L B,3
000000000417e6,000000000417e6,11368,5684,U R F D L B,3
00000000041be6,00000000041be6,71040,8886,U R F D L B,3
00000000041f66,00000000041f66,9466,4733,U R F D L B,3
00000000041fe6,00000000041fe6,11760,5880,U R F D L B,3
00000000044666,00000000044666,94,94,R F L B,2
000000000446e6,00000000045666,126,126,R F L B,2
00000000044766,00000000044766,142,142,R F L B,2
000000000447e6,00000000045766,174,174,R F L B,2
00000000044e66,00000000044e66,186,186,R F L B,2
00000000044ee6,00000000045e66,260,260,R F L B,2
00000000044f62,00000000044f62,212,212,R F L B,2
00000000044fe2,00000000045f62,301,301,R F L B,2
00000000045666,000000000446e6,126,126,R F L B,2
000000000456e6,000000000456e6,158,158,R F L B,2
00000000045766,000000000447e6,174,174,R F L B,2
000000000457e6,000000000457e6,206,206,R F L B,2
00000000045de6,00000000045de6,446,446,R F L B,2
00000000045e66,00000000044ee6,260,260,R F L B,2
00000000045ee6,00000000045ee6,334,334,R F L B,2
00000000045f62,00000000044fe2,301,301,R F L B,2
00000000045f66,00000000105f4b,130,130,R F L B,2
00000000045fe2,00000000045fe2,390,390,R F L B,2
00000000045fe6,00000000105fcb,204,204,R F L B,2
00000000048944,00000000048944,84,21,U R F D L B,3
00000000048946,00000000048946,226,226,U R F D L B,3
00000000048964,00000000048964,176,44,U R F D L B,3
00000000048966,00000000048966,286,286,U R F D L B,3
000000000489c6,000000000489c6,472,236,U R F D L B,3
000000000489e6,000000000489e6,500,250,U R F D L B,3
00000000048a44,00000000108341,168,22,U R F D L B,3
00000000048a46,00000000108343,452,226,U R F D L B,3
00000000048a64,00000000108349,260,65,U R F D L B,3
00000000048a66,0000000010834b,623,623,U R F D L B,3
00000000048ac6,000000001083c3,472,236,U R F D L B,3
00000000048ae6,000000001083cb,580,290,U R F D L B,3
00000000048b44,00000000120b41,116,29,U R F D L B,3
00000000048b46,00000000120b43,282,282,U R F D L B,3
00000000048bc6,00000000120bc3,284,142,U R F D L B,3
00000000048d46,00000000048d46,66,66,U R F D L B,3
00000000048d66,00000000048d66,116,116,U R F D L B,3
00000000048dc6,00000000048dc6,118,118,U R F D L B,3
00000000048de6,00000000048de6,220,220,U R F D L B,3
00000000048e46,00000000108743,66,66,U R F D L B,3
00000000048ec6,000000001087c3,118,118,U R F D L B,3
00000000048f46,00000000120f43,62,62,U R F D L B,3
00000000048fc6,00000000120fc3,114,114,U R F D L B,3
000000000498e6,000000000498e6,2032,508,U R F D L B,3
00000000049a64,0000000010ca49,324,41,U R F D L B,3
00000000049a66,0000000010ca4b,706,353,U R F D L B,3
00000000049ac6,0000000010cac3,410,205,U R F D L B,3
00000000049ae6,0000000010cacb,630,315,U R F D L B,3
00000000049b44,00000000124b41,100,25,U R F D L B,3
00000000049b46,00000000124b43,158,158,U R F D L B,3
00000000049b64,00000000124b49,164,41,U R F D L B,3
00000000049b66,00000000124b4b,274,274,U R F D L B,3
00000000049bc6,00000000124bc3,268,134,U R F D L B,3
00000000049be6,00000000124bcb,488,244,U R F D L B,3
00000000049e46,0000000010ce43,65,65,U R F D L B,3
00000000049e66,0000000010ce4b,117,117,U R F D L B,3
00000000049ec6,0000000010cec3,117,117,U R F D L B,3
00000000049ee6,0000000010cecb,221,221,U R F D L B,3
00000000049f46,00000000124f43,61,61,U R F D L B,3
00000000049f66,00000000124f4b,113,113,U R F D L B,3
00000000049fc6,00000000124fc3,113,113,U R F D L B,3
00000000049fe6,00000000124fcb,217,217,U R F D L B,3
0000000004cf26,0000000004cf26,186,94,R F L B,2
0000000004cfa6,0000000004cfa6,274,274,R F L B,2
0000000004dfa6,0000000004dfa6,362,182,R F L B,2
000000000506c6,00000000110d83,92,26,R F L B,2
000000000506e6,00000000110d8b,124,62,R F L B,2
000000000507c6,00000000110dc3,156,39,R F L B,2
000000000507e6,00000000110dcb,188,94,R F L B,2
00000000050ec6,00000000110f83,192,48,R F L B,2
00000000050ee6,00000000110f8b,266,133,R F L B,2
00000000050fc2,00000000058f82,236,59,R F L B,2
00000000050fe2,00000000058fa2,344,172,R F L B,2
000000000516e6,00000000114d8b,156,42,R F L B,2
000000000517e6,00000000114dcb,220,55,R F L B,2
00000000051de6,000000001147cb,500,125,R F L B,2
00000000051ee6,00000000114f8b,340,85,R F L B,2
00000000051fc6,00000000114fc3,154,77,R F L B,2
00000000051fe2,00000000059fa2,452,113,R F L B,2
00000000051fe6,00000000114fcb,228,114,R F L B,2
00000000055fe2,0000000005dfa2,46,23,R F L B,2
00000000058f82,00000000050fc2,236,59,R F L B,2
00000000058f86,00000000058f86,180,45,R F L B,2
00000000058fa2,00000000050fe2,344,172,R F L B,2
00000000058fa6,00000000058fa6,268,134,R F L B,2
00000000059fa2,00000000051fe2,452,113,R F L B,2
00000000059fa6,00000000059fa6,356,89,R F L B,2
0000000005dfa2,00000000055fe2,46,23,R F L B,2
0000000005dfa6,0000000005dfa6,88,44,R F L B,2
00000000080002,00000000080002,1,1,R F D L,3
00000000080003,00000000080003,22,11,R F D L,3
00000000080007,00000000080007,200,105,R F D L,3
0000000008000a,0000000008000a,4,4,R F D L,3
0000000008000b,0000000008000b,78,78,R F D L,3
0000000008000f,0000000008000f,618,618,R F D L,3
0000000008002a,0000000008002a,16,10,R F D L,3
0000000008002b,0000000008002b,272,136,R F D L,3
0000000008002f,0000000008002f,1836,932,R F D L,3
00000000080047,00000000080047,966,483,R F D L,3
0000000008004f,0000000008004f,2540,2540,R F D L,3
0000000008006f,0000000008006f,6296,3148,R F D L,3
00000000080082,00000000080082,4,4,R F D L,3
00000000080083,00000000080083,78,78,R F D L,3
00000000080087,00000000080087,614,614,R F D L,3
00000000080088,00000000080088,50,18,U R F D L B,3
00000000080089,00000000080089,900,300,U R F D L B,3
0000000008008a,000000000800a2,15,15,R F D L,3
0000000008008b,000000000800a3,257,257,R F D L,3
0000000008008d,0000000008008d,6480,2160,U R F D L B,3
0000000008008f,000000000800a7,1742,1742,R F D L,3
000000000800a2,0000000008008a,15,15,R F D L,3
000000000800a3,0000000008008b,257,257,R F D L,3
000000000800a7,0000000008008f,1742,1742,R F D L,3
000000000800a8,000000000800a8,160,84,U R F D L B,3
000000000800a9,000000000800a9,2528,1264,U R F D L B,3
000000000800aa,000000000800aa,56,56,R F D L,3
000000000800ab,000000000800ab,824,824,R F D L,3
000000000800ad,000000000800ad,15496,7768,U R F D L B,3
000000000800af,000000000800af,4732,4732,R F D L,3
000000000800c7,000000000800c7,2488,2488,R F D L,3
000000000800cd,000000000800cd,23620,7876,U R F D L B,3
000000000800cf,000000000800e7,5976,5976,R F D L,3
000000000800e7,000000000800cf,5976,5976,R F D L,3
000000000800ed,000000000800ed,47064,23532,U R F D L B,3
000000000800ef,000000000800ef,13540,13540,R F D L,3
00000000080147,00000000080147,2610,1316,R F D L,3
0000000008014f,0000000008014f,5672,5672,R F D L,3
0000000008016f,0000000008016f,11396,5714,R F D L,3
000000000801c7,000000000801c7,5522,5522,R F D L,3
000000000801cd,000000000801cd,45558,15186,U R F D L B,3
000000000801cf,000000000801e7,10933,10933,R F D L,3
000000000801e7,000000000801cf,10933,10933,R F D L,3
000000000801ed,000000000801ed,74044,37042,U R F D L B,3
000000000801ef,000000000801ef,20034,20034,R F D L,3
00000000080203,00000000080203,11,6,R F D L,3
00000000080207,00000000080207,180,90,R F D L,3
0000000008020b,0000000008020b,38,38,R F D L,3
0000000008020f,0000000008020f,534,534,R F D L,3
0000000008022b,0000000008022b,128,65,R F D L,3
0000000008022f,0000000008022f,1528,764,R F D L,3
00000000080247,00000000080247,1128,567,R F D L,3
0000000008024f,0000000008024f,2832,2832,R F D L,3
0000000008026f,0000000008026f,6784,3397,R F D L,3
00000000080283,00000000080283,38,38,R F D L,3
00000000080287,00000000080287,532,532,R F D L,3
00000000080289,00000000080289,450,150,U R F D L B,3
0000000008028b,000000000802a3,122,122,R F D L,3
0000000008028d,0000000008028d,5730,1910,U R F D L B,3
0000000008028f,000000000802a7,1463,1463,R F D L,3
000000000802a3,0000000008028b,122,122,R F D L,3
000000000802a7,0000000008028f,1463,1463,R F D L,3
000000000802a9,000000000802a9,1190,598,U R F D L B,3
000000000802ab,000000000802ab,384,384,R F D L,3
000000000802ad,000000000802ad,12964,6482,U R F D L B,3
000000000802af,000000000802af,3908,3908,R F D L,3
000000000802c7,000000000802c7,2761,2761,R F D L,3
000000000802cd,000000000802cd,26790,8930,U R F D L B,3
000000000802cf,000000000802e7,6441,6441,R F D L,3
000000000802e7,000000000802cf,6441,6441,R F D L,3
000000000802ed,000000000802ed,50820,25421,U R F D L B,3
000000000802ef,000000000802ef,14386,14386,R F D L,3
00000000080347,00000000080347,3312,1656,R F D L,3
0000000008034f,0000000008034f,6834,6834,R F D L,3
0000000008036f,0000000008036f,13152,6576,R F D L,3
000000000803c7,000000000803c7,6624,6624,R F D L,3
000000000803cd,000000000803cd,55578,18526,U R F D L B,3
000000000803cf,000000000803e7,12647,12647,R F D L,3
000000000803e7,000000000803cf,12647,12647,R F D L,3
000000000803ed,000000000803ed,85960,42980,U R F D L B,3
000000000803ef,000000000803ef,22514,22514,R F D L,3
000000000804a8,000000000804a8,384,96,U R F L B,3
000000000804a9,000000000804a9,5024,1256,U R F L B,3
000000000804ad,000000000804ad,25384,6346,U R F L B,3
000000000804ed,000000000804ed,62864,15716,U R F L B,3
000000000805ed,000000000805ed,80160,20040,U R F L B,3
000000000806a9,000000000806a9,2332,583,U R F L B,3
000000000806ad,000000000806ad,20856,5214,U R F L B,3
000000000806ed,000000000806ed,66156,16539,U R F L B,3
000000000807ed,000000000807ed,89904,22476,U R F L B,3
00000000080a07,00000000080a07,35,20,R F D L,3
00000000080a0f,00000000080a0f,96,96,R F D L,3
00000000080a2f,00000000080a2f,262,138,R F D L,3
00000000080a47,00000000080a47,354,177,R F D L,3
00000000080a4f,00000000080a4f,836,836,R F D L,3
00000000080a6f,00000000080b2f,842,421,R F D L,3
00000000080a87,00000000080a87,98,98,R F D L,3
00000000080a8d,00000000080a8d,1086,362,U R F D L B,3
00000000080a8f,00000000080aa7,258,258,R F D L,3
00000000080aa7,00000000080a8f,258,258,R F D L,3
00000000080aad,00000000080aad,2248,1132,U R F D L B,3
00000000080aaf,00000000080aaf,567,567,R F D L,3
00000000080ac7,00000000080ac7,774,774,R F D L,3
00000000080acd,00000000080acd,8082,2694,U R F D L B,3
00000000080acf,00000000080ae7,1289,1289,R F D L,3
00000000080ae7,00000000080acf,1289,1289,R F D L,3
00000000080aed,00000000080aed,4648,2324,U R F D L B,3
00000000080aef,00000000080baf,987,987,R F D L,3
00000000080b2f,00000000080a6f,842,421,R F D L,3
00000000080b47,00000000080b47,220,110,R F D L,3
00000000080b4f,00000000080b4f,348,348,R F D L,3
00000000080b6f,00000000080b6f,576,288,R F D L,3
00000000080baf,00000000080aef,987,987,R F D L,3
00000000080bc7,00000000080bc7,295,295,R F D L,3
00000000080bcd,00000000080bcd,3516,1172,U R F D L B,3
00000000080bcf,00000000080be7,502,502,R F D L,3
00000000080be7,00000000080bcf,502,502,R F D L,3
00000000080bed,00000000080bed,1560,780,U R F D L B,3
00000000080bef,00000000080bef,869,869,R F D L,3
00000000080ead,00000000080ead,2728,682,U R F L B,3
00000000080ecd,00000000080ecd,3702,3702,U R F D L B,3
00000000080eed,00000000080fad,2172,1086,U R F L B,3
00000000080fad,00000000080eed,2172,1086,U R F L B,3
00000000080fcd,00000000080fcd,1150,1150,U R F D L B,3
00000000080fed,00000000080fed,1684,842,U R F L B,3
0000000008100a,0000000008100a,2,2,R F D L,3
0000000008100b,0000000008100b,34,34,R F D L,3
0000000008100f,0000000008100f,232,232,R F D L,3
0000000008102a,0000000008102a,8,8,R F D L,3
0000000008102b,0000000008102b,116,116,R F D L,3
0000000008102f,0000000008102f,656,656,R F D L,3
0000000008104f,0000000008104f,798,798,R F D L,3
0000000008106f,0000000008106f,1840,1840,R F D L,3
00000000081088,00000000081088,20,20,U R F D L B,3
00000000081089,00000000081089,308,308,U R F D L B,3
0000000008108a,000000000840a2,7,7,R F D L,3
0000000008108b,000000000840a3,103,103,R F D L,3
0000000008108d,0000000008108d,1838,1838,U R F D L B,3
0000000008108f,000000000840a7,585,585,R F D L,3
000000000810a8,000000000810a8,60,60,U R F D L B,3
000000000810a9,000000000810a9,776,776,U R F D L B,3
000000000810aa,000000000840aa,26,26,R F D L,3
000000000810ab,000000000840ab,318,318,R F D L,3
000000000810ad,000000000810ad,3864,3864,U R F D L B,3
000000000810af,000000000840af,1498,1498,R F D L,3
000000000810cd,000000000810cd,5448,5448,U R F D L B,3
000000000810cf,000000000840e7,1653,1653,R F D L,3
000000000810ed,000000000810ed,9500,9500,U R F D L B,3
000000000810ef,000000000840ef,3443,3443,R F D L,3
0000000008114f,0000000008114f,1442,1442,R F D L,3
0000000008116f,0000000008116f,2578,2578,R F D L,3
000000000811cd,000000000811cd,8250,8250,U R F D L B,3
000000000811cf,000000000841e7,2380,2380,R F D L,3
000000000811ed,000000000811ed,11592,11592,U R F D L B,3
000000000811ef,000000000841ef,3869,3869,R F D L,3
0000000008120b,0000000008120b,16,16,R F D L,3
0000000008120f,0000000008120f,192,192,R F D L,3
0000000008122b,0000000008122b,52,52,R F D L,3
0000000008122f,0000000008122f,528,528,R F D L,3
0000000008124f,0000000008124f,862,862,R F D L,3
0000000008126f,0000000008126f,1980,1980,R F D L,3
00000000081289,00000000081289,148,148,U R F D L B,3
0000000008128b,000000000842a3,47,47,R F D L,3
0000000008128d,0000000008128d,1564,1564,U R F D L B,3
0000000008128f,000000000842a7,474,474,R F D L,3
000000000812a9,000000000812a9,350,350,U R F D L B,3
000000000812ab,000000000842ab,144,144,R F D L,3
000000000812ad,000000000812ad,3160,3160,U R F D L B,3
000000000812af,000000000842af,1228,1228,R F D L,3
000000000812cd,000000000812cd,6138,6138,U R F D L B,3
000000000812cf,000000000842e7,1771,1771,R F D L,3
000000000812ed,000000000812ed,10490,10490,U R F D L B,3
000000000812ef,000000000842ef,3773,3773,R F D L,3
0000000008134f,0000000008134f,1738,1738,R F D L,3
0000000008136f,0000000008136f,3086,3086,R F D L,3
000000000813cd,000000000813cd,10436,10436,U R F D L B,3
000000000813cf,000000000843e7,2846,2846,R F D L,3
000000000813ed,000000000813ed,14340,14340,U R F D L B,3
000000000813ef,000000000843ef,4640,4640,R F D L,3
00000000081488,00000000081488,57,57,U R F D L B,3
00000000081489,00000000081489,756,756,U R F D L B,3
0000000008148d,0000000008148d,3846,3846,U R F D L B,3
000000000814a8,000000000814a8,118,118,U R F L B,3
000000000814a9,000000000814a9,1298,1298,U R F L B,3
000000000814ad,000000000814ad,5506,5506,U R F L B,3
000000000814cd,000000000814cd,9596,9596,U R F D L B,3
000000000814ed,000000000814ed,11278,11278,U R F L B,3
000000000815cd,000000000815cd,11801,11801,U R F D L B,3
000000000815ed,000000000815ed,11230,11230,U R F L B,3
00000000081689,00000000081689,340,340,U R F D L B,3
0000000008168d,0000000008168d,3148,3148,U R F D L B,3
000000000816a9,000000000816a9,588,588,U R F L B,3
000000000816ad,000000000816ad,4568,4568,U R F L B,3
000000000816cd,000000000816cd,10594,10594,U R F D L B,3
000000000816ed,000000000816ed,12552,12552,U R F L B,3
000000000817cd,000000000817cd,14586,14586,U R F D L B,3
000000000817ed,00000000081ded,6908,6908,U R F L B,3
00000000081a0f,00000000081a0f,32,32,R F D L,3
00000000081a2f,00000000081a2f,90,90,R F D L,3
00000000081a4f,00000000081a4f,256,256,R F D L,3
00000000081a6f,00000000081b2f,235,235,R F D L,3
00000000081a8d,00000000081a8d,286,286,U R F D L B,3
00000000081a8f,00000000084aa7,82,82,R F D L,3
00000000081aad,00000000081aad,394,394,U R F D L B,3
00000000081aaf,00000000084aaf,206,206,R F D L,3
00000000081acd,00000000081acd,1334,1334,U R F D L B,3
00000000081acf,00000000084ba7,238,238,R F D L,3
00000000081aed,00000000081bad,684,684,U R F D L B,3
00000000081aef,00000000084baf,374,374,R F D L,3
00000000081b2f,00000000081a6f,235,235,R F D L,3
00000000081b4f,00000000081b4f,128,128,R F D L,3
00000000081b6f,00000000081b6f,228,228,R F D L,3
00000000081b8f,00000000084ae7,220,220,R F D L,3
00000000081bad,00000000081aed,684,684,U R F D L B,3
00000000081baf,00000000084aef,380,380,R F D L,3
00000000081bcd,00000000081bcd,374,374,U R F D L B,3
00000000081bcf,00000000084be7,207,207,R F D L,3
00000000081bed,00000000081bed,628,628,U R F D L B,3
00000000081bef,00000000084bef,367,367,R F D L,3
00000000081ded,000000000817ed,6908,6908,U R F L B,3
00000000081e8d,00000000081e8d,465,465,U R F D L B,3
00000000081ead,00000000081ead,526,526,U R F L B,3
00000000081ecd,00000000081f8d,523,523,U R F D L B,3
00000000081eed,00000000081fad,748,748,U R F L B,3
00000000081f8d,00000000081ecd,523,523,U R F D L B,3
00000000081fad,00000000081eed,748,748,U R F L B,3
00000000081fcd,00000000081fcd,409,409,U R F L B,3
00000000081fed,00000000081fed,706,706,U R F L B,3
000000000840a2,0000000008108a,7,7,R F D L,3
000000000840a3,0000000008108b,103,103,R F D L,3
000000000840a7,0000000008108f,585,585,R F D L,3
000000000840aa,000000000810aa,26,26,R F D L,3
000000000840ab,000000000810ab,318,318,R F D L,3
000000000840af,000000000810af,1498,1498,R F D L,3
000000000840e7,000000000810cf,1653,1653,R F D L,3
000000000840ef,000000000810ef,3443,3443,R F D L,3
000000000841e7,000000000811cf,2380,2380,R F D L,3
000000000841ef,000000000811ef,3869,3869,R F D L,3
000000000842a3,0000000008128b,47,47,R F D L,3
000000000842a7,0000000008128f,474,474,R F D L,3
000000000842ab,000000000812ab,144,144,R F D L,3
000000000842af,000000000812af,1228,1228,R F D L,3
000000000842e7,000000000812cf,1771,1771,R F D L,3
000000000842ef,000000000812ef,3773,3773,R F D L,3
000000000843e7,000000000813cf,2846,2846,R F D L,3
000000000843ef,000000000813ef,4640,4640,R F D L,3
00000000084aa7,00000000081a8f,82,82,R F D L,3
00000000084aaf,00000000081aaf,206,206,R F D L,3
00000000084ae7,00000000081b8f,220,220,R F D L,3
00000000084aef,00000000081baf,380,380,R F D L,3
00000000084ba7,00000000081acf,238,238,R F D L,3
00000000084baf,00000000081aef,374,374,R F D L,3
00000000084be7,00000000081bcf,207,207,R F D L,3
00000000084bef,00000000081bef,367,367,R F D L,3
0000000008502a,0000000008502a,4,3,R F D L,3
0000000008502b,0000000008502e,24,12,R F D L,3
0000000008502e,0000000008502b,24,12,R F D L,3
0000000008502f,0000000008502f,104,52,R F D L,3
0000000008506e,0000000008512b,58,31,R F D L,3
0000000008506f,0000000008512f,172,86,R F D L,3
000000000850a8,000000000850a8,20,11,U R F D L B,3
000000000850a9,000000000850ac,100,50,U R F D L B,3
000000000850aa,000000000850aa,12,12,R F D L,3
000000000850ab,000000000850ae,58,58,R F D L,3
000000000850ac,000000000850a9,100,50,U R F D L B,3
000000000850ad,000000000850ad,372,186,U R F D L B,3
000000000850ae,000000000850ab,58,58,R F D L,3
000000000850af,000000000850af,210,210,R F D L,3
000000000850ec,000000000851a9,202,103,U R F D L B,3
000000000850ed,000000000851ad,520,260,U R F D L B,3
000000000850ee,000000000851ab,113,113,R F D L,3
000000000850ef,000000000851af,284,284,R F D L,3
0000000008512b,0000000008506e,58,31,R F D L,3
0000000008512f,0000000008506f,172,86,R F D L,3
0000000008516f,0000000008516f,172,88,R F D L,3
000000000851a9,000000000850ec,202,103,U R F D L B,3
000000000851ab,000000000850ee,113,113,R F D L,3
000000000851ad,000000000850ed,520,260,U R F D L B,3
000000000851af,000000000850ef,284,284,R F D L,3
000000000851ed,000000000851ed,436,220,U R F D L B,3
000000000851ef,000000000851ef,230,230,R F D L,3
0000000008522b,0000000008522b,20,10,R F D L,3
0000000008522f,0000000008532b,88,44,R F D L,3
0000000008526e,0000000008592b,72,36,R F D L,3
0000000008526f,0000000008592f,148,74,R F D L,3
000000000852a9,000000000852a9,88,44,U R F D L B,3
000000000852ab,000000000852ab,52,52,R F D L,3
000000000852ad,000000000853a9,328,164,U R F D L B,3
000000000852af,000000000853ab,188,188,R F D L,3
000000000852ec,000000000859a9,168,84,U R F D L B,3
000000000852ed,000000000859ad,368,184,U R F D L B,3
000000000852ee,000000000859ab,92,92,R F D L,3
000000000852ef,000000000859af,208,208,R F D L,3
0000000008532b,0000000008522f,88,44,R F D L,3
0000000008532f,0000000008532f,260,130,R F D L,3
0000000008536e,0000000008596b,132,66,R F D L,3
0000000008536f,0000000008596f,260,130,R F D L,3
000000000853a9,000000000852ad,328,164,U R F D L B,3
000000000853ab,000000000852af,188,188,R F D L,3
000000000853ad,000000000853ad,832,416,U R F D L B,3
000000000853af,000000000853af,464,464,R F D L,3
000000000853ec,000000000859e9,288,144,U R F D L B,3
000000000853ed,000000000859ed,592,296,U R F D L B,3
000000000853ee,000000000859eb,152,152,R F D L,3
000000000853ef,000000000859ef,320,320,R F D L,3
000000000854a8,000000000854a8,28,14,U R F L B,3
000000000854a9,000000000854ac,130,65,U R F L B,3
000000000854ac,000000000854a9,130,65,U R F L B,3
000000000854ad,000000000854ad,450,225,U R F L B,3
000000000854ec,000000000855a9,240,120,U R F L B,3
000000000854ed,000000000855ad,570,285,U R F L B,3
000000000855a9,000000000854ec,240,120,U R F L B,3
000000000855ad,000000000854ed,570,285,U R F L B,3
000000000855ed,000000000855ed,420,210,U R F L B,3
000000000856a9,000000000856a9,118,59,U R F L B,3
000000000856ad,000000000857a9,408,204,U R F L B,3
000000000856ec,00000000085da9,160,80,U R F L B,3
000000000856ed,00000000085dad,378,189,U R F L B,3
000000000857a9,000000000856ad,408,204,U R F L B,3
000000000857ad,000000000857ad,954,477,U R F L B,3
000000000857ec,00000000085de9,250,125,U R F L B,3
000000000857ed,00000000085ded,546,273,U R F L B,3
0000000008592b,0000000008526e,72,36,R F D L,3
0000000008592f,0000000008526f,148,74,R F D L,3
0000000008596b,0000000008536e,132,66,R F D L,3
0000000008596f,0000000008536f,260,130,R F D L,3
000000000859a9,000000000852ec,168,84,U R F D L B,3
000000000859ab,000000000852ee,92,92,R F D L,3
000000000859ad,000000000852ed,368,184,U R F D L B,3
000000000859af,000000000852ef,208,208,R F D L,3
000000000859e9,000000000853ec,288,144,U R F D L B,3
000000000859eb,000000000853ee,152,152,R F D L,3
000000000859ed,000000000853ed,592,296,U R F D L B,3
000000000859ef,000000000853ef,320,320,R F D L,3
00000000085a2f,00000000085a2f,34,19,R F D L,3
00000000085aad,00000000085aad,134,69,U R F D L B,3
00000000085aaf,00000000085aaf,79,79,R F D L,3
00000000085b6f,00000000085b6f,100,50,R F D L,3
00000000085bed,00000000085bed,272,136,U R F D L B,3
00000000085bef,00000000085bef,160,160,R F D L,3
00000000085da9,000000000856ec,160,80,U R F L B,3
00000000085dad,000000000856ed,378,189,U R F L B,3
00000000085de9,000000000857ec,250,125,U R F L B,3
00000000085ded,000000000857ed,546,273,U R F L B,3
00000000085ead,00000000085ead,174,87,U R F L B,3
00000000085fed,00000000085fed,306,153,U R F L B,3
00000000090082,00000000090082,2,2,R F D L,3
00000000090083,00000000090083,34,34,R F D L,3
00000000090087,00000000090087,227,227,R F D L,3
0000000009008a,000000000900a2,7,7,R F D L,3
0000000009008b,000000000900a3,103,103,R F D L,3
0000000009008f,000000000900a7,592,592,R F D L,3
000000000900a2,0000000009008a,7,7,R F D L,3
000000000900a3,0000000009008b,103,103,R F D L,3
000000000900a7,0000000009008f,592,592,R F D L,3
000000000900aa,000000000900aa,25,25,R F D L,3
000000000900ab,000000000900ab,312,312,R F D L,3
000000000900af,000000000900af,1510,1510,R F D L,3
000000000900c7,000000000900c7,774,774,R F D L,3
000000000900cf,000000000900e7,1695,1695,R F D L,3
000000000900e7,000000000900cf,1695,1695,R F D L,3
000000000900ef,000000000900ef,3540,3540,R F D L,3
000000000901c7,000000000901c7,1397,1397,R F D L,3
000000000901cf,000000000901e7,2468,2468,R F D L,3
000000000901e7,000000000901cf,2468,2468,R F D L,3
000000000901ef,000000000901ef,4011,4011,R F D L,3
00000000090283,00000000090283,16,16,R F D L,3
00000000090287,00000000090287,188,188,R F D L,3
0000000009028b,000000000902a3,47,47,R F D L,3
0000000009028f,000000000902a7,488,488,R F D L,3
000000000902a3,0000000009028b,47,47,R F D L,3
000000000902a7,0000000009028f,488,488,R F D L,3
000000000902ab,000000000902ab,142,142,R F D L,3
000000000902af,000000000902af,1268,1268,R F D L,3
000000000902c7,000000000902c7,848,848,R F D L,3
000000000902cf,000000000902e7,1868,1868,R F D L,3
000000000902e7,000000000902cf,1868,1868,R F D L,3
000000000902ef,000000000902ef,4004,4004,R F D L,3
000000000903c7,000000000903c7,1732,1732,R F D L,3
000000000903cf,000000000903e7,3059,3059,R F D L,3
000000000903e7,000000000903cf,3059,3059,R F D L,3
000000000903ef,000000000903ef,4996,4996,R F D L,3
00000000090a87,00000000090a87,33,33,R F D L,3
00000000090a8f,00000000090aa7,89,89,R F D L,3
00000000090aa7,00000000090a8f,89,89,R F D L,3
00000000090aaf,00000000090aaf,217,217,R F D L,3
00000000090ac7,00000000090b87,115,115,R F D L,3
00000000090acd,00000000090acd,390,390,U R F D L B,3
00000000090acf,00000000090ba7,194,194,R F D L,3
00000000090ae7,00000000090b8f,194,194,R F D L,3
00000000090aed,00000000090bad,345,345,U R F D L B,3
00000000090aef,00000000090baf,333,333,R F D L,3
00000000090b87,00000000090ac7,115,115,R F D L,3
00000000090b8f,00000000090ae7,194,194,R F D L,3
00000000090ba7,00000000090acf,194,194,R F D L,3
00000000090bad,00000000090aed,345,345,U R F D L B,3
00000000090baf,00000000090aef,333,333,R F D L,3
00000000090bc5,00000000090bc5,144,144,U R F D L B,3
00000000090bc7,00000000090bc7,111,111,R F D L,3
00000000090bcd,00000000090be5,211,211,U R F D L B,3
00000000090bcf,00000000090be7,190,190,R F D L,3
00000000090be5,00000000090bcd,211,211,U R F D L B,3
00000000090be7,00000000090bcf,190,190,R F D L,3
00000000090bed,00000000090bed,341,341,U R F D L B,3
00000000090bef,00000000090bef,329,329,R F D L,3
00000000090e85,00000000090e85,33,33,U R F D L B,3
00000000090e8d,00000000090ea5,84,84,U R F L B,3
00000000090ea5,00000000090e8d,84,84,U R F L B,3
00000000090ead,00000000090ead,208,208,U R F L B,3
00000000090ec5,00000000090f85,115,115,U R F D L B,3
00000000090ee5,00000000090f8d,192,192,U R F L B,3
00000000090f85,00000000090ec5,115,115,U R F D L B,3
00000000090f8d,00000000090ee5,192,192,U R F L B,3
00000000090fc5,00000000090fc5,111,111,U R F D L B,3
00000000090fcd,00000000090fe5,189,189,U R F L B,3
00000000090fe5,00000000090fcd,189,189,U R F L B,3
00000000090fed,00000000090fed,328,328,U R F L B,3
000000000adb6f,000000000adb6f,6,4,R F D L,3
000000000adbed,000000000adbed,18,10,U R F D L B,3
000000000adbef,000000000adbef,11,11,R F D L,3
000000000adfed,000000000adfed,22,11,U R F L B,3
000000000c0346,000000000c0346,3890,1945,R F D L,3
000000000c0366,000000000c0366,6758,6758,R F D L,3
000000000c03c6,000000000c03c6,6652,6652,R F D L,3
000000000c03e4,000000000c03e4,45708,15236,U R F D L B,3
000000000c03e6,000000000c13c6,10559,10559,R F D L,3
000000000c07e4,000000000c07e4,60536,30268,U R F D L B,3
000000000c0b46,000000000c0b46,4721,2366,R F D L,3
000000000c0b66,000000000c0b66,7696,7696,R F D L,3
000000000c0bc6,000000000c0bc6,7637,7637,R F D L,3
000000000c0be4,000000000c0be4,53448,17816,U R F D L B,3
000000000c0be6,000000000c1bc6,11589,11589,R F D L,3
000000000c0fe4,000000000c0fe4,67472,33746,U R F D L B,3
000000000c1366,000000000c1366,10768,5384,R F D L,3
000000000c13c6,000000000c03e6,10559,10559,R F D L,3
000000000c13e6,000000000c13e6,15608,15608,R F D L,3
000000000c17e4,000000000c17e4,53688,13422,U R F L B,3
000000000c1b66,000000000c1b66,11630,5821,R F D L,3
000000000c1bc6,000000000c0be6,11589,11589,R F D L,3
000000000c1be6,000000000c1be6,16330,16330,R F D L,3
000000000c1fe4,000000000c1fe4,57652,14413,U R F L B,3
000000000c4366,000000000c4366,1236,1236,R F D L,3
000000000c43e4,000000000c43e4,5872,5872,U R F D L B,3
000000000c43e6,000000001819cb,1602,1602,R F D L,3
000000000c47e4,000000000c47e4,6660,6660,U R F D L B,3
000000000c4b66,000000000c4b66,1474,1474,R F D L,3
000000000c4be4,000000000c4be4,7560,7560,U R F D L B,3
000000000c4be6,00000000181bcb,1915,1915,R F D L,3
000000000c4fe4,000000000c4fe4,8372,8372,U R F D L B,3
000000000c5366,000000000c5366,1668,1668,R F D L,3
000000000c53e4,000000000c53e4,6678,6678,U R F D L B,3
000000000c53e6,000000001859cb,2034,2034,R F D L,3
000000000c57e4,000000000c57e4,5252,5252,U R F L B,3
000000000c5b66,000000000c5b66,1994,1994,R F D L,3
000000000c5be4,000000000c5be4,8476,8476,U R F D L B,3
000000000c5be6,00000000185bcb,2435,2435,R F D L,3
000000000c5fe4,000000000c5fe4,6588,6588,U R F L B,3
000000000c89c4,000000000c89c4,479,479,U R F D L B,3
000000000c89e4,000000000c89e4,360,360,U R F D L B,3
000000000c8a46,00000000188343,115,58,R F D L,3
000000000c8a66,0000000018834b,167,167,R F D L,3
000000000c8ac4,000000001883c1,967,486,U R F D L B,3
000000000c8ac6,000000001883c3,131,131,R F D L,3
000000000c8ae4,000000001883c9,488,488,U R F D L B,3
000000000c8ae6,000000001883cb,229,229,R F D L,3
000000000c8bc4,000000001a0bc1,381,381,U R F D L B,3
000000000c8dc4,000000000c8dc4,300,300,U R F D L B,3
000000000c8de4,000000000c8de4,428,428,U R F L B,3
000000000c8ec4,000000001887c1,445,445,U R F D L B,3
000000000c8fc4,000000001a0fc1,234,234,U R F D L B,3
000000000c98c6,0000000018c2c3,200,200,R F D L,3
000000000c98e6,0000000018c2cb,368,368,R F D L,3
000000000c9a66,0000000018ca4b,219,110,R F D L,3
000000000c9ac4,0000000018cac1,305,305,U R F D L B,3
000000000c9ac6,0000000018cac3,146,146,R F D L,3
000000000c9ae4,0000000018cac9,461,461,U R F D L B,3
000000000c9ae6,0000000018cacb,244,244,R F D L,3
000000000c9bc4,000000001a4bc1,195,195,U R F D L B,3
000000000c9be4,000000001a4bc9,351,351,U R F D L B,3
000000000c9fc4,000000001a4fc1,226,226,U R F L B,3
000000000c9fe4,000000001a4fc9,422,422,U R F L B,3
000000000d03c6,000000000d03c6,1254,1254,R F D L,3
000000000d03e6,000000000d13c6,1647,1647,R F D L,3
000000000d0bc6,000000000d0bc6,1170,1170,R F D L,3
000000000d0be6,000000000d1bc6,1568,1568,R F D L,3
000000000d13c6,000000000d03e6,1647,1647,R F D L,3
000000000d13e6,000000000d13e6,2040,2040,R F D L,3
000000000d1bc6,000000000d0be6,1568,1568,R F D L,3
000000000d1be6,000000000d1be6,884,884,R F D L,3
000000000d8ac4,000000001983c1,60,60,U R F D L B,3
000000000d8bc4,000000001b0bc1,56,56,U R F D L B,3
000000000d8fc4,000000001b0fc1,53,53,U R F D L B,3
000000000d9ac4,0000000019cac1,59,59,U R F D L B,3
000000000d9ae4,0000000019cac9,105,105,U R F D L B,3
000000000d9ba6,000000000d9ba6,722,722,R F D L,3
000000000d9bc4,000000001b4bc1,55,55,U R F D L B,3
000000000d9be4,000000001b4bc9,101,101,U R F D L B,3
000000000d9fc4,000000001b4fc1,52,52,U R F L B,3
000000000d9fe4,000000001b4fc9,98,98,U R F L B,3
00000000105f4b,00000000045f66,130,130,R F L B,2
00000000105fcb,00000000045fe6,204,204,R F L B,2
00000000108341,00000000048a44,168,22,U R F D L B,3
00000000108343,00000000048a46,452,226,U R F D L B,3
00000000108349,00000000048a64,260,65,U R F D L B,3
0000000010834b,00000000048a66,623,623,U R F D L B,3
000000001083c3,00000000048ac6,472,236,U R F D L B,3
000000001083cb,00000000048ae6,580,290,U R F D L B,3
00000000108743,00000000048e46,66,66,U R F D L B,3
000000001087c3,00000000048ec6,118,118,U R F D L B,3
0000000010ca49,00000000049a64,324,41,U R F D L B,3
0000000010ca4b,00000000049a66,706,353,U R F D L B,3
0000000010cac3,00000000049ac6,410,205,U R F D L B,3
0000000010cacb,00000000049ae6,630,315,U R F D L B,3
0000000010ce43,00000000049e46,65,65,U R F D L B,3
0000000010ce4b,00000000049e66,117,117,U R F D L B,3
0000000010cec3,00000000049ec6,117,117,U R F D L B,3
0000000010cecb,00000000049ee6,221,221,U R F D L B,3
00000000110d83,000000000506c6,92,26,R F L B,2
00000000110d8b,000000000506e6,124,62,R F L B,2
00000000110dc3,000000000507c6,156,39,R F L B,2
00000000110dcb,000000000507e6,188,94,R F L B,2
00000000110f83,00000000050ec6,192,48,R F L B,2
00000000110f8b,00000000050ee6,266,133,R F L B,2
000000001147cb,00000000051de6,500,125,R F L B,2
00000000114d8b,000000000516e6,156,42,R F L B,2
00000000114dcb,000000000517e6,220,55,R F L B,2
00000000114f8b,00000000051ee6,340,85,R F L B,2
00000000114fc3,00000000051fc6,154,77,R F L B,2
00000000114fcb,00000000051fe6,228,114,R F L B,2
00000000120b41,00000000048b44,116,29,U R F D L B,3
00000000120b43,00000000048b46,282,282,U R F D L B,3
00000000120bc3,00000000048bc6,284,142,U R F D L B,3
00000000120f43,00000000048f46,62,62,U R F D L B,3
00000000120fc3,00000000048fc6,114,114,U R F D L B,3
00000000124b41,00000000049b44,100,25,U R F D L B,3
00000000124b43,00000000049b46,158,158,U R F D L B,3
00000000124b49,00000000049b64,164,41,U R F D L B,3
00000000124b4b,00000000049b66,274,274,U R F D L B,3
00000000124bc3,00000000049bc6,268,134,U R F D L B,3
00000000124bcb,00000000049be6,488,244,U R F D L B,3
00000000124f43,00000000049f46,61,61,U R F D L B,3
00000000124f4b,00000000049f66,113,113,U R F D L B,3
00000000124fc3,00000000049fc6,113,113,U R F D L B,3
00000000124fcb,00000000049fe6,217,217,U R F D L B,3
00000000140b40,00000000140b40,6904,296,U R F D L B,3
00000000140b42,00000000140b42,12984,3246,U R F D L B,3
00000000140bc2,00000000140bc2,22176,2784,U R F D L B,3
00000000140f42,00000000140f42,2660,672,U R F D L B,3
00000000140fc2,00000000140fc2,3804,951,U R F D L B,3
00000000141b42,00000000141b42,18998,9505,U R F D L B,3
00000000141bc2,00000000141bc2,26020,13010,U R F D L B,3
00000000141f42,00000000141f42,2532,2532,U R F D L B,3
00000000141fc2,00000000141fc2,3052,3052,U R F D L B,3
00000000145bc2,00000000145bc2,28096,3517,U R F D L B,3
00000000145f42,00000000145f42,2928,1476,U R F D L B,3
00000000145fc2,00000000145fc2,3162,1581,U R F D L B,3
00000000148b40,00000000148b40,7728,322,U R F D L B,3
00000000148b42,00000000148b42,13592,3398,U R F D L B,3
00000000148bc2,00000000148bc2,21040,2630,U R F D L B,3
00000000148f42,00000000148f42,1880,470,U R F D L B,3
00000000148fc2,00000000148fc2,1448,724,U R F D L B,3
00000000149b42,00000000149b42,18700,9350,U R F D L B,3
00000000149bc2,00000000149bc2,23676,11838,U R F D L B,3
00000000149f42,00000000149f42,2220,2220,U R F D L B,3
00000000149fc2,00000000161fc2,1330,1330,U R F D L B,3
0000000014dbc2,0000000014dbc2,23504,2938,U R F D L B,3
0000000014df42,00000000165f42,1198,599,U R F D L B,3
0000000014dfc2,00000000165fc2,1276,638,U R F D L B,3
00000000155fc2,00000000155fc2,84,21,R F L B,2
000000001587c2,000000001587c2,200,50,R F L B,2
000000001597c2,000000001597c2,296,148,R F L B,2
0000000015d7c2,0000000015d7c2,196,98,R F L B,2
0000000015df82,00000000175ec2,64,19,R F L B,2
0000000015dfc2,00000000175fc2,116,29,R F L B,2
00000000161fc2,00000000149fc2,1330,1330,U R F D L B,3
00000000165f42,0000000014df42,1198,599,U R F D L B,3
00000000165fc2,0000000014dfc2,1276,638,U R F D L B,3
000000001681c2,000000001681c2,624,78,U R F D L B,3
000000001683c2,000000001689c2,172,86,U R F D L B,3
000000001685c2,000000001685c2,50,50,U R F D L B,3
000000001689c2,000000001683c2,172,86,U R F D L B,3
00000000168b40,00000000168b40,60,8,U R F D L B,3
00000000168b42,00000000168b42,132,66,U R F D L B,3
00000000168bc2,00000000168bc2,120,60,U R F D L B,3
00000000168f42,00000000168f42,25,25,U R F D L B,3
00000000168fc2,00000000168fc2,43,43,U R F D L B,3
0000000016db40,0000000016db40,44,11,U R F D L B,3
0000000016db42,0000000016db42,65,65,U R F D L B,3
0000000016dbc2,0000000016dbc2,104,52,U R F D L B,3
0000000016df42,0000000016df42,24,24,R F D L B,3
0000000016dfc2,0000000016dfc2,42,42,R F D L B,3
00000000175ec2,0000000015df82,64,19,R F L B,2
00000000175fc2,0000000015dfc2,116,29,R F L B,2
000000001819cb,000000000c43e6,1602,1602,R F D L,3
00000000181bcb,000000000c4be6,1915,1915,R F D L,3
000000001859cb,000000000c53e6,2034,2034,R F D L,3
00000000185bcb,000000000c5be6,2435,2435,R F D L,3
00000000188343,000000000c8a46,115,58,R F D L,3
0000000018834b,000000000c8a66,167,167,R F D L,3
000000001883c1,000000000c8ac4,967,486,U R F D L B,3
000000001883c3,000000000c8ac6,131,131,R F D L,3
000000001883c9,000000000c8ae4,488,488,U R F D L B,3
000000001883cb,000000000c8ae6,229,229,R F D L,3
000000001887c1,000000000c8ec4,445,445,U R F D L B,3
0000000018c2c3,000000000c98c6,200,200,R F D L,3
0000000018c2cb,000000000c98e6,368,368,R F D L,3
0000000018ca4b,000000000c9a66,219,110,R F D L,3
0000000018cac1,000000000c9ac4,305,305,U R F D L B,3
0000000018cac3,000000000c9ac6,146,146,R F D L,3
0000000018cac9,000000000c9ae4,461,461,U R F D L B,3
0000000018cacb,000000000c9ae6,244,244,R F D L,3
000000001983c1,000000000d8ac4,60,60,U R F D L B,3
0000000019cac1,000000000d9ac4,59,59,U R F D L B,3
0000000019cac9,000000000d9ae4,105,105,U R F D L B,3
000000001a0bc1,000000000c8bc4,381,381,U R F D L B,3
000000001a0fc1,000000000c8fc4,234,234,U R F D L B,3
000000001a4bc1,000000000c9bc4,195,195,U R F D L B,3
000000001a4bc9,000000000c9be4,351,351,U R F D L B,3
000000001a4fc1,000000000c9fc4,226,226,U R F L B,3
000000001a4fc9,000000000c9fe4,422,422,U R F L B,3
000000001b0bc1,000000000d8bc4,56,56,U R F D L B,3
000000001b0fc1,000000000d8fc4,53,53,U R F D L B,3
000000001b4bc1,000000000d9bc4,55,55,U R F D L B,3
000000001b4bc9,000000000d9be4,101,101,U R F D L B,3
000000001b4fc1,000000000d9fc4,52,52,U R F L B,3
000000001b4fc9,000000000d9fe4,98,98,U R F L B,3
000000001c0b42,000000001c0b42,2948,1480,R F D L,3
000000001c0bc2,000000001c0bc2,3970,3970,R F D L,3
000000001c1b42,000000001c1b42,3966,3966,R F D L,3
000000001c1bc0,000000001c1bc0,22076,7360,U R F D L B,3
000000001c1bc2,000000001c4bc2,4988,4988,R F D L,3
000000001c1fc0,000000001c1fc0,23916,11964,U R F D L B,3
000000001c4bc2,000000001c1bc2,4988,4988,R F D L,3
000000001c5b42,000000001c5b42,4984,2498,R F D L,3
000000001c5bc2,000000001c5bc2,6006,6006,R F D L,3
000000001c5fc0,000000001c5fc0,17656,4414,U R F L B,3
000000001c8b42,000000001c8b42,2784,1392,R F D L,3
000000001c8bc2,000000001c8bc2,3626,3626,R F D L,3
000000001c9b42,000000001c9b42,3424,3424,R F D L,3
000000001c9bc0,000000001c9bc0,21426,7142,U R F D L B,3
000000001c9bc2,000000001ccbc2,4181,4181,R F D L,3
000000001c9fc0,000000001c9fc0,22128,11064,U R F D L B,3
000000001ccbc2,000000001c9bc2,4181,4181,R F D L,3
000000001cdb42,000000001cdb42,4064,2032,R F D L,3
000000001cdbc2,000000001cdbc2,4736,4736,R F D L,3
000000001cdfc0,000000001cdfc0,15704,3926,U R F L B,3
000000001d1bc0,000000001d1bc0,1276,1276,U R F D L B,3
000000001d1fc0,000000001d4fc0,359,359,U R F D L B,3
000000001d4fc0,000000001d1fc0,359,359,U R F D L B,3
000000001d5bc0,000000001d5bc0,386,386,U R F D L B,3
000000001d5fc0,000000001d5fc0,254,254,U R F L B,3
000000001d89c2,000000001d89c2,428,428,R F D L,3
000000001d99c2,000000001dc9c2,502,502,R F D L,3
000000001d9bc0,000000001d9bc0,1444,1444,U R F D L B,3
000000001d9fc0,000000001d9fc0,540,540,U R F D L B,3
000000001dc9c2,000000001d99c2,502,502,R F D L,3
000000001dcf80,000000001f1ec0,247,247,U R F D L B,3
000000001dcfc0,000000001f1fc0,414,414,U R F D L B,3
000000001dd9c2,000000001dd9c2,576,576,R F D L,3
000000001ddac2,000000001ddac2,360,360,R F D L,3
000000001ddb80,000000001f5ac0,328,328,U R F D L B,3
000000001ddbc0,000000001f5bc0,534,534,U R F D L B,3
000000001ddf80,000000001f5ec0,219,219,U R F L B,3
000000001ddfc0,000000001f5fc0,354,354,U R F L B,3
000000001e81c2,000000001e81c2,78,78,R F D L,3
000000001e85c0,000000001e85c0,644,322,U R F D L B,3
000000001e87c0,000000001e8dc0,122,122,U R F D L B,3
000000001e8bc0,000000001e8bc0,165,83,U R F D L B,3
000000001e8dc0,000000001e87c0,122,122,U R F D L B,3
000000001e8fc0,000000001e8fc0,96,96,U R F D L B,3
000000001edbc0,000000001edbc0,78,78,U R F D L B,3
000000001edfc0,000000001edfc0,88,88,U R F L B,3
000000001f1ec0,000000001dcf80,247,247,U R F D L B,3
000000001f1fc0,000000001dcfc0,414,414,U R F D L B,3
000000001f5ac0,000000001ddb80,328,328,U R F D L B,3
000000001f5bc0,000000001ddbc0,534,534,U R F D L B,3
000000001f5ec0,000000001ddf80,219,219,U R F L B,3
000000001f5fc0,000000001ddfc0,354,354,U R F L B,3
000000001f8fc0,000000001f8fc0,24,24,U R F D L B,3
000000001fdfc0,000000001fdfc0,23,23,U R F L B,3
0000000039db80,000000008f5ac0,129,129,U R F D L B,3
0000000039df80,000000008f5ec0,109,109,U R F L B,3
000000003bda81,000000008fda84,220,220,U R F D L B,3
000000003bde81,000000008fde84,190,190,U R F L B,3
000000003e1382,000000009cc8c2,93,93,R F D L,3
00000000480082,00000000480082,1,1,R D L,2
00000000480083,00000000480086,10,5,R D L,2
00000000480086,00000000480083,10,5,R D L,2
00000000480087,00000000480087,74,37,R D L,2
0000000048008a,0000000048008a,4,4,R D L,2
0000000048008b,0000000048008e,35,35,R D L,2
0000000048008e,0000000048008b,35,35,R D L,2
0000000048008f,0000000048008f,223,223,R D L,2
000000004800aa,000000004800aa,16,10,R D L,2
000000004800ab,000000004800ae,120,60,R D L,2
000000004800ae,000000004800ab,120,60,R D L,2
000000004800af,000000004800af,648,324,R D L,2
000000004800c6,00000000480183,43,24,R D L,2
000000004800c7,00000000480187,228,114,R D L,2
000000004800ce,0000000048018b,130,130,R D L,2
000000004800cf,0000000048018f,582,582,R D L,2
000000004800ee,000000004801ab,377,196,R D L,2
000000004800ef,000000004801af,1408,704,R D L,2
00000000480183,000000004800c6,43,24,R D L,2
00000000480187,000000004800c7,228,114,R D L,2
0000000048018b,000000004800ce,130,130,R D L,2
0000000048018f,000000004800cf,582,582,R D L,2
000000004801ab,000000004800ee,377,196,R D L,2
000000004801af,000000004800ef,1408,704,R D L,2
000000004801c7,000000004801c7,482,247,R D L,2
000000004801cf,000000004801cf,1019,1019,R D L,2
000000004801ef,000000004801ef,2020,1022,R D L,2
00000000480283,00000000480283,10,5,R D L,2
00000000480287,00000000480383,70,35,R D L,2
0000000048028b,0000000048028b,34,34,R D L,2
0000000048028f,0000000048038b,206,206,R D L,2
000000004802ab,000000004802ab,114,57,R D L,2
000000004802af,000000004803ab,578,289,R D L,2
000000004802c6,00000000480983,104,52,R D L,2
000000004802c7,00000000480987,202,101,R D L,2
000000004802ce,0000000048098b,267,267,R D L,2
000000004802cf,0000000048098f,495,495,R D L,2
000000004802ee,000000004809ab,642,321,R D L,2
000000004802ef,000000004809af,1082,541,R D L,2
00000000480383,00000000480287,70,35,R D L,2
00000000480387,00000000480387,344,172,R D L,2
0000000048038b,0000000048028f,206,206,R D L,2
0000000048038f,0000000048038f,836,836,R D L,2
000000004803ab,000000004802af,578,289,R D L,2
000000004803af,000000004803af,1948,974,R D L,2
000000004803c6,000000004809c3,378,189,R D L,2
000000004803c7,000000004809c7,626,313,R D L,2
000000004803ce,000000004809cb,800,800,R D L,2
000000004803cf,000000004809cf,1252,1252,R D L,2
000000004803ee,000000004809eb,1574,787,R D L,2
000000004803ef,000000004809ef,2330,1165,R D L,2
00000000480983,000000004802c6,104,52,R D L,2
00000000480987,000000004802c7,202,101,R D L,2
0000000048098b,000000004802ce,267,267,R D L,2
0000000048098f,000000004802cf,495,495,R D L,2
000000004809ab,000000004802ee,642,321,R D L,2
000000004809af,000000004802ef,1082,541,R D L,2
000000004809c3,000000004803c6,378,189,R D L,2
000000004809c7,000000004803c7,626,313,R D L,2
000000004809cb,000000004803ce,800,800,R D L,2
000000004809cf,000000004803cf,1252,1252,R D L,2
000000004809eb,000000004803ee,1574,787,R D L,2
000000004809ef,000000004803ef,2330,1165,R D L,2
00000000480a87,00000000480a87,25,15,R D L,2
00000000480a8f,00000000480a8f,73,73,R D L,2
00000000480aaf,00000000480aaf,192,101,R D L,2
00000000480bc7,00000000480bc7,112,56,R D L,2
00000000480bcf,00000000480bcf,205,205,R D L,2
00000000480bef,00000000480bef,372,186,R D L,2
0000000048108a,0000000048108a,2,2,R D L,2
0000000048108b,0000000048108e,15,15,R D L,2
0000000048108e,0000000048108b,15,15,R D L,2
0000000048108f,0000000048108f,81,81,R D L,2
000000004810aa,000000004810aa,8,8,R D L,2
000000004810ab,000000004810ae,50,50,R D L,2
000000004810ae,000000004810ab,50,50,R D L,2
000000004810af,000000004810af,226,226,R D L,2
000000004810ce,0000000048118b,47,47,R D L,2
000000004810cf,0000000048118f,177,177,R D L,2
000000004810ee,000000004811ab,129,129,R D L,2
000000004810ef,000000004811af,405,405,R D L,2
0000000048118b,000000004810ce,47,47,R D L,2
0000000048118f,000000004810cf,177,177,R D L,2
000000004811ab,000000004810ee,129,129,R D L,2
000000004811af,000000004810ef,405,405,R D L,2
000000004811cf,000000004811cf,252,252,R D L,2
000000004811ef,000000004811ef,464,464,R D L,2
0000000048128b,0000000048128b,14,14,R D L,2
0000000048128f,0000000048138b,73,73,R D L,2
000000004812ab,000000004812ab,46,46,R D L,2
000000004812af,000000004813ab,202,202,R D L,2
000000004812ce,0000000048198b,80,80,R D L,2
000000004812cf,0000000048198f,153,153,R D L,2
000000004812ee,000000004819ab,177,177,R D L,2
000000004812ef,000000004819af,349,349,R D L,2
0000000048138b,0000000048128f,73,73,R D L,2
0000000048138f,0000000048138f,263,263,R D L,2
000000004813ab,000000004812af,202,202,R D L,2
000000004813af,000000004813af,608,608,R D L,2
000000004813ce,000000004819cb,199,199,R D L,2
000000004813cf,000000004819cf,351,351,R D L,2
000000004813ee,000000004819eb,361,361,R D L,2
000000004813ef,000000004819ef,654,654,R D L,2
0000000048198b,000000004812ce,80,80,R D L,2
0000000048198f,000000004812cf,153,153,R D L,2
000000004819ab,000000004812ee,177,177,R D L,2
000000004819af,000000004812ef,349,349,R D L,2
000000004819cb,000000004813ce,199,199,R D L,2
000000004819cf,000000004813cf,351,351,R D L,2
000000004819eb,000000004813ee,361,361,R D L,2
000000004819ef,000000004813ef,654,654,R D L,2
00000000481a8f,00000000481a8f,27,27,R D L,2
00000000481aaf,00000000481aaf,77,77,R D L,2
00000000481bcf,00000000481bcf,93,93,R D L,2
00000000481bef,00000000481bef,167,167,R D L,2
000000004850aa,000000004850aa,4,3,R D L,2
000000004850ab,000000004850ae,20,10,R D L,2
000000004850ae,000000004850ab,20,10,R D L,2
000000004850af,000000004850af,76,38,R D L,2
000000004850ee,000000004851ab,41,23,R D L,2
000000004850ef,000000004851af,110,55,R D L,2
000000004851ab,000000004850ee,41,23,R D L,2
000000004851af,000000004850ef,110,55,R D L,2
000000004851ef,000000004851ef,98,52,R D L,2
000000004852ab,000000004852ab,18,9,R D L,2
000000004852af,000000004853ab,68,34,R D L,2
000000004852ee,000000004859ab,44,22,R D L,2
000000004852ef,000000004859af,98,49,R D L,2
000000004853ab,000000004852af,68,34,R D L,2
000000004853af,000000004853af,178,89,R D L,2
000000004853ee,000000004859eb,74,37,R D L,2
000000004853ef,000000004859ef,154,77,R D L,2
000000004859ab,000000004852ee,44,22,R D L,2
000000004859af,000000004852ef,98,49,R D L,2
000000004859eb,000000004853ee,74,37,R D L,2
000000004859ef,000000004853ef,154,77,R D L,2
00000000485aaf,00000000485aaf,29,17,R D L,2
00000000485bef,00000000485bef,74,37,R D L,2
00000000490428,00000000490428,124,34,U R F L B,3
00000000490429,00000000490429,1344,336,U R F L B,3
0000000049042d,0000000049042d,5616,1421,U R F L B,3
0000000049046d,0000000049046d,11248,2812,U R F L B,3
0000000049056d,0000000049056d,11184,2812,U R F L B,3
00000000490629,00000000490629,600,150,U R F L B,3
0000000049062d,0000000049062d,4576,1144,U R F L B,3
0000000049066d,0000000049066d,12144,3036,U R F L B,3
0000000049076d,0000000049076d,6772,3386,U R F L B,3
00000000490e05,00000000490e05,42,26,U R F D L B,3
00000000490e0d,00000000490e0d,96,96,U R F L B,3
00000000490e2d,00000000490e2d,214,113,U R F L B,3
00000000490f45,00000000490f45,136,68,U R F D L B,3
00000000490f4d,00000000490f4d,204,204,U R F L B,3
00000000490f6d,00000000490f6d,334,167,U R F L B,3
000000004c02c6,00000000580983,147,76,R D L,2
000000004c02e6,0000000058098b,304,304,R D L,2
000000004c03c6,000000005809c3,348,174,R D L,2
000000004c03e6,000000005809cb,592,592,R D L,2
000000004c0ac6,00000000580b83,278,139,R D L,2
000000004c0ae6,00000000580b8b,421,421,R D L,2
000000004c0bc2,000000004c8b82,516,258,R D L,2
000000004c0be2,000000004c8ba2,880,880,R D L,2
000000004c12e6,0000000058498b,529,267,R D L,2
000000004c13e6,000000005849cb,904,452,R D L,2
000000004c1ae6,00000000584b8b,610,305,R D L,2
000000004c1bc6,00000000584bc3,185,185,R D L,2
000000004c1be2,000000004c9ba2,1388,694,R D L,2
000000004c1be6,00000000584bcb,298,298,R D L,2
000000004c42e6,0000000058198b,72,72,R D L,2
000000004c43e6,000000005819cb,112,112,R D L,2
000000004c4ae6,00000000581b8b,143,143,R D L,2
000000004c4be2,000000004ccba2,165,165,R D L,2
000000004c52e6,0000000058598b,92,92,R D L,2
000000004c53e6,000000005859cb,132,132,R D L,2
000000004c5ae6,00000000585b8b,189,189,R D L,2
000000004c5be2,000000004cdba2,231,231,R D L,2
000000004c5be6,00000000585bcb,113,113,R D L,2
000000004c8b82,000000004c0bc2,516,258,R D L,2
000000004c8b86,000000004c8b86,226,113,R D L,2
000000004c8ba2,000000004c0be2,880,880,R D L,2
000000004c8ba6,000000004c8ba6,366,366,R D L,2
000000004c9ba2,000000004c1be2,1388,694,R D L,2
000000004c9ba6,000000004c9ba6,562,281,R D L,2
000000004ccba2,000000004c4be2,165,165,R D L,2
000000004ccba6,000000004ccba6,140,140,R D L,2
000000004cdba2,000000004c5be2,231,231,R D L,2
000000004cdba6,000000004cdba6,196,196,R D L,2
000000004d1764,000000004d1764,5048,1262,U R F L B,3
000000004d1f64,000000004d1f64,4432,1108,U R F L B,3
000000004d9f24,000000004d9f24,1808,452,U R F L B,3
00000000580983,000000004c02c6,147,76,R D L,2
0000000058098b,000000004c02e6,304,304,R D L,2
000000005809c3,000000004c03c6,348,174,R D L,2
000000005809cb,000000004c03e6,592,592,R D L,2
00000000580b83,000000004c0ac6,278,139,R D L,2
00000000580b8b,000000004c0ae6,421,421,R D L,2
0000000058198b,000000004c42e6,72,72,R D L,2
000000005819cb,000000004c43e6,112,112,R D L,2
00000000581b8b,000000004c4ae6,143,143,R D L,2
0000000058498b,000000004c12e6,529,267,R D L,2
000000005849cb,000000004c13e6,904,452,R D L,2
00000000584b8b,000000004c1ae6,610,305,R D L,2
00000000584bc3,000000004c1bc6,185,185,R D L,2
00000000584bcb,000000004c1be6,298,298,R D L,2
0000000058598b,000000004c52e6,92,92,R D L,2
000000005859cb,000000004c53e6,132,132,R D L,2
00000000585b8b,000000004c5ae6,189,189,R D L,2
00000000585bcb,000000004c5be6,113,113,R D L,2
000000005c0bc2,000000005c0bc2,324,162,R D L,2
000000005c1bc2,000000005c1bc2,428,428,R D L,2
000000005c5bc2,000000005c5bc2,532,266,R D L,2
000000005c8b82,000000005e0ac2,268,137,R D L,2
000000005c9b82,000000005e1ac2,356,356,R D L,2
000000005cdb82,000000005e5ac2,444,225,R D L,2
000000005d5f40,000000005d5f40,256,64,U R F L B,3
000000005ddf00,000000005f5e40,210,55,U R F L B,3
000000005ddf40,000000005f5f40,352,88,U R F L B,3
000000005e0ac2,000000005c8b82,268,137,R D L,2
000000005e1ac2,000000005c9b82,356,356,R D L,2
000000005e5ac2,000000005cdb82,444,225,R D L,2
000000005f5e40,000000005ddf00,210,55,U R F L B,3
000000005f5f40,000000005ddf40,352,88,U R F L B,3
00000000780983,00000000cc02c6,108,54,R D L,2
00000000784983,00000000cc12c6,132,132,R D L,2
00000000788b82,00000000ce0ac2,162,81,R D L,2
00000000789b82,00000000ce1ac2,186,186,R D L,2
0000000078d883,00000000ce5286,156,78,R D L,2
0000000078db82,00000000ce5ac2,210,105,R D L,2
0000000079df00,00000000cf5e40,76,38,U R F L B,3
000000007bde01,00000000cfde04,130,65,U R F L B,3
000000008f5ac0,0000000039db80,129,129,U R F D L B,3
000000008f5ec0,0000000039df80,109,109,U R F L B,3
000000008fda84,000000003bda81,220,220,U R F D L B,3
000000008fde84,000000003bde81,190,190,U R F L B,3
000000009cc8c2,000000003e1382,93,93,R F D L,3
00000000b45082,00000000b45082,592,77,U R F D L B,3
00000000b45282,00000000b45282,1264,316,U R F D L B,3
00000000b45482,00000000b45482,50,25,U R F D L B,3
00000000b45a82,00000000b45a82,704,176,U R F D L B,3
00000000b45e82,00000000b45e82,46,46,U R F D L B,3
00000000b68a00,00000000b68a00,48,4,U R F D L B,3
00000000b68a02,00000000b68a02,96,24,U R F D L B,3
00000000b68a82,00000000b68a82,208,30,U R F D L B,3
00000000b68e02,00000000b68e02,34,11,U R F D L B,3
00000000b69a02,00000000b69a02,136,70,U R F D L B,3
00000000b69a82,00000000b69a82,216,108,U R F D L B,3
00000000b6da82,00000000b6da82,192,26,U R F D L B,3
00000000b6de02,00000000b6de02,33,21,U R F D L B,3
00000000b6de82,00000000b6de82,42,21,U R F D L B,3
00000000bc5a82,00000000bc5a82,108,108,R F D L,3
00000000be9a80,00000000be9a80,168,56,U R F D L B,3
00000000be9e80,00000000be9e80,216,110,U R F D L B,3
00000000beda02,00000000beda02,24,14,R F D L,3
00000000beda82,00000000beda82,44,44,R F D L,3
00000000bede80,00000000bede80,160,40,U R F L B,3
00000000cc02c6,00000000780983,108,54,R D L,2
00000000cc12c6,00000000784983,132,132,R D L,2
00000000ce0ac2,00000000788b82,162,81,R D L,2
00000000ce1ac2,00000000789b82,186,186,R D L,2
00000000ce5286,0000000078d883,156,78,R D L,2
00000000ce5ac2,0000000078db82,210,105,R D L,2
00000000cf5e40,0000000079df00,76,38,U R F L B,3
00000000cfde04,000000007bde01,130,65,U R F L B,3
00000000ffde00,00000000ffde00,32,10,U R F L B,3
00000001040009,00000001040009,4,1,U R F D L B,3
0000000104000b,0000000104000b,14,14,U R F D L B,3
0000000104000d,0000000104000d,76,19,U R F D L B,3
0000000104000f,0000000104000f,240,240,U R F D L B,3
00000001040029,00000001040029,16,4,U R F D L B,3
0000000104002b,0000000104002b,52,52,U R F D L B,3
0000000104002d,0000000104002d,272,68,U R F D L B,3
0000000104002f,0000000104002f,780,780,U R F D L B,3
0000000104004d,0000000104004d,580,145,U R F D L B,3
0000000104004f,0000000104004f,1620,1620,U R F D L B,3
0000000104006d,0000000104006d,1832,458,U R F D L B,3
0000000104006f,0000000104006f,4480,4480,U R F D L B,3
0000000104008b,0000000104008b,48,24,U R F D L B,3
0000000104008f,0000000104008f,728,364,U R F D L B,3
000000010400ab,000000010400ab,160,80,U R F D L B,3
000000010400af,000000010400af,2060,1030,U R F D L B,3
000000010400cf,000000010400cf,4248,2124,U R F D L B,3
000000010400ef,000000010400ef,9904,4952,U R F D L B,3
0000000104014d,0000000104014d,2244,561,U R F D L B,3
0000000104014f,0000000104014f,5310,5310,U R F D L B,3
0000000104016d,0000000104016d,6056,1514,U R F D L B,3
0000000104016f,0000000104016f,12116,12116,U R F D L B,3
000000010401cf,000000010401cf,11764,5882,U R F D L B,3
000000010401ef,000000010401ef,21824,10912,U R F D L B,3
0000000104040b,0000000104040b,6,6,U R F D L B,3
0000000104040f,0000000104040f,90,90,U R F D L B,3
0000000104042b,0000000104042b,22,22,U R F D L B,3
0000000104042f,0000000104042f,288,288,U R F D L B,3
0000000104044f,0000000104044f,520,520,U R F D L B,3
0000000104046f,0000000104046f,1400,1400,U R F D L B,3
0000000104048b,0000000104048b,20,20,U R F D L B,3
0000000104048f,0000000104048f,260,260,U R F D L B,3
000000010404ab,000000010404ab,68,68,U R F D L B,3
000000010404af,000000010404af,742,742,U R F D L B,3
000000010404cf,000000010404cf,1278,1278,U R F D L B,3
000000010404ef,000000010404ef,3010,3010,U R F D L B,3
0000000104054f,0000000104054f,1430,1430,U R F D L B,3
0000000104056f,0000000104056f,3098,3098,U R F D L B,3
000000010405cf,000000010405cf,2928,2928,U R F D L B,3
000000010405ef,000000010405ef,5342,5342,U R F D L B,3
0000000104080d,0000000104080d,36,9,U R F D L B,3
0000000104080f,0000000104080f,114,114,U R F D L B,3
0000000104082d,0000000104082d,120,30,U R F D L B,3
0000000104082f,0000000104082f,346,346,U R F D L B,3
0000000104084d,0000000104084d,484,121,U R F D L B,3
0000000104084f,0000000104084f,1342,1342,U R F D L B,3
0000000104086d,0000000104086d,1408,352,U R F D L B,3
0000000104086f,0000000104086f,3440,3440,U R F D L B,3
0000000104088f,0000000104088f,328,164,U R F D L B,3
000000010408af,000000010408af,896,448,U R F D L B,3
000000010408cf,000000010408cf,3296,1648,U R F D L B,3
000000010408ef,000000010408ef,7292,3646,U R F D L B,3
0000000104094d,0000000104094d,2312,578,U R F D L B,3
0000000104094f,0000000104094f,5318,5318,U R F D L B,3
0000000104096d,0000000104096d,5728,1432,U R F D L B,3
0000000104096f,0000000104096f,11138,11138,U R F D L B,3
000000010409cf,000000010409cf,10884,5442,U R F D L B,3
000000010409ef,000000010409ef,18736,9368,U R F D L B,3
00000001040c0f,00000001040c0f,42,42,U R F D L B,3
00000001040c2f,00000001040c2f,124,124,U R F D L B,3
00000001040c4f,00000001040c4f,410,410,U R F D L B,3
00000001040c6f,00000001040c6f,1020,1020,U R F D L B,3
00000001040c8f,00000001040c8f,112,112,U R F D L B,3
00000001040caf,00000001040caf,296,296,U R F D L B,3
00000001040ccf,00000001040ccf,924,924,U R F D L B,3
00000001040cef,00000001040cef,2104,2104,U R F D L B,3
00000001040d4f,00000001040d4f,1304,1304,U R F D L B,3
00000001040d6f,00000001040d6f,2614,2614,U R F D L B,3
00000001040dcf,00000001040dcf,2390,2390,U R F D L B,3
00000001040def,00000001040def,4144,4144,U R F D L B,3
00000001044029,00000001044029,8,2,U R F D L B,3
0000000104402b,0000000104402b,24,24,U R F D L B,3
0000000104402d,0000000104402d,120,30,U R F D L B,3
0000000104402f,0000000104402f,302,302,U R F D L B,3
0000000104406d,0000000104406d,704,176,U R F D L B,3
0000000104406f,0000000104406f,1422,1422,U R F D L B,3
000000010440ab,000000010440ab,72,36,U R F D L B,3
000000010440af,000000010440af,760,380,U R F D L B,3
000000010440ef,000000010440ef,3008,1504,U R F D L B,3
0000000104416d,0000000104416d,1984,496,U R F D L B,3
0000000104416f,0000000104416f,3116,3116,U R F D L B,3
000000010441ef,000000010441ef,5396,2698,U R F D L B,3
0000000104442b,0000000104442b,10,10,R F L B,2
0000000104442f,0000000104452b,49,49,R F L B,2
0000000104446f,00000001044d2b,96,96,R F L B,2
000000010444ab,000000010444ab,30,30,R F L B,2
000000010444af,000000010445ab,129,129,R F L B,2
000000010444ef,00000001044dab,216,216,R F L B,2
0000000104452b,0000000104442f,49,49,R F L B,2
0000000104452f,0000000104452f,170,170,R F L B,2
0000000104456f,00000001044d6b,220,220,R F L B,2
000000010445ab,000000010444af,129,129,R F L B,2
000000010445af,000000010445af,390,390,R F L B,2
000000010445ef,00000001044deb,421,421,R F L B,2
0000000104482d,0000000104482d,48,12,U R F D L B,3
0000000104482f,0000000104482f,124,124,U R F D L B,3
0000000104486d,0000000104486d,496,124,U R F D L B,3
0000000104486f,0000000104486f,992,992,U R F D L B,3
000000010448af,000000010448af,296,148,U R F D L B,3
000000010448ef,000000010448ef,2024,1012,U R F D L B,3
0000000104496d,0000000104496d,1592,398,U R F D L B,3
0000000104496f,0000000104496f,2550,2550,U R F D L B,3
000000010449ef,000000010449ef,4336,2168,U R F D L B,3
00000001044c2f,00000001044c2f,42,42,R F L B,2
00000001044c6f,00000001044d2f,141,141,R F L B,2
00000001044caf,00000001044caf,112,112,R F L B,2
00000001044cef,00000001044daf,330,330,R F L B,2
00000001044d2b,0000000104446f,96,96,R F L B,2
00000001044d2f,00000001044c6f,141,141,R F L B,2
00000001044d6b,0000000104456f,220,220,R F L B,2
00000001044d6f,00000001044d6f,300,300,R F L B,2
00000001044dab,000000010444ef,216,216,R F L B,2
00000001044daf,00000001044cef,330,330,R F L B,2
00000001044deb,000000010445ef,421,421,R F L B,2
00000001044def,00000001044def,492,492,R F L B,2
0000000104884d,0000000104884d,84,21,U R F D L B,3
0000000104884f,0000000104884f,226,226,U R F D L B,3
0000000104886d,0000000104886d,208,52,U R F D L B,3
0000000104886f,0000000104886f,516,516,U R F D L B,3
000000010488cf,000000010488cf,472,236,U R F D L B,3
000000010488ef,000000010488ef,532,266,U R F D L B,3
00000001048c4f,00000001048c4f,66,66,U R F D L B,3
00000001048c6f,00000001048c6f,118,118,U R F D L B,3
00000001048ccf,00000001048ccf,118,118,U R F D L B,3
00000001048cef,00000001048cef,222,222,U R F D L B,3
0000000105048b,0000000105048b,8,4,R F L B,2
0000000105048f,0000000105058b,42,21,R F L B,2
000000010504ab,000000010504ab,28,14,R F L B,2
000000010504af,000000010505ab,126,63,R F L B,2
000000010504cf,00000001050d8b,92,46,R F L B,2
000000010504ef,00000001050dab,228,114,R F L B,2
0000000105058b,0000000105048f,42,21,R F L B,2
0000000105058f,0000000105058f,160,80,R F L B,2
000000010505ab,000000010504af,126,63,R F L B,2
000000010505af,000000010505af,404,202,R F L B,2
000000010505cf,00000001050dcb,234,117,R F L B,2
000000010505ef,00000001050deb,470,235,R F L B,2
00000001050c8f,00000001050c8f,36,18,R F L B,2
00000001050caf,00000001050caf,112,56,R F L B,2
00000001050ccf,00000001050d8f,138,69,R F L B,2
00000001050cef,00000001050daf,360,180,R F L B,2
00000001050d8b,000000010504cf,92,46,R F L B,2
00000001050d8f,00000001050ccf,138,69,R F L B,2
00000001050dab,000000010504ef,228,114,R F L B,2
00000001050daf,00000001050cef,360,180,R F L B,2
00000001050dcb,000000010505cf,234,117,R F L B,2
00000001050dcf,00000001050dcf,336,168,R F L B,2
00000001050deb,000000010505ef,470,235,R F L B,2
00000001050def,00000001050def,528,264,R F L B,2
000000010544ab,000000010544ab,12,6,R F L B,2
000000010544af,000000010545ab,46,23,R F L B,2
000000010544ef,00000001054dab,66,33,R F L B,2
000000010545ab,000000010544af,46,23,R F L B,2
000000010545af,000000010545af,124,62,R F L B,2
000000010545ef,00000001054deb,110,55,R F L B,2
00000001054caf,00000001054caf,44,22,R F L B,2
00000001054cef,00000001054daf,118,59,R F L B,2
00000001054dab,000000010544ef,66,33,R F L B,2
00000001054daf,00000001054cef,118,59,R F L B,2
00000001054deb,000000010545ef,110,55,R F L B,2
00000001054def,00000001054def,192,96,R F L B,2
0000000106094d,00000001168149,116,29,U R F D L B,3
0000000106094f,0000000116814b,282,282,U R F D L B,3
0000000106096d,0000000194c849,180,45,U R F D L B,3
0000000106096f,0000000194c84b,401,401,U R F D L B,3
000000010609cf,000000041083e7,284,142,U R F D L B,3
000000010609ef,000000041083ef,504,252,U R F D L B,3
00000001060d4f,00000004108767,62,62,U R F D L B,3
00000001060d6f,0000000410876f,114,114,U R F D L B,3
00000001060dcf,000000041087e7,114,114,U R F D L B,3
00000001060def,000000041087ef,218,218,U R F D L B,3
0000000106446f,0000000410952f,85,85,R F L B,2
000000010644ef,000000041095af,117,117,R F L B,2
0000000106456f,0000000410956f,144,144,R F L B,2
000000010645ef,000000041095ef,218,218,R F L B,2
000000010704cf,00000001150d8b,98,49,R F L B,2
000000010704ef,00000001154d8b,130,65,R F L B,2
000000010705cf,000000011585cb,174,87,R F L B,2
000000010705ef,0000000115cccb,248,124,R F L B,2
000000010c000b,000000010c000b,4,4,R F D L,3
000000010c000f,000000010c000f,67,67,R F D L,3
000000010c002b,000000010c002b,16,16,R F D L,3
000000010c002f,000000010c002f,228,228,R F D L,3
000000010c004f,000000010c004f,443,443,R F D L,3
000000010c006f,000000010c006f,1244,1244,R F D L,3
000000010c0089,000000010c0089,43,43,U R F D L B,3
000000010c008b,0000000144008b,14,14,R F D L,3
000000010c008d,000000010c008d,654,654,U R F D L B,3
000000010c008f,0000000144008f,205,205,R F D L,3
000000010c00a9,000000010c00a9,134,134,U R F D L B,3
000000010c00ab,000000014400ab,52,52,R F D L,3
000000010c00ad,000000010c00ad,1718,1718,U R F D L B,3
000000010c00af,000000014400af,637,637,R F D L,3
000000010c00cd,000000010c00cd,3791,3791,U R F D L B,3
000000010c00cf,000000014400cf,1140,1140,R F D L,3
000000010c00ed,000000010c00ed,8224,8224,U R F D L B,3
000000010c00ef,000000014400ef,2925,2925,R F D L,3
000000010c014f,000000010c014f,1420,1420,R F D L,3
000000010c016f,000000010c016f,3190,3190,R F D L,3
000000010c01cd,000000010c01cd,10283,10283,U R F D L B,3
000000010c01cf,000000014401cf,3004,3004,R F D L,3
000000010c01ed,000000010c01ed,18030,18030,U R F D L B,3
000000010c01ef,000000014401ef,6146,6146,R F D L,3
000000010c0489,000000010c0489,124,124,U R F D L B,3
000000010c048d,000000010c048d,1628,1628,U R F D L B,3
000000010c04a9,000000010c04a9,268,268,U R F L B,3
000000010c04ad,000000010c04ad,2916,2916,U R F L B,3
000000010c04cd,000000010c04cd,7984,7984,U R F D L B,3
000000010c04ed,000000010c04ed,11670,11670,U R F L B,3
000000010c05cd,000000010c05cd,17916,17916,U R F D L B,3
000000010c05ed,000000010c05ed,21126,21126,U R F L B,3
000000010c080f,000000010c080f,31,31,R F D L,3
000000010c082f,000000010c082f,102,102,R F D L,3
000000010c084f,000000010c084f,356,356,R F D L,3
000000010c086f,000000010c086f,966,966,R F D L,3
000000010c088d,000000010c088d,310,310,U R F D L B,3
000000010c088f,0000000144088f,93,93,R F D L,3
000000010c08ad,000000010c08ad,772,772,U R F D L B,3
000000010c08af,000000014408af,286,286,R F D L,3
000000010c08cd,000000010c08cd,3108,3108,U R F D L B,3
000000010c08cf,000000014408cf,891,891,R F D L,3
000000010c08ed,000000010c08ed,6404,6404,U R F D L B,3
000000010c08ef,000000014408ef,2255,2255,R F D L,3
000000010c094f,000000010c094f,1376,1376,R F D L,3
000000010c096f,000000010c096f,2908,2908,R F D L,3
000000010c09cd,000000010c09cd,10090,10090,U R F D L B,3
000000010c09cf,000000014409cf,2806,2806,R F D L,3
000000010c09ed,000000010c09ed,16634,16634,U R F D L B,3
000000010c09ef,000000014409ef,5534,5534,R F D L,3
000000010c0c8d,000000010c0c8d,724,724,U R F D L B,3
000000010c0cad,000000010c0cad,1308,1308,U R F L B,3
000000010c0ccd,000000010c0ccd,6184,6184,U R F D L B,3
000000010c0ced,000000010c0ced,8856,8856,U R F L B,3
000000010c0dcd,000000010c0dcd,16422,16422,U R F D L B,3
000000010c0ded,000000010c0ded,18722,18722,U R F L B,3
000000010c402b,000000010c402b,8,8,R F D L,3
000000010c402f,000000010c402f,94,94,R F D L,3
000000010c406f,000000010c406f,414,414,R F D L,3
000000010c40a9,000000010c40a9,48,48,U R F D L B,3
000000010c40ab,000000014440ab,24,24,R F D L,3
000000010c40ad,000000010c40ad,480,480,U R F D L B,3
000000010c40af,000000014440af,235,235,R F D L,3
000000010c40ed,000000010c40ed,1782,1782,U R F D L B,3
000000010c40ef,000000014440ef,859,859,R F D L,3
000000010c416f,000000010c416f,842,842,R F D L,3
000000010c41ed,000000010c41ed,2954,2954,U R F D L B,3
000000010c41ef,000000014441ef,1380,1380,R F D L,3
000000010c44a9,000000010c44a9,72,72,U R F L B,3
000000010c44ad,000000010c44ad,656,656,U R F L B,3
000000010c44ed,000000010c44ed,2192,2192,U R F L B,3
000000010c45ed,000000010c45ed,3100,3100,U R F L B,3
000000010c482f,000000010c482f,40,40,R F D L,3
000000010c486f,000000010c486f,316,316,R F D L,3
000000010c48ad,000000010c48ad,212,212,U R F D L B,3
000000010c48af,000000014448af,104,104,R F D L,3
000000010c48ed,000000010c48ed,1416,1416,U R F D L B,3
000000010c48ef,000000014448ef,688,688,R F D L,3
000000010c496f,000000010c496f,808,808,R F D L,3
000000010c49ed,000000010c49ed,2926,2926,U R F D L B,3
000000010c49ef,000000014449ef,1358,1358,R F D L,3
000000010c4cad,000000010c4cad,296,296,U R F L B,3
000000010c4ced,000000010c4ced,1796,1796,U R F L B,3
000000010c4ded,000000010c4ded,1504,1504,U R F L B,3
000000010c884f,000000010c884f,57,57,R F D L,3
000000010c886f,000000010c886f,150,150,R F D L,3
000000010c88cd,000000010c88cd,480,480,U R F D L B,3
000000010c88cf,000000014488cf,131,131,R F D L,3
000000010c88ed,000000010c88ed,370,370,U R F D L B,3
000000010d0089,0000000144040b,15,15,U R F D L B,3
000000010d008b,0000000144048b,6,6,R F D L,3
000000010d008d,0000000144040f,189,189,U R F D L B,3
000000010d008f,0000000144048f,76,76,R F D L,3
000000010d00a9,0000000144042b,43,43,U R F D L B,3
000000010d00ab,000000014404ab,22,22,R F D L,3
000000010d00ad,0000000144042f,452,452,U R F D L B,3
000000010d00af,000000014404af,229,229,R F D L,3
000000010d00cd,0000000144044f,878,878,U R F D L B,3
000000010d00cf,000000014404cf,363,363,R F D L,3
000000010d00ed,0000000144046f,1762,1762,U R F D L B,3
000000010d00ef,000000014404ef,888,888,R F D L,3
000000010d01cd,0000000144054f,1841,1841,U R F D L B,3
000000010d01cf,000000014405cf,788,788,R F D L,3
000000010d01ed,0000000144056f,2966,2966,U R F D L B,3
000000010d01ef,000000014405ef,1463,1463,R F D L,3
000000010d0489,0000000145040b,38,38,U R F D L B,3
000000010d048d,0000000145040f,396,396,U R F D L B,3
000000010d04a9,0000000145042b,66,66,U R F L B,3
000000010d04ad,0000000145042f,598,598,U R F L B,3
000000010d04cd,0000000145044f,1524,1524,U R F D L B,3
000000010d04ed,0000000145046f,1990,1990,U R F L B,3
000000010d05cd,0000000145054f,2603,2603,U R F D L B,3
000000010d05ed,0000000145056f,2820,2820,U R F L B,3
000000010d088d,00000001440c0f,84,84,U R F D L B,3
000000010d088f,00000001440c8f,34,34,R F D L,3
000000010d08ad,00000001440c2f,198,198,U R F D L B,3
000000010d08af,00000001440caf,104,104,R F D L,3
000000010d08cd,00000001440c4f,696,696,U R F D L B,3
000000010d08cf,00000001440ccf,294,294,R F D L,3
000000010d08ed,00000001440c6f,1410,1410,U R F D L B,3
000000010d08ef,00000001440cef,744,744,R F D L,3
000000010d09cd,00000001440d4f,1852,1852,U R F D L B,3
000000010d09cf,00000001440dcf,801,801,R F D L,3
000000010d09ed,00000001440d6f,2967,2967,U R F D L B,3
000000010d09ef,00000001440def,1513,1513,R F D L,3
000000010d0c8d,00000001450c0f,170,170,U R F D L B,3
000000010d0cad,00000001450c2f,268,268,U R F L B,3
000000010d0ccd,00000001450c4f,1180,1180,U R F D L B,3
000000010d0ced,00000001450c6f,1614,1614,U R F L B,3
000000010d0dcd,00000001450d4f,2322,2322,U R F D L B,3
000000010d0ded,00000001450d6f,1136,1136,U R F L B,3
000000010e094f,000000011e814b,78,78,R F D L,3
000000010e096f,000000019cc84b,130,130,R F D L,3
000000010e09cd,000000041883e5,200,200,U R F D L B,3
000000010e09cf,000000041883e7,121,121,R F D L,3
000000010e09ed,000000041883ed,356,356,U R F D L B,3
000000010e09ef,000000041883ef,219,219,R F D L,3
000000010e45ed,000000010e45ed,1592,1592,U R F L B,3
000000010f05ed,0000000147056f,1312,1312,U R F L B,3
000000010f09cd,000000041983e5,56,56,U R F D L,3
000000010f09cf,000000041983e7,53,53,R F D L,3
000000010f09ed,000000041983ed,102,102,U R F D L,3
000000010f09ef,000000041983ef,99,99,R F D L,3
00000001140949,00000001140949,4484,1121,U R F D L B,3
0000000114094b,0000000114094b,8778,8778,U R F D L B,3
000000011409cb,000000011409cb,16276,8138,U R F D L B,3
00000001140d4b,00000001140d4b,1866,1866,U R F D L B,3
00000001140dcb,00000001140dcb,3130,3130,U R F D L B,3
00000001144949,00000001144949,10120,2530,U R F D L B,3
0000000114494b,0000000114494b,16220,16220,U R F D L B,3
000000011449cb,000000011449cb,23768,11884,U R F D L B,3
00000001144d4b,00000001144d4b,3168,3168,U R F D L B,3
00000001144dcb,00000001144dcb,4414,4414,U R F D L B,3
00000001150d8b,000000010704cf,98,49,R F L B,2
00000001150dcb,00000001870ccb,160,80,R F L B,2
00000001154d8b,000000010704ef,130,65,R F L B,2
00000001154dcb,00000001874ccb,192,96,R F L B,2
000000011585cb,000000010705cf,174,87,R F L B,2
0000000115cccb,000000010705ef,248,124,R F L B,2
00000001160949,00000001160949,4780,1195,U R F D L B,3
0000000116094b,0000000116094b,8920,8920,U R F D L B,3
000000011609cb,000000011609cb,15156,7578,U R F D L B,3
00000001160d4b,00000001160d4b,1562,1562,U R F D L B,3
00000001160dcb,00000001160dcb,2136,2136,U R F D L B,3
00000001164949,00000001164949,9792,2448,U R F D L B,3
0000000116494b,0000000116494b,14944,14944,U R F D L B,3
000000011649cb,000000011649cb,19884,9942,U R F D L B,3
00000001164d4b,0000000186cc0f,1078,1078,U R F D L B,3
00000001164dcb,0000000186cc8f,1556,1556,U R F D L B,3
00000001168149,0000000106094d,116,29,U R F D L B,3
0000000116814b,0000000106094f,282,282,U R F D L B,3
000000011681cb,000000041681e6,172,86,U R F D L B,3
00000001170ccb,00000001170ccb,200,100,R F L B,2
000000011745cb,000000011745cb,176,88,R F L B,2
00000001174ccb,00000001174ccb,304,152,R F L B,2
00000001174dcb,000000041597e6,136,68,R F L B,2
000000011c094b,000000011c094b,2316,2316,R F D L,3
000000011c09c9,000000011c09c9,13708,13708,U R F D L B,3
000000011c09cb,000000015409cb,3966,3966,R F D L,3
000000011c0dc9,000000011c0dc9,19684,19684,U R F D L B,3
000000011c494b,000000011c494b,4086,4086,R F D L,3
000000011c49c9,000000011c49c9,19360,19360,U R F D L B,3
000000011c49cb,000000015449cb,6381,6381,R F D L,3
000000011c4dc9,000000011c4dc9,18710,18710,U R F L B,3
000000011d09c9,00000001540d4b,1690,1690,U R F D L B,3
000000011d09cb,00000001540dcb,768,768,R F D L,3
000000011d0dc9,00000001550d4b,1858,1858,U R F D L B,3
000000011d49c9,00000001544d4b,2155,2155,U R F D L B,3
000000011d49cb,00000001544dcb,1003,1003,R F D L,3
000000011d4dc9,00000001554d4b,1654,1654,U R F L B,3
000000011e094b,000000011e094b,2220,2220,R F D L,3
000000011e09c9,000000011e09c9,13602,13602,U R F D L B,3
000000011e09cb,000000015609cb,3620,3620,R F D L,3
000000011e0dc9,000000011e0dc9,17938,17938,U R F D L B,3
000000011e494b,000000011e494b,3602,3602,R F D L,3
000000011e49c9,000000011e49c9,17726,17726,U R F D L B,3
000000011e49cb,000000015649cb,5502,5502,R F D L,3
000000011e4dc9,000000011e4dc9,15904,15904,U R F L B,3
000000011e814b,000000010e094f,78,78,R F D L,3
000000011e81c9,000000041e81e4,178,178,U R F D L B,3
000000011e81cb,000000041e81e6,65,65,R F D L,3
000000011f09c9,00000001560d4b,1852,1852,U R F D L B,3
000000011f09cb,00000001c60ccf,438,438,R F D L,3
000000011f0dc9,00000001570d4b,1298,1298,U R F D L B,3
000000011f49c9,000000041d93e4,407,407,U R F D L B,3
000000011f49cb,000000041d93e6,221,221,R F D L,3
000000011f4dc9,000000041d97e4,338,338,U R F L B,3
0000000144008b,000000010c008b,14,14,R D L B,3
0000000144008f,000000010c008f,205,205,R D L B,3
000000014400ab,000000010c00ab,52,52,R D L B,3
000000014400af,000000010c00af,637,637,R D L B,3
000000014400cf,000000010c00cf,1140,1140,R D L B,3
000000014400ef,000000010c00ef,2925,2925,R D L B,3
000000014401cf,000000010c01cf,3004,3004,R D L B,3
000000014401ef,000000010c01ef,6146,6146,R D L B,3
0000000144040b,000000010d0089,15,15,U R F D L B,3
0000000144040f,000000010d008d,189,189,U R F D L B,3
0000000144042b,000000010d00a9,43,43,U R F D L B,3
0000000144042f,000000010d00ad,452,452,U R F D L B,3
0000000144044f,000000010d00cd,878,878,U R F D L B,3
0000000144046f,000000010d00ed,1762,1762,U R F D L B,3
0000000144048b,000000010d008b,6,6,R D L B,3
0000000144048f,000000010d008f,76,76,R D L B,3
000000014404ab,000000010d00ab,22,22,R D L B,3
000000014404af,000000010d00af,229,229,R D L B,3
000000014404cf,000000010d00cf,363,363,R D L B,3
000000014404ef,000000010d00ef,888,888,R D L B,3
0000000144054f,000000010d01cd,1841,1841,U R F D L B,3
0000000144056f,000000010d01ed,2966,2966,U R F D L B,3
000000014405cf,000000010d01cf,788,788,R D L B,3
000000014405ef,000000010d01ef,1463,1463,R D L B,3
0000000144088f,000000010c088f,93,93,R D L B,3
000000014408af,000000010c08af,286,286,R D L B,3
000000014408cf,000000010c08cf,891,891,R D L B,3
000000014408ef,000000010c08ef,2255,2255,R D L B,3
000000014409cf,000000010c09cf,2806,2806,R D L B,3
000000014409ef,000000010c09ef,5534,5534,R D L B,3
00000001440c0f,000000010d088d,84,84,U R F D L B,3
00000001440c2f,000000010d08ad,198,198,U R F D L B,3
00000001440c4f,000000010d08cd,696,696,U R F D L B,3
00000001440c6f,000000010d08ed,1410,1410,U R F D L B,3
00000001440c8f,000000010d088f,34,34,R D L B,3
00000001440caf,000000010d08af,104,104,R D L B,3
00000001440ccf,000000010d08cf,294,294,R D L B,3
00000001440cef,000000010d08ef,744,744,R D L B,3
00000001440d4f,000000010d09cd,1852,1852,U R F D L B,3
00000001440d6f,000000010d09ed,2967,2967,U R F D L B,3
00000001440dcf,000000010d09cf,801,801,R D L B,3
00000001440def,000000010d09ef,1513,1513,R D L B,3
000000014440ab,000000010c40ab,24,24,R D L B,3
000000014440af,000000010c40af,235,235,R D L B,3
000000014440ef,000000010c40ef,859,859,R D L B,3
000000014441ef,000000010c41ef,1380,1380,R D L B,3
000000014448af,000000010c48af,104,104,R D L B,3
000000014448ef,000000010c48ef,688,688,R D L B,3
000000014449ef,000000010c49ef,1358,1358,R D L B,3
000000014488cf,000000010c88cf,131,131,R D L B,3
0000000145040b,000000010d0489,38,38,U R F D L B,3
0000000145040f,000000010d048d,396,396,U R F D L B,3
0000000145042b,000000010d04a9,66,66,U R F L B,3
0000000145042f,000000010d04ad,598,598,U R F L B,3
0000000145044f,000000010d04cd,1524,1524,U R F D L B,3
0000000145046f,000000010d04ed,1990,1990,U R F L B,3
0000000145054f,000000010d05cd,2603,2603,U R F D L B,3
0000000145056f,000000010d05ed,2820,2820,U R F L B,3
00000001450c0f,000000010d0c8d,170,170,U R F D L B,3
00000001450c2f,000000010d0cad,268,268,U R F L B,3
00000001450c4f,000000010d0ccd,1180,1180,U R F D L B,3
00000001450c6f,000000010d0ced,1614,1614,U R F L B,3
00000001450d4f,000000010d0dcd,2322,2322,U R F D L B,3
00000001450d6f,000000010d0ded,1136,1136,U R F L B,3
0000000147056f,000000010f05ed,1312,1312,U R F L B,3
000000014c008b,000000014c008b,4,4,R D L,2
000000014c008f,000000014c018b,30,30,R D L,2
000000014c00ab,000000014c00ab,16,16,R D L,2
000000014c00af,000000014c01ab,100,100,R D L,2
000000014c00cf,000000014c098b,93,93,R D L,2
000000014c00ef,000000014c09ab,254,254,R D L,2
000000014c018b,000000014c008f,30,30,R D L,2
000000014c018f,000000014c018f,156,156,R D L,2
000000014c01ab,000000014c00af,100,100,R D L,2
000000014c01af,000000014c01af,428,428,R D L,2
000000014c01cf,000000014c09cb,319,319,R D L,2
000000014c01ef,000000014c09eb,703,703,R D L,2
000000014c088f,000000014c088f,28,28,R D L,2
000000014c08af,000000014c08af,92,92,R D L,2
000000014c08cf,000000014c098f,138,138,R D L,2
000000014c08ef,000000014c09af,354,354,R D L,2
000000014c098b,000000014c00cf,93,93,R D L,2
000000014c098f,000000014c08cf,138,138,R D L,2
000000014c09ab,000000014c00ef,254,254,R D L,2
000000014c09af,000000014c08ef,354,354,R D L,2
000000014c09cb,000000014c01cf,319,319,R D L,2
000000014c09cf,000000014c09cf,388,388,R D L,2
000000014c09eb,000000014c01ef,703,703,R D L,2
000000014c09ef,000000014c09ef,648,648,R D L,2
000000014c40ab,000000014c40ab,8,8,R D L,2
000000014c40af,000000014c41ab,40,40,R D L,2
000000014c40ef,000000014c49ab,80,80,R D L,2
000000014c41ab,000000014c40af,40,40,R D L,2
000000014c41af,000000014c41af,140,140,R D L,2
000000014c41ef,000000014c49eb,183,183,R D L,2
000000014c48af,000000014c48af,36,36,R D L,2
000000014c48ef,000000014c49af,122,122,R D L,2
000000014c49ab,000000014c40ef,80,80,R D L,2
000000014c49af,000000014c48ef,122,122,R D L,2
000000014c49eb,000000014c41ef,183,183,R D L,2
000000014c49ef,000000014c49ef,260,260,R D L,2
000000014d0409,000000014d0409,36,36,U R F D L B,3
000000014d040d,000000014d040d,388,388,U R F D L B,3
000000014d0429,000000014d0429,76,76,U R F L B,3
000000014d042d,000000014d042d,684,684,U R F L B,3
000000014d044d,000000014d044d,1536,1536,U R F D L B,3
000000014d046d,000000014d046d,2246,2246,U R F L B,3
000000014d054d,000000014d054d,2762,2762,U R F D L B,3
000000014d056d,000000014d056d,3160,3160,U R F L B,3
000000014d0c0d,000000014d0c0d,160,160,U R F D L B,3
000000014d0c2d,000000014d0c2d,304,304,U R F L B,3
000000014d0c4d,000000014d0c4d,1140,1140,U R F D L B,3
000000014d0c6d,000000014d0c6d,1788,1788,U R F L B,3
000000014d0d4d,000000014d0d4d,2656,2656,U R F D L B,3
000000014d0d6d,000000014d0d6d,1332,1332,U R F L B,3
000000014e00cf,000000015c098b,145,145,R D L,2
000000014e00ef,000000015c498b,300,300,R D L,2
000000014e01cf,000000015c81cb,215,215,R D L,2
000000014e01ef,000000015cc8cb,340,340,R D L,2
000000014e40ef,000000045891af,72,72,R D L,2
000000014e41ef,000000045891ef,125,125,R D L,2
000000014f056d,000000014f056d,1532,1532,U R F L B,3
000000015409cb,000000011c09cb,3966,3966,R D L B,3
00000001540d4b,000000011d09c9,1690,1690,U R F D L B,3
00000001540dcb,000000011d09cb,768,768,R D L B,3
000000015449cb,000000011c49cb,6381,6381,R D L B,3
00000001544d4b,000000011d49c9,2155,2155,U R F D L B,3
00000001544dcb,000000011d49cb,1003,1003,R D L B,3
00000001550d4b,000000011d0dc9,1858,1858,U R F D L B,3
00000001554d4b,000000011d4dc9,1654,1654,U R F L B,3
000000015609cb,000000011e09cb,3620,3620,R D L B,3
00000001560d4b,000000011f09c9,1852,1852,U R F D L B,3
00000001560dcb,000000045487e6,173,173,R D L B,3
000000015649cb,000000011e49cb,5502,5502,R D L B,3
00000001564d4b,00000004549766,306,306,U R D L B,3
00000001564dcb,000000045497e6,182,182,R D L B,3
00000001570d4b,000000011f0dc9,1298,1298,U R F D L B,3
000000015c098b,000000014e00cf,145,145,R D L,2
000000015c09cb,00000001ce08cb,324,324,R D L,2
000000015c498b,000000014e00ef,300,300,R D L,2
000000015c49cb,00000001ce48cb,556,556,R D L,2
000000015c81cb,000000014e01cf,215,215,R D L,2
000000015cc8cb,000000014e01ef,340,340,R D L,2
000000015d0d49,000000015d0d49,1998,1998,U R F D L B,3
000000015d4d49,000000015d4d49,1780,1780,U R F L B,3
000000015e08cb,000000015e08cb,404,404,R D L,2
000000015e48cb,000000015e48cb,708,708,R D L,2
000000015f0d49,000000045d8764,596,596,U R F D L B,3
000000015f4d49,000000045d9764,324,324,U R F L B,3
0000000186cc0f,00000001164d4b,1078,1078,U R F D L B,3
0000000186cc8f,00000001164dcb,1556,1556,U R F D L B,3
00000001870ccb,00000001150dcb,160,80,R F L B,2
00000001874ccb,00000001154dcb,192,96,R F L B,2
00000001878c8f,000000043386a7,134,67,R F L B,2
0000000187cc8f,000000043396a7,208,104,R F L B,2
000000018f08cf,00000001c68c8f,241,241,R F D L,3
000000018f48cd,00000001c6cc0f,564,564,U R F D L B,3
000000018f48cf,00000001c6cc8f,306,306,R F D L,3
000000018fc88d,00000001c64c4f,722,722,U R F D L B,3
000000018fc88f,00000001c64ccf,388,388,R F D L,3
0000000194c0cb,000000043611a6,244,122,U R F D L B,3
0000000194c849,0000000106096d,180,45,U R F D L B,3
0000000194c84b,0000000106096f,401,401,U R F D L B,3
0000000194c8cb,000000043613a6,222,111,U R F D L B,3
000000019cc0c9,000000043e11a4,255,255,U R F D L B,3
000000019cc84b,000000010e096f,130,130,R F D L,3
000000019cc8c9,000000043e13a4,173,173,U R F D L B,3
000000019cc8cb,000000043e13a6,80,80,R F D L,3
00000001c54c4f,00000004711727,304,304,U R F L B,3
00000001c60ccf,000000011f09cb,438,438,R D L B,3
00000001c64c4f,000000018fc88d,722,722,U R F D L B,3
00000001c64ccf,000000018fc88f,388,388,R D L B,3
00000001c68c8f,000000018f08cf,241,241,R D L B,3
00000001c6cc0f,000000018f48cd,564,564,U R F D L B,3
00000001c6cc8f,000000018f48cf,306,306,R D L B,3
00000001c74c4f,00000004719727,230,230,U R F L B,3
00000001c7cc0f,00000004739627,394,394,U R F L B,3
00000001ce00cf,000000047881a7,106,106,R D L,2
00000001ce08cb,000000015c09cb,324,324,R D L,2
00000001ce40cf,000000047891a7,130,130,R D L,2
00000001ce48cb,000000015c49cb,556,556,R D L,2
00000001ce888f,000000047a82a7,155,155,R D L,2
00000001cec88f,000000047a92a7,256,256,R D L,2
00000001cfcc0d,000000047b9625,426,426,U R F L B,3
000000041083e7,000000010609cf,284,142,U R F D L B,3
000000041083ef,000000010609ef,504,252,U R F D L B,3
00000004108767,00000001060d4f,62,62,U R F D L B,3
0000000410876f,00000001060d6f,114,114,U R F D L B,3
000000041087e7,00000001060dcf,114,114,U R F D L B,3
000000041087ef,00000001060def,218,218,U R F D L B,3
0000000410952f,0000000106446f,85,85,R F L B,2
0000000410956f,0000000106456f,144,144,R F L B,2
000000041095af,000000010644ef,117,117,R F L B,2
000000041095ef,000000010645ef,218,218,R F L B,2
000000041597e6,00000001174dcb,136,68,R F L B,2
000000041681e6,000000011681cb,172,86,U R F D L B,3
000000041883e5,000000010e09cd,200,200,U R F D L B,3
000000041883e7,000000010e09cf,121,121,R F D L,3
000000041883ed,000000010e09ed,356,356,U R F D L B,3
000000041883ef,000000010e09ef,219,219,R F D L,3
000000041983e5,000000010f09cd,56,56,U R F D L,3
000000041983e7,000000010f09cf,53,53,R F D L,3
000000041983ed,000000010f09ed,102,102,U R F D L,3
000000041983ef,000000010f09ef,99,99,R F D L,3
000000041d93e4,000000011f49c9,407,407,U R F D L B,3
000000041d93e6,000000011f49cb,221,221,R F D L,3
000000041d97e4,000000011f4dc9,338,338,U R F L B,3
000000041e81e4,000000011e81c9,178,178,U R F D L B,3
000000041e81e6,000000011e81cb,65,65,R F D L,3
000000043386a7,00000001878c8f,134,67,R F L B,2
000000043396a7,0000000187cc8f,208,104,R F L B,2
000000043611a6,0000000194c0cb,244,122,U R F D L B,3
000000043613a6,0000000194c8cb,222,111,U R F D L B,3
000000043e11a4,000000019cc0c9,255,255,U R F D L B,3
000000043e13a4,000000019cc8c9,173,173,U R F D L B,3
000000043e13a6,000000019cc8cb,80,80,R F D L,3
000000045487e6,00000001560dcb,173,173,R D L B,3
00000004549766,00000001564d4b,306,306,U R D L B,3
000000045497e6,00000001564dcb,182,182,R D L B,3
000000045891af,000000014e40ef,72,72,R D L,2
000000045891ef,000000014e41ef,125,125,R D L,2
000000045d8764,000000015f0d49,596,596,U R F D L B,3
000000045d9764,000000015f4d49,324,324,U R F L B,3
00000004711727,00000001c54c4f,304,304,U R F L B,3
00000004719727,00000001c74c4f,230,230,U R F L B,3
00000004739627,00000001c7cc0f,394,394,U R F L B,3
000000047881a7,00000001ce00cf,106,106,R D L,2
000000047891a7,00000001ce40cf,130,130,R D L,2
000000047a82a7,00000001ce888f,155,155,R D L,2
000000047a92a7,00000001cec88f,256,256,R D L,2
000000047b9625,00000001cfcc0d,426,426,U R F L B,3
0000000514002d,0000000514002d,16,4,U R F D L B,3
0000000514002f,0000000514002f,48,24,U R F D L B,3
0000000514006d,0000000514006d,224,28,U R F D L B,3
0000000514006f,0000000514006f,576,288,U R F D L B,3
000000051400af,000000051400af,128,34,U R F D L B,3
000000051400ef,000000051400ef,1312,328,U R F D L B,3
0000000514016d,0000000514016d,1120,146,U R F D L B,3
0000000514016f,0000000514016f,2356,1178,U R F D L B,3
000000051401ef,000000051401ef,4540,1140,U R F D L B,3
0000000514042f,0000000514042f,20,13,U R F D L B,3
0000000514046f,0000000514046f,212,106,U R F D L B,3
000000051404af,000000051404af,56,28,U R F D L B,3
000000051404ef,000000051404ef,492,246,U R F D L B,3
0000000514056f,0000000514056f,746,380,U R F D L B,3
000000051405ef,000000051405ef,1430,715,U R F D L B,3
0000000514806d,0000000514806d,92,12,U R F D L B,3
0000000514806f,0000000514806f,242,121,U R F D L B,3
000000051480ef,000000051480ef,512,128,U R F D L B,3
0000000514816d,0000000514816d,736,92,U R F D L B,3
0000000514816f,0000000514816f,1512,756,U R F D L B,3
000000051481ef,000000051481ef,2720,680,U R F D L B,3
0000000514846f,0000000514846f,88,44,U R F D L B,3
000000051484ef,000000051484ef,168,84,U R F D L B,3
0000000514856f,0000000514856f,424,212,U R F D L B,3
000000051485ef,000000051485ef,736,368,U R F D L B,3
000000051504af,000000051504af,24,9,R F L B,2
000000051504ef,000000051505af,88,22,R F L B,2
000000051505af,000000051504ef,88,22,R F L B,2
000000051505ef,000000051505ef,212,53,R F L B,2
000000051584ef,000000051584ef,80,20,R F L B,2
000000051585af,000000051704ef,104,29,R F L B,2
000000051585ef,000000051705ef,156,39,R F L B,2
0000000516816d,0000000516816d,60,8,U R F D L B,3
0000000516816f,0000000516816f,132,66,U R F D L B,3
000000051681ef,000000051681ef,120,60,U R F D L B,3
0000000516856f,0000000516856f,25,25,U R F L B,3
000000051685ef,000000051685ef,43,43,U R F L B,3
000000051704ef,000000051585af,104,29,R F L B,2
000000051705ef,000000051585ef,156,39,R F L B,2
000000051c002f,000000051c002f,16,10,R F D L,3
000000051c006f,000000051c006f,184,92,R F D L,3
000000051c00ad,000000051c00ad,110,58,U R F D L B,3
000000051c00af,000000051c00af,48,48,R F D L,3
000000051c00ed,000000051c00ed,1090,545,U R F D L B,3
000000051c00ef,000000051c00ef,472,472,R F D L,3
000000051c016f,000000051c016f,734,372,R F D L,3
000000051c01ed,000000051c01ed,3608,1811,U R F D L B,3
000000051c01ef,000000051c01ef,1562,1562,R F D L,3
000000051c04ad,000000051c04ad,172,86,U R F L B,3
000000051c04ed,000000051c04ed,1540,770,U R F L B,3
000000051c05ed,000000051c05ed,4472,2236,U R F L B,3
000000051c806f,000000051c806f,79,40,R F D L,3
000000051c80ed,000000051c80ed,479,241,U R F D L B,3
000000051c80ef,000000051c80ef,196,196,R F D L,3
000000051c816f,000000051c816f,444,222,R F D L,3
000000051c81ed,000000051c81ed,2408,1204,U R F D L B,3
000000051c81ef,000000051c81ef,970,970,R F D L,3
000000051c84ed,000000051c84ed,666,333,U R F L B,3
000000051c85ed,000000051c85ed,1380,690,U R F L B,3
000000051d00ad,000000051d00ad,33,33,U R F D L,3
000000051d00af,000000051d00af,20,20,R F D L,3
000000051d00ed,000000051d00ed,262,262,U R F D L,3
000000051d00ef,000000051d00ef,166,166,R F D L,3
000000051d01ed,000000051d01ed,686,686,U R F D L,3
000000051d01ef,000000051d01ef,451,451,R F D L,3
000000051d80ed,000000051d80ed,120,120,U R F D L,3
000000051d80ef,000000051d80ef,76,76,R F D L,3
000000051d81ed,000000051d81ed,524,524,U R F D L,3
000000051d81ef,000000051d81ef,340,340,R F D L,3
000000051d856d,000000051d856d,1380,690,U R F L B,3
000000051e816f,000000051e816f,41,21,R F D L,3
000000051e81ed,000000051e81ed,83,83,U R F D L B,3
000000051e81ef,000000051e81ef,55,55,R F D L,3
000000051f81ef,000000051f81ef,24,24,R F D L,3
000000055c00af,000000055c00af,16,10,R D L,2
000000055c00ef,000000055c01af,80,40,R D L,2
000000055c01af,000000055c00ef,80,40,R D L,2
000000055c01ef,000000055c01ef,256,128,R D L,2
000000055c81af,000000055e00ef,139,72,R D L,2
000000055d042d,000000055d042d,46,26,U R F L B,3
000000055d046d,000000055d046d,344,172,U R F L B,3
000000055d056d,000000055d056d,840,426,U R F L B,3
000000055d846d,000000055d846d,160,80,U R F L B,3
000000055d856d,000000055f056d,326,163,U R F L B,3
000000055e00ef,000000055c81af,139,72,R D L,2
000000055f056d,000000055d856d,326,163,U R F L B,3
00000009240049,00000009240049,4,1,U R F D L B,3
0000000924004b,0000000924004b,13,13,U R F D L B,3
0000000924004d,0000000924004d,64,16,U R F D L B,3
0000000924004f,0000000924004f,184,184,U R F D L B,3
00000009240069,00000009240069,16,4,U R F D L B,3
0000000924006b,0000000924006b,48,48,U R F D L B,3
0000000924006d,0000000924006d,224,56,U R F D L B,3
0000000924006f,0000000924006f,574,574,U R F D L B,3
000000092400cb,000000092400cb,42,21,U R F D L B,3
000000092400cf,000000092400cf,520,260,U R F D L B,3
000000092400eb,000000092400eb,140,70,U R F D L B,3
000000092400ef,000000092400ef,1428,714,U R F D L B,3
0000000924014d,0000000924014d,396,99,U R F D L B,3
0000000924014f,0000000924014f,973,973,U R F D L B,3
0000000924016d,0000000924016d,1176,294,U R F D L B,3
0000000924016f,0000000924016f,2519,2519,U R F D L B,3
000000092401cf,000000092401cf,2366,1183,U R F D L B,3
000000092401ef,000000092401ef,4938,2469,U R F D L B,3
0000000924044b,0000000924044b,5,5,R F L B,2
0000000924044f,0000000924054b,30,30,R F L B,2
0000000924046b,0000000924046b,19,19,R F L B,2
0000000924046f,0000000924056b,92,92,R F L B,2
000000092404cb,000000092404cb,16,16,R F L B,2
000000092404cf,000000092405cb,80,80,R F L B,2
000000092404eb,000000092404eb,56,56,R F L B,2
000000092404ef,000000092405eb,234,234,R F L B,2
0000000924054b,0000000924044f,30,30,R F L B,2
0000000924054f,0000000924054f,117,117,R F L B,2
0000000924056b,0000000924046f,92,92,R F L B,2
0000000924056f,0000000924056f,289,289,R F L B,2
000000092405cb,000000092404cf,80,80,R F L B,2
000000092405cf,000000092405cf,268,268,R F L B,2
000000092405eb,000000092404ef,234,234,R F L B,2
000000092405ef,000000092405ef,638,638,R F L B,2
0000000924084d,0000000924084d,28,7,U R F D L B,3
0000000924084f,0000000924084f,80,80,U R F D L B,3
0000000924086d,0000000924086d,88,22,U R F D L B,3
0000000924086f,0000000924086f,208,208,U R F D L B,3
000000092408cf,000000092408cf,188,94,U R F D L B,3
000000092408ef,000000092408ef,468,234,U R F D L B,3
0000000924094d,0000000924094d,288,72,U R F D L B,3
0000000924094f,0000000924094f,704,704,U R F D L B,3
0000000924096d,0000000926016d,328,82,U R F D L B,3
0000000924096f,0000000926016f,485,485,U R F D L B,3
000000092409cf,000000092601cf,566,283,U R F D L B,3
000000092409ef,000000092601ef,790,395,U R F D L B,3
00000009240c4f,00000009240c4f,25,25,R F L B,2
00000009240c6f,00000009240c6f,78,78,R F L B,2
00000009240ccf,00000009240ccf,66,66,R F L B,2
00000009240cef,00000009240cef,188,188,R F L B,2
00000009240d4b,0000000926044f,71,71,R F L B,2
00000009240d6b,0000000926046f,173,173,R F L B,2
00000009240dcb,000000092604cf,161,161,R F L B,2
00000009240deb,000000092604ef,354,354,R F L B,2
00000009244069,00000009244069,8,2,U R F D L B,3
0000000924406b,0000000924406b,22,22,U R F D L B,3
0000000924406d,00000009244169,48,12,U R F D L B,3
0000000924406f,0000000924416b,104,104,U R F D L B,3
000000092440eb,000000092440eb,62,31,U R F D L B,3
000000092440ef,000000092441eb,246,123,U R F D L B,3
00000009244169,0000000924406d,48,12,U R F D L B,3
0000000924416b,0000000924406f,104,104,U R F D L B,3
0000000924416d,0000000924416d,192,48,U R F D L B,3
0000000924416f,0000000924416f,334,334,U R F D L B,3
000000092441eb,000000092440ef,246,123,U R F D L B,3
000000092441ef,000000092441ef,668,334,U R F D L B,3
0000000924446b,0000000924446b,9,9,R F L B,2
0000000924446f,0000000924456b,34,34,R F L B,2
000000092444eb,000000092444eb,25,25,R F L B,2
000000092444ef,000000092445eb,84,84,R F L B,2
0000000924456b,0000000924446f,34,34,R F L B,2
0000000924456f,0000000924456f,89,89,R F L B,2
000000092445eb,000000092444ef,84,84,R F L B,2
000000092445ef,000000092445ef,191,191,R F L B,2
0000000924486d,0000000924486d,32,8,U R F D L B,3
0000000924486f,0000000924486f,76,76,U R F D L B,3
000000092448ef,000000092448ef,180,90,U R F D L B,3
00000009244969,0000000926406d,112,28,U R F D L B,3
0000000924496b,0000000926406f,193,193,U R F D L B,3
000000092449eb,000000092640ef,356,178,U R F D L B,3
00000009244c6f,00000009244c6f,29,29,R F L B,2
00000009244cef,00000009244cef,74,74,R F L B,2
00000009244d6b,0000000926446f,49,49,R F L B,2
00000009244deb,000000092644ef,79,79,R F L B,2
000000092504cb,000000092504cb,6,3,R F L B,2
000000092504cf,000000092505cb,28,14,R F L B,2
000000092504eb,000000092504eb,22,11,R F L B,2
000000092504ef,000000092505eb,84,42,R F L B,2
000000092505cb,000000092504cf,28,14,R F L B,2
000000092505cf,000000092505cf,86,43,R F L B,2
000000092505eb,000000092504ef,84,42,R F L B,2
000000092505ef,000000092505ef,206,103,R F L B,2
00000009250ccf,00000009250ccf,26,13,R F L B,2
00000009250cef,00000009250cef,80,40,R F L B,2
00000009250dcb,000000092704cf,52,26,R F L B,2
00000009250deb,000000092704ef,82,41,R F L B,2
0000000926016d,0000000924096d,328,82,U R F D L B,3
0000000926016f,0000000924096f,485,485,U R F D L B,3
000000092601cf,000000092409cf,566,283,U R F D L B,3
000000092601ef,000000092409ef,790,395,U R F D L B,3
0000000926044f,00000009240d4b,71,71,R F L B,2
0000000926046f,00000009240d6b,173,173,R F L B,2
000000092604cf,00000009240dcb,161,161,R F L B,2
000000092604ef,00000009240deb,354,354,R F L B,2
0000000926406d,00000009244969,112,28,U R F D L B,3
0000000926406f,0000000924496b,193,193,U R F D L B,3
000000092640ef,000000092449eb,356,178,U R F D L B,3
0000000926446f,00000009244d6b,49,49,R F L B,2
000000092644ef,00000009244deb,79,79,R F L B,2
000000092704cf,00000009250dcb,52,26,R F L B,2
000000092704ef,00000009250deb,82,41,R F L B,2
000000092c004b,000000092c004b,4,4,R F D L,3
000000092c004f,000000092c004f,56,56,R F D L,3
000000092c006b,000000092c006b,16,16,R F D L,3
000000092c006f,000000092c006f,184,184,R F D L,3
000000092c00c9,000000092c00c9,36,36,U R F D L B,3
000000092c00cb,000000096400cb,13,13,R F D L,3
000000092c00cd,000000092c00cd,444,444,U R F D L B,3
000000092c00cf,000000096400cf,157,157,R F D L,3
000000092c00e9,000000092c00e9,108,108,U R F D L B,3
000000092c00eb,000000096400eb,48,48,R F D L,3
000000092c00ed,000000092c00ed,1104,1104,U R F D L B,3
000000092c00ef,000000096400ef,466,466,R F D L,3
000000092c014f,000000092c014f,298,298,R F D L,3
000000092c016f,000000092c016f,772,772,R F D L,3
000000092c01cd,000000092c01cd,1996,1996,U R F D L B,3
000000092c01cf,000000096401cf,670,670,R F D L,3
000000092c01ed,000000092c01ed,3870,3870,U R F D L B,3
000000092c01ef,000000096401ef,1555,1555,R F D L,3
000000092c04c9,000000092c04c9,98,98,U R F D L B,3
000000092c04cd,000000092c04cd,1030,1030,U R F D L B,3
000000092c04e9,000000092c04e9,207,207,U R F L B,3
000000092c04ed,000000092c04ed,1656,1656,U R F L B,3
000000092c05cd,000000092c05cd,3639,3639,U R F D L B,3
000000092c05ed,000000092c05ed,4762,4762,U R F L B,3
000000092c084f,000000092c084f,24,24,R F D L,3
000000092c086f,000000092c086f,76,76,R F D L,3
000000092c08cd,000000092c08cd,192,192,U R F D L B,3
000000092c08cf,000000096408cf,66,66,R F D L,3
000000092c08ed,000000092c08ed,308,308,U R F D L B,3
000000092c08ef,000000096408ef,180,180,R F D L,3
000000092c094f,000000092c094f,216,216,R F D L,3
000000092c096f,000000092e016f,200,200,R F D L,3
000000092c09cd,000000092e01cd,482,482,U R F D L B,3
000000092c09cf,000000096601cf,185,185,R F D L,3
000000092c09ed,000000092e01ed,546,546,U R F D L B,3
000000092c09ef,000000096601ef,323,323,R F D L,3
000000092c0ccd,000000092c0ccd,286,286,U R F D L B,3
000000092c0ced,000000092c0ced,400,400,U R F L B,3
000000092c0dcd,000000092e05cd,373,373,U R F L B,3
000000092c0ded,000000092e0ced,311,311,U R F L B,3
000000092c406b,000000092c406b,8,8,R F D L,3
000000092c406f,000000092c416b,36,36,R F D L,3
000000092c40e9,000000092c40e9,36,36,U R F D L B,3
000000092c40eb,000000096440eb,22,22,R F D L,3
000000092c40ed,000000092c41e9,136,136,U R F D L B,3
000000092c40ef,000000096441eb,80,80,R F D L,3
000000092c416b,000000092c406f,36,36,R F D L,3
000000092c416f,000000092c416f,108,108,R F D L,3
000000092c41e9,000000092c40ed,136,136,U R F D L B,3
000000092c41eb,000000096440ef,80,80,R F D L,3
000000092c41ed,000000092c41ed,348,348,U R F D L B,3
000000092c41ef,000000096441ef,198,198,R F D L,3
000000092c44e9,000000092c44e9,50,50,U R F L B,3
000000092c44ed,000000092c45e9,174,174,U R F L B,3
000000092c45e9,000000092c44ed,174,174,U R F L B,3
000000092c45ed,000000092c45ed,408,408,U R F L B,3
000000092c486f,000000092c486f,28,28,R F D L,3
000000092c48ed,000000092c48ed,112,112,U R F D L B,3
000000092c48ef,000000096448ef,68,68,R F D L,3
000000092c496b,000000092e406f,62,62,R F D L,3
000000092c49e9,000000092e40ed,154,154,U R F D L B,3
000000092c49eb,000000096640ef,89,89,R F D L,3
000000092c4ced,000000092c4ced,150,150,U R F L B,3
000000092c4dcd,000000092e05ed,311,311,U R F L B,3
000000092c4de9,000000092e44ed,162,162,U R F L B,3
000000092e016f,000000092c096f,200,200,R F D L,3
000000092e01cd,000000092c09cd,482,482,U R F D L B,3
000000092e01cf,000000096409cf,206,206,R F D L,3
000000092e01ed,000000092c09ed,546,546,U R F D L B,3
000000092e01ef,000000096409ef,326,326,R F D L,3
000000092e05cd,000000092c0dcd,373,373,U R F L B,3
000000092e05ed,000000092c4dcd,311,311,U R F L B,3
000000092e0ced,000000092c0ded,311,311,U R F L B,3
000000092e406f,000000092c496b,62,62,R F D L,3
000000092e40ed,000000092c49e9,154,154,U R F D L B,3
000000092e40ef,000000096449eb,89,89,R F D L,3
000000092e44ed,000000092c4de9,162,162,U R F L B,3
00000009340949,00000009340949,1128,282,U R F D L B,3
0000000934094b,0000000934094b,2318,2318,U R F D L B,3
000000093409cb,000000093409cb,4432,2216,U R F D L B,3
00000009340d4b,00000009a6044f,75,75,R F L B,2
00000009340dcb,00000009a604cf,113,113,R F L B,2
00000009344949,00000009344949,2760,690,U R F D L B,3
0000000934494b,0000000934494b,4562,4562,U R F D L B,3
000000093449cb,000000093449cb,6884,3442,U R F D L B,3
00000009344d4b,00000009a6444f,98,98,R F L B,2
00000009344dcb,00000009a644cf,136,136,R F L B,2
00000009360c4b,00000009a60c4b,169,169,R F L B,2
00000009360ccb,00000009a60ccb,326,326,R F L B,2
00000009364c4b,00000009a64c4b,326,326,R F L B,2
00000009364ccb,00000009a64ccb,390,390,R F L B,2
00000009370ccb,00000009a70ccb,92,46,R F L B,2
00000009374ccb,00000009a74ccb,122,61,R F L B,2
000000093c094b,000000093c094b,700,700,R F D L,3
000000093c09c9,000000093c09c9,3724,3724,U R F D L B,3
000000093c09cb,000000097409cb,1204,1204,R F D L,3
000000093c0dc9,000000093c0dc9,5326,5326,U R F D L B,3
000000093c494b,000000093c494b,1310,1310,R F D L,3
000000093c49c9,000000093c49c9,5484,5484,U R F D L B,3
000000093c49cb,000000097449cb,2025,2025,R F D L,3
000000093c4dc9,000000093e4cc9,2730,2730,U R F L B,3
000000093e4cc9,000000093c4dc9,2730,2730,U R F L B,3
000000096400cb,000000092c00cb,13,13,R D L B,3
000000096400cf,000000092c00cf,157,157,R D L B,3
000000096400eb,000000092c00eb,48,48,R D L B,3
000000096400ef,000000092c00ef,466,466,R D L B,3
000000096401cf,000000092c01cf,670,670,R D L B,3
000000096401ef,000000092c01ef,1555,1555,R D L B,3
000000096408cf,000000092c08cf,66,66,R D L B,3
000000096408ef,000000092c08ef,180,180,R D L B,3
000000096409cf,000000092e01cf,206,206,R D L B,3
000000096409ef,000000092e01ef,326,326,R D L B,3
000000096440eb,000000092c40eb,22,22,R D L B,3
000000096440ef,000000092c41eb,80,80,R D L B,3
000000096441eb,000000092c40ef,80,80,R D L B,3
000000096441ef,000000092c41ef,198,198,R D L B,3
000000096448ef,000000092c48ef,68,68,R D L B,3
000000096449eb,000000092e40ef,89,89,R D L B,3
000000096601cf,000000092c09cf,185,185,R D L B,3
000000096601ef,000000092c09ef,323,323,R D L B,3
000000096640ef,000000092c49eb,89,89,R D L B,3
000000096c00cb,000000096c00cb,4,4,R D L,2
000000096c00cf,000000096c01cb,25,25,R D L,2
000000096c00eb,000000096c00eb,16,16,R D L,2
000000096c00ef,000000096c01eb,80,80,R D L,2
000000096c01cb,000000096c00cf,25,25,R D L,2
000000096c01cf,000000096c01cf,101,101,R D L,2
000000096c01eb,000000096c00ef,80,80,R D L,2
000000096c01ef,000000096c01ef,256,256,R D L,2
000000096c08cf,000000096c08cf,22,22,R D L,2
000000096c08ef,000000096c08ef,70,70,R D L,2
000000096c09cb,000000096e00cf,62,62,R D L,2
000000096c09eb,000000096e00ef,155,155,R D L,2
000000096c40eb,000000096c40eb,8,8,R D L,2
000000096c40ef,000000096c41eb,30,30,R D L,2
000000096c41eb,000000096c40ef,30,30,R D L,2
000000096c41ef,000000096c41ef,78,78,R D L,2
000000096c48ef,000000096c48ef,26,26,R D L,2
000000096c49eb,000000096e40ef,43,43,R D L,2
000000096e00cf,000000096c09cb,62,62,R D L,2
000000096e00ef,000000096c09eb,155,155,R D L,2
000000096e40ef,000000096c49eb,43,43,R D L,2
000000097409cb,000000093c09cb,1204,1204,R D L B,3
000000097449cb,000000093c49cb,2025,2025,R D L B,3
000000097c09cb,00000009ee00cf,69,69,R D L,2
000000097c49cb,00000009ee40cf,89,89,R D L,2
000000097e08cb,00000009ee08cb,152,152,R D L,2
000000097e48cb,00000009ee48cb,296,296,R D L,2
00000009a6044f,00000009340d4b,75,75,R F L B,2
00000009a604cf,00000009340dcb,113,113,R F L B,2
00000009a60c4b,00000009360c4b,169,169,R F L B,2
00000009a60ccb,00000009360ccb,326,326,R F L B,2
00000009a6444f,00000009344d4b,98,98,R F L B,2
00000009a644cf,00000009344dcb,136,136,R F L B,2
00000009a64c4b,00000009364c4b,326,326,R F L B,2
00000009a64ccb,00000009364ccb,390,390,R F L B,2
00000009a70ccb,00000009370ccb,92,46,R F L B,2
00000009a74ccb,00000009374ccb,122,61,R F L B,2
00000009b60849,00000009b60849,176,44,U R F D L B,3
00000009b6084b,00000009b6084b,266,266,U R F D L B,3
00000009b608cb,00000009b608cb,440,220,U R F D L B,3
00000009b60c4b,00000009b60c4b,94,94,R F L B,2
00000009b60ccb,00000009b60ccb,174,174,R F L B,2
00000009b64849,00000009b64849,304,76,U R F D L B,3
00000009b6484b,00000009b6484b,464,464,U R F D L B,3
00000009b648cb,00000009b648cb,772,386,U R F D L B,3
00000009b64c4b,00000009b64c4b,168,168,R F L B,2
00000009b64ccb,00000009b64ccb,308,308,R F L B,2
00000009b70ccb,00000009b70ccb,80,40,R F L B,2
00000009b74ccb,00000009b74ccb,140,70,R F L B,2
00000009be084b,00000009be084b,110,110,R F D L,3
00000009be08c9,00000009be08c9,306,306,U R F D L B,3
00000009be08cb,00000009f608cb,182,182,R F D L,3
00000009be0cc9,00000009be0cc9,352,352,U R F L B,3
00000009be484b,00000009be484b,194,194,R F D L,3
00000009be48c9,00000009be48c9,534,534,U R F D L B,3
00000009be48cb,00000009f648cb,320,320,R F D L,3
00000009be4cc9,00000009bf4c49,308,308,U R F L B,3
00000009bf4c49,00000009be4cc9,308,308,U R F L B,3
00000009ee00cf,000000097c09cb,69,69,R D L,2
00000009ee08cb,000000097e08cb,152,152,R D L,2
00000009ee40cf,000000097c49cb,89,89,R D L,2
00000009ee48cb,000000097e48cb,296,296,R D L,2
00000009f608cb,00000009be08cb,182,182,R D L B,3
00000009f648cb,00000009be48cb,320,320,R D L B,3
00000009fe08cb,00000009fe08cb,84,84,R D L,2
00000009fe48cb,00000009fe48cb,150,150,R D L,2
0000000d34006d,0000000d34006d,16,4,U R F D L B,3
0000000d34006f,0000000d34006f,44,44,U R F D L B,3
0000000d3400ef,0000000d3400ef,112,56,U R F D L B,3
0000000d34016d,0000000d34016d,176,44,U R F D L B,3
0000000d34016f,0000000d34016f,398,398,U R F D L B,3
0000000d3401ef,0000000d3401ef,860,430,U R F D L B,3
0000000d34046f,0000000d34046f,18,18,R F L B,2
0000000d3404ef,0000000d3404ef,48,48,R F L B,2
0000000d34056f,0000000d36046f,65,65,R F L B,2
0000000d3405ef,0000000d3604ef,154,154,R F L B,2
0000000d3504ef,0000000d3504ef,20,10,R F L B,2
0000000d3505ef,0000000d3704ef,58,29,R F L B,2
0000000d36046f,0000000d34056f,65,65,R F L B,2
0000000d3604ef,0000000d3405ef,154,154,R F L B,2
0000000d3704ef,0000000d3505ef,58,29,R F L B,2
0000000d3c006f,0000000d3c006f,16,16,R F D L,3
0000000d3c00ed,0000000d3c00ed,86,86,U R F D L B,3
0000000d3c00ef,0000000d7400ef,44,44,R F D L,3
0000000d3c016f,0000000d3c016f,140,140,R F D L,3
0000000d3c01ed,0000000d3c01ed,624,624,U R F D L B,3
0000000d3c01ef,0000000d7401ef,323,323,R F D L,3
0000000d3c04ed,0000000d3c04ed,128,128,U R F L B,3
0000000d3c05ed,0000000d3c05ed,820,820,U R F L B,3
0000000d7400ef,0000000d3c00ef,44,44,R D L B,3
0000000d7401ef,0000000d3c01ef,323,323,R D L B,3
0000000d7c00ef,0000000d7c00ef,16,16,R D L,2
0000000d7c01ef,0000000d7e00ef,60,60,R D L,2
0000000d7e00ef,0000000d7c01ef,60,60,R D L,2
0000002db4016d,0000002db4016d,16,4,U R F D L B,3
0000002db4016f,0000002db4016f,40,20,U R F D L B,3
0000002db401ef,0000002db401ef,96,26,U R F D L B,3
0000002db4056f,0000002db4056f,17,11,R F L B,2
0000002db405ef,0000002db405ef,42,21,R F L B,2
0000002dbc016f,0000002dbc016f,16,10,R F D L,3
0000002dbc01ed,0000002dbc01ed,64,34,U R F D L B,3
0000002dbc01ef,0000002dbc01ef,40,40,R F D L,3
0000002dbc05ed,0000002dbc05ed,88,44,U R F L B,3
0000002dfc01ef,0000002dfc01ef,16,10,R D L,2
0000004104416d,0000004104416d,2776,694,U R F D L B,3
0000004104416f,0000004104416f,3222,3222,U R F D L B,3
000000410441ef,000000410441ef,4556,2278,U R F D L B,3
0000004104456f,0000004104456f,166,166,R F L B,2
000000410445ef,000000410445ef,248,248,R F L B,2
0000004104496d,0000004104496d,1952,488,U R F D L B,3
0000004104496f,0000004104496f,2606,2606,U R F D L B,3
000000410449ef,00000041045be6,1844,922,U R F D L B,3
00000041044d6b,00000041045766,128,128,R F L B,2
00000041044d6f,00000041045f66,116,116,R F L B,2
00000041044deb,000000410457e6,160,160,R F L B,2
00000041044def,00000041045fe6,190,190,R F L B,2
0000004104536d,00000041045b69,284,71,U R F D L B,3
0000004104536f,00000041045b6b,382,382,U R F D L B,3
000000410453ef,00000041045beb,446,223,U R F D L B,3
00000041045766,00000041044d6b,128,128,R F L B,2
0000004104576f,00000041045f6b,77,77,R F L B,2
000000410457e6,00000041044deb,160,160,R F L B,2
000000410457ef,00000041045feb,107,107,R F L B,2
00000041045b69,0000004104536d,284,71,U R F D L B,3
00000041045b6b,0000004104536f,382,382,U R F D L B,3
00000041045b6d,00000041045b6d,128,32,U R F D L B,3
00000041045b6f,00000041045b6f,198,198,U R F D L B,3
00000041045be6,000000410449ef,1844,922,U R F D L B,3
00000041045beb,000000410453ef,446,223,U R F D L B,3
00000041045bef,00000041045bef,332,166,U R F D L B,3
00000041045f66,00000041044d6f,116,116,R F L B,2
00000041045f6b,0000004104576f,77,77,R F L B,2
00000041045f6f,00000041045f6f,74,74,R F L B,2
00000041045fe6,00000041044def,190,190,R F L B,2
00000041045feb,000000410457ef,107,107,R F L B,2
00000041045fef,00000041045fef,134,134,R F L B,2
00000041049b44,00000041049b44,88,22,U R F D L B,3
00000041049b46,00000041049b46,146,146,U R F D L B,3
00000041049b64,00000041049b64,152,38,U R F D L B,3
00000041049b66,00000041049b66,262,262,U R F D L B,3
00000041049bc6,00000041049bc6,256,128,U R F D L B,3
00000041049be6,00000041049be6,476,238,U R F D L B,3
00000041049f46,00000041049f46,58,58,U R F D L B,3
00000041049f66,00000041049f66,110,110,U R F D L B,3
00000041049fc6,00000041049fc6,110,110,U R F D L B,3
00000041049fe6,00000041049fe6,214,214,U R F D L B,3
0000004104db64,0000004104db64,64,16,U R F D L B,3
0000004104db66,0000004104db66,116,116,U R F D L B,3
0000004104dbe6,0000004104dbe6,220,110,U R F D L B,3
000000410545ef,000000410545ef,44,22,R F L B,2
00000041054deb,000000410557e6,32,16,R F L B,2
00000041054def,00000041055fe6,74,37,R F L B,2
000000410557e6,00000041054deb,32,16,R F L B,2
00000041055fe6,00000041054def,74,37,R F L B,2
0000004105dfe6,0000004105dfe6,52,26,R F L B,2
0000004106db6d,0000004106db6d,12,3,U R F D L B,3
0000004106db6f,0000004106db6f,22,22,U R F D L B,3
0000004106dbef,0000004106dbef,42,21,U R F D L B,3
0000004107dfef,0000004107dfef,10,5,R F L B,2
000000410c416f,000000410c416f,748,748,R F D L,3
000000410c41ed,000000410c41ed,2166,2166,U R F D L B,3
000000410c41ef,000000414441ef,963,963,R F D L,3
000000410c45ed,000000410c45ed,1890,1890,U R F L B,3
000000410c496f,000000410c496f,756,756,R F D L,3
000000410c49ed,000000410c49ed,2298,2298,U R F D L B,3
000000410c49ef,00000041445be6,563,563,R F D L,3
000000410c4ded,000000410c5fe4,560,560,U R F L B,3
000000410c536f,000000410c5b6b,110,110,R F D L,3
000000410c53ed,000000410c5be9,250,250,U R F D L B,3
000000410c53ef,00000041445beb,137,137,R F D L,3
000000410c57ed,000000410c5fe9,234,234,U R F L B,3
000000410c5b6b,000000410c536f,110,110,R F D L,3
000000410c5b6f,000000410c5b6f,84,84,R F D L,3
000000410c5be6,000000414449ef,427,427,R F D L,3
000000410c5be9,000000410c53ed,250,250,U R F D L B,3
000000410c5beb,000000414453ef,137,137,R F D L,3
000000410c5bed,000000410c5bed,228,228,U R F D L B,3
000000410c5bef,00000041445bef,138,138,R F D L,3
000000410c5fe4,000000410c4ded,560,560,U R F L B,3
000000410c5fe9,000000410c57ed,234,234,U R F L B,3
000000410c5fed,000000410c5fed,264,264,U R F L B,3
000000410c9b46,000000410c9b46,58,58,R F D L,3
000000410c9b66,000000410c9b66,110,110,R F D L,3
000000410c9bc4,000000410c9bc4,186,186,U R F D L B,3
000000410c9bc6,00000041449bc6,107,107,R F D L,3
000000410c9be4,000000410c9be4,342,342,U R F D L B,3
000000410c9be6,00000041449be6,205,205,R F D L,3
000000410c9fc4,000000410c9fc4,220,220,U R F L B,3
000000410c9fe4,000000410c9fe4,416,416,U R F L B,3
000000410cdb66,000000410cdb66,52,52,R F D L,3
000000410cdbe4,000000410cdbe4,156,156,U R F D L B,3
000000410cdbe6,0000004144dbe6,98,98,R F D L,3
000000410cdfe4,000000410cdfe4,196,196,U R F L B,3
000000410edb6f,000000410edb6f,10,10,R F D L,3
000000410edbed,000000410edbed,30,30,U R F D L B,3
000000410edbef,0000004146dbef,19,19,R F D L,3
000000410edfed,000000410edfed,38,38,U R F L B,3
00000041140949,00000041140949,4324,1081,U R F D L B,3
0000004114094b,0000004114094b,6942,6942,U R F D L B,3
000000411409cb,000000411409cb,10664,5332,U R F D L B,3
00000041140d4b,00000041140d4b,1030,1030,U R F D L B,3
00000041140dcb,00000041140dcb,1394,1394,U R F D L B,3
00000041141b49,00000041141b49,1456,364,U R F D L B,3
00000041141b4b,00000041141b4b,2357,2357,U R F D L B,3
00000041141bcb,00000041141bcb,3442,1721,U R F D L B,3
00000041144949,00000041144949,8128,2032,U R F D L B,3
0000004114494b,0000004114494b,10300,10300,U R F D L B,3
000000411449cb,000000411449cb,12332,6166,U R F D L B,3
00000041144d4b,00000041144d4b,1310,1310,U R F D L B,3
00000041144dcb,00000041144dcb,1560,1560,U R F D L B,3
000000411457cb,00000041845ecb,184,184,R F L B,2
00000041145b49,00000041145b49,2812,703,U R F D L B,3
00000041145b4b,00000041145b4b,3545,3545,U R F D L B,3
00000041145bcb,00000041145bcb,4242,2121,U R F D L B,3
00000041145f4b,00000041865e4b,62,62,R F L B,2
00000041145fcb,00000041865ecb,100,100,R F L B,2
00000041149b40,00000041149b40,4160,1040,U R F D L B,3
00000041149b42,00000041149b42,6062,6062,U R F D L B,3
00000041149bc2,00000041149bc2,8188,4094,U R F D L B,3
00000041149f42,00000041149f42,300,300,U R F D L B,3
00000041149fc2,00000041149fc2,452,452,U R F D L B,3
0000004114db40,0000004114db40,6720,1680,U R F D L B,3
0000004114db42,0000004114db42,7660,7660,U R F D L B,3
0000004114dbc2,0000004114dbc2,7920,3960,U R F D L B,3
0000004114df42,0000004114df42,360,360,U R F D L B,3
0000004114dfc2,0000004114dfc2,512,512,U R F D L B,3
00000041155fc2,00000041175ec2,62,31,R F L B,2
00000041161e4b,00000041161e4b,70,70,R F L B,2
00000041161ecb,00000041161ecb,110,110,R F L B,2
00000041165e4b,00000041165e4b,98,98,R F L B,2
00000041165ecb,00000041165ecb,138,138,R F L B,2
00000041165f42,00000041165f42,168,168,U R F D L B,3
00000041165fc2,00000041165fc2,264,264,U R F D L B,3
00000041175ec2,00000041155fc2,62,31,R F L B,2
00000041175ecb,00000041175ecb,40,20,R F L B,2
00000041175fc2,00000041175fc2,96,48,R F L B,2
000000411c094b,000000411c094b,1850,1850,R F D L,3
000000411c09c9,000000411c09c9,8583,8583,U R F D L B,3
000000411c09cb,000000415409cb,2493,2493,R F D L,3
000000411c0dc9,000000411c0dc9,10104,10104,U R F D L B,3
000000411c1b4b,000000411c1b4b,672,672,R F D L,3
000000411c1bc9,000000411c1bc9,2914,2914,U R F D L B,3
000000411c1bcb,00000041541bcb,886,886,R F D L,3
000000411c1fc9,000000411c1fc9,3269,3269,U R F D L B,3
000000411c494b,000000411c494b,2506,2506,R F D L,3
000000411c49c9,000000411c49c9,9780,9780,U R F D L B,3
000000411c49cb,000000415449cb,3149,3149,R F D L,3
000000411c4dc9,000000411c4dc9,7798,7798,U R F L B,3
000000411c5b4b,000000411c5b4b,916,916,R F D L,3
000000411c5bc9,000000411c5bc9,3372,3372,U R F D L B,3
000000411c5bcb,00000041545bcb,1130,1130,R F D L,3
000000411c5fc9,000000411c5fc9,2723,2723,U R F L B,3
000000411c9b42,000000411c9b42,1173,1173,R F D L,3
000000411c9bc0,000000411c9bc0,7070,7070,U R F D L B,3
000000411c9bc2,00000041549bc2,998,998,R F D L,3
000000411c9fc0,000000411c9fc0,7586,7586,U R F D L B,3
000000411cdb42,000000418e484f,586,586,R F D L,3
000000411cdbc0,000000411cdbc0,5958,5958,U R F D L B,3
000000411cdbc2,00000041c648cf,638,638,R F D L,3
000000411cdfc0,000000411cdfc0,3780,3780,U R F L B,3
000000411d09c9,00000041541f42,397,397,U R F D L B,3
000000411d0dc9,00000041c7044f,140,140,U R F D L B,3
000000411d1fc0,00000041571e42,178,178,U R F D L B,3
000000411d49c9,00000041c6444f,100,100,U R F D L B,3
000000411d4dc9,00000041c7444f,80,80,U R F L B,3
000000411d5bc0,00000041565e42,176,176,U R F D L B,3
000000411d5fc0,00000041575e42,132,132,U R F L B,3
000000411d9bc0,00000041c60c4f,196,196,U R F D L B,3
000000411d9fc0,00000041c70c4f,166,166,U R F D L B,3
000000411dd7c0,00000041c54c4f,210,210,U R F L B,3
000000411ddbc0,00000041c64c4f,166,166,U R F D L B,3
000000411ddfc0,00000041c74c4f,136,136,U R F L B,3
000000411e1bc2,00000041561bc2,556,556,R F D L,3
000000411e5b42,000000411e5b42,348,348,R F D L,3
000000411e5bc2,00000041565bc2,472,472,R F D L,3
000000414441ef,000000410c41ef,963,963,R D L B,3
000000414449ef,000000410c5be6,427,427,R D L B,3
000000414453ef,000000410c5beb,137,137,R D L B,3
00000041445be6,000000410c49ef,563,563,R D L B,3
00000041445beb,000000410c53ef,137,137,R D L B,3
00000041445bef,000000410c5bef,138,138,R D L B,3
00000041449bc6,000000410c9bc6,107,107,R D L B,3
00000041449be6,000000410c9be6,205,205,R D L B,3
0000004144dbe6,000000410cdbe6,98,98,R D L B,3
0000004146dbef,000000410edbef,19,19,R D L B,3
000000414c41ef,000000414c41ef,138,138,R D L,2
000000414c49eb,000000414c53e6,108,108,R D L,2
000000414c49ef,000000414c5be6,101,101,R D L,2
000000414c53e6,000000414c49eb,108,108,R D L,2
000000414c53ef,000000414c5beb,67,67,R D L,2
000000414c5be6,000000414c49ef,101,101,R D L,2
000000414c5beb,000000414c53ef,67,67,R D L,2
000000414c5bef,000000414c5bef,66,66,R D L,2
000000414d9f44,000000414d9f44,52,52,U R F L B,3
000000414d9f64,000000414d9f64,98,98,U R F L B,3
000000415409cb,000000411c09cb,2493,2493,R D L B,3
00000041541bcb,000000411c1bcb,886,886,R D L B,3
00000041541f42,000000411d09c9,397,397,U R F D L B,3
000000415449cb,000000411c49cb,3149,3149,R D L B,3
00000041545bcb,000000411c5bcb,1130,1130,R D L B,3
00000041549bc2,000000411c9bc2,998,998,R D L B,3
0000004154dbc2,000000418e48cf,422,422,R D L B,3
00000041561bc2,000000411e1bc2,556,556,R D L B,3
00000041565bc2,000000411e5bc2,472,472,R D L B,3
00000041565e42,000000411d5bc0,176,176,U R F D L B,3
00000041571e42,000000411d1fc0,178,178,U R F D L B,3
00000041575e42,000000411d5fc0,132,132,U R F L B,3
000000415c09cb,00000041ce00cf,154,154,R D L,2
000000415c1bc2,000000415e1ac2,233,233,R D L,2
000000415c49cb,00000041ce40cf,178,178,R D L,2
000000415c5bc2,000000415e5ac2,311,311,R D L,2
000000415c5bcb,00000041ce5acb,59,59,R D L,2
000000415d1f40,000000415f1e40,187,187,U R F D L B,3
000000415d4d49,00000041cf444d,72,72,U R F L B,3
000000415d5f40,000000415f5e40,129,129,U R F L B,3
000000415ddf40,00000041cf4c4d,118,118,U R F L B,3
000000415e1ac2,000000415c1bc2,233,233,R D L,2
000000415e1acb,000000415e1acb,62,62,R D L,2
000000415e5ac2,000000415c5bc2,311,311,R D L,2
000000415e5acb,000000415e5acb,86,86,R D L,2
000000415f1e40,000000415d1f40,187,187,U R F D L B,3
000000415f5e40,000000415d5f40,129,129,U R F L B,3
000000415f5f40,000000415f5f40,160,160,U R F L B,3
00000041845ecb,000000411457cb,184,184,R F L B,2
00000041865e4b,00000041145f4b,62,62,R F L B,2
00000041865ecb,00000041145fcb,100,100,R F L B,2
000000418e484f,000000411cdb42,586,586,R F D L,3
000000418e48cf,0000004154dbc2,422,422,R F D L,3
00000041c54c4f,000000411dd7c0,210,210,U R F L B,3
00000041c60c4f,000000411d9bc0,196,196,U R F D L B,3
00000041c6444f,000000411d49c9,100,100,U R F D L B,3
00000041c648cf,000000411cdbc2,638,638,R D L B,3
00000041c64c4f,000000411ddbc0,166,166,U R F D L B,3
00000041c7044f,000000411d0dc9,140,140,U R F D L B,3
00000041c70c4f,000000411d9fc0,166,166,U R F D L B,3
00000041c7444f,000000411d4dc9,80,80,U R F L B,3
00000041c74c4f,000000411ddfc0,136,136,U R F L B,3
00000041ce00cf,000000415c09cb,154,154,R D L,2
00000041ce40cf,000000415c49cb,178,178,R D L,2
00000041ce5acb,000000415c5bcb,59,59,R D L,2
00000041cf444d,000000415d4d49,72,72,U R F L B,3
00000041cf4c4d,000000415ddf40,118,118,U R F L B,3
0000004514016d,0000004514016d,2488,311,U R F D L B,3
0000004514016f,0000004514016f,4264,2132,U R F D L B,3
000000451401ef,000000451401ef,6976,1744,U R F D L B,3
0000004514056f,0000004514056f,1064,532,U R F D L B,3
000000451405ef,000000451405ef,1680,840,U R F D L B,3
0000004514136d,0000004514136d,616,154,U R F D L B,3
0000004514136f,0000004514136f,1080,1080,U R F D L B,3
000000451413ef,000000451413ef,1816,908,U R F D L B,3
0000004514176f,0000004514176f,140,140,R F L B,2
000000451417ef,000000451417ef,236,236,R F L B,2
0000004514816d,0000004514816d,304,38,U R F D L B,3
0000004514816f,0000004514816f,576,288,U R F D L B,3
000000451481ef,000000451481ef,1040,260,U R F D L B,3
0000004514856f,0000004514856f,168,84,U R F D L B,3
000000451485ef,000000451485ef,320,160,U R F D L B,3
00000045149364,00000045149364,1280,162,U R F D L B,3
00000045149366,00000045149366,1912,956,U R F D L B,3
000000451493e6,000000451493e6,2656,664,U R F D L B,3
0000004514972f,0000006184176f,68,68,R F L B,2
00000045149766,00000045149766,196,196,U R F D L B,3
000000451497af,000000618417ef,106,106,R F L B,2
000000451497e6,000000451497e6,312,312,U R F D L B,3
000000451505ef,000000451517e6,164,41,R F L B,2
000000451517e6,000000451505ef,164,41,R F L B,2
000000451517ef,000000451517ef,96,48,R F L B,2
000000451597e6,000000451597e6,116,58,R F L B,2
000000451c016f,000000451c016f,1334,667,R F D L,3
000000451c01ed,000000451c01ed,5292,2646,U R F D L B,3
000000451c01ef,000000451c01ef,2300,2300,R F D L,3
000000451c05ed,000000451c05ed,5644,2822,U R F L B,3
000000451c136f,000000451c136f,380,380,R F D L,3
000000451c13ed,000000451c13ed,1344,1344,U R F D L B,3
000000451c13ef,000000455413ef,657,657,R F D L,3
000000451c17ed,000000451c17ed,708,708,U R F L B,3
000000451c816f,000000451c816f,204,102,R F D L,3
000000451c81ed,000000451c81ed,828,414,U R F D L B,3
000000451c81ef,000000451c81ef,404,404,R F D L,3
000000451c85ed,000000618c1fe4,250,125,U R F L B,3
000000451c9366,000000451c9366,564,284,R F D L,3
000000451c93e4,000000451c93e4,2068,1038,U R F D L B,3
000000451c93e6,000000451c93e6,850,850,R F D L,3
000000451c97ad,000000451c97ad,752,752,U R F L B,3
000000451c97e4,000000451c97e4,952,952,U R F L B,3
000000451d01ed,000000451d01ed,652,652,U R F D L,3
000000451d01ef,000000451d01ef,478,478,R F D L,3
000000451d81ed,000000451d81ed,184,184,U R F D L,3
000000451d81ef,000000451d81ef,148,148,R F D L,3
000000455413ef,000000451c13ef,657,657,R D L B,3
00000045549766,00000045549766,186,186,U R D L B,3
000000455497e6,000000455497e6,138,138,R D L B,3
000000455c01ef,000000455c13e6,292,146,R D L,2
000000455c13e6,000000455c01ef,292,146,R D L,2
000000455c13ef,000000455c13ef,132,132,R D L,2
000000455c81af,00000061cc13e6,104,52,R D L,2
000000455c93af,00000061cc13ef,65,65,R D L,2
000000455d056d,000000455d056d,576,288,U R F L B,3
000000455d9764,000000455d9764,204,204,U R F L B,3
0000006184176f,0000004514972f,68,68,R F L B,2
000000618417ef,000000451497af,106,106,R F L B,2
000000618c1fe4,000000451c85ed,250,125,U R F L B,3
00000061cc13e6,000000455c81af,104,52,R D L,2
00000061cc13ef,000000455c93af,65,65,R D L,2
00000080080082,00000080080082,15,9,R F D L,3
00000080080083,00000080080083,250,125,R F D L,3
00000080080087,00000080080087,1658,838,R F D L,3
0000008008008a,0000008008008a,50,50,R F D L,3
0000008008008b,0000008008008b,732,732,R F D L,3
0000008008008f,0000008008008f,4218,4218,R F D L,3
000000800800aa,000000800800aa,160,84,R F D L,3
000000800800ab,000000800800ab,2064,1032,R F D L,3
000000800800af,000000800800af,10292,5166,R F D L,3
000000800800c7,000000800800c7,5596,2798,R F D L,3
000000800800cf,000000800800cf,12172,12172,R F D L,3
000000800800ef,000000800800ef,25160,12580,R F D L,3
000000800801c7,000000800801c7,10306,5168,R F D L,3
000000800801cf,000000800801cf,18718,18718,R F D L,3
000000800801ef,000000800801ef,31848,15944,R F D L,3
00000080080283,00000080080283,115,59,R F D L,3
00000080080287,00000080080287,1348,674,R F D L,3
0000008008028b,0000008008028b,332,332,R F D L,3
0000008008028f,0000008008028f,3388,3388,R F D L,3
000000800802ab,000000800802ab,944,475,R F D L,3
000000800802af,000000800802af,8312,4156,R F D L,3
000000800802c7,000000800802c7,5800,2907,R F D L,3
000000800802cf,000000800802cf,12498,12498,R F D L,3
000000800802ef,000000800802ef,25892,12957,R F D L,3
000000800803c7,000000800803c7,11668,5834,R F D L,3
000000800803cf,000000800803cf,20794,20794,R F D L,3
000000800803ef,000000800803ef,34812,17406,R F D L,3
00000080080482,00000080080482,4,2,R F L,2
00000080080483,00000080080486,34,17,R F L,2
00000080080486,00000080080483,34,17,R F L,2
00000080080487,00000080080487,214,107,R F L,2
0000008008048a,0000008008048a,15,15,R F L,2
0000008008048b,0000008008048e,112,112,R F L,2
0000008008048e,0000008008048b,112,112,R F L,2
0000008008048f,0000008008048f,610,610,R F L,2
000000800804aa,000000800804aa,56,28,R F L,2
000000800804ab,000000800804ae,362,181,R F L,2
000000800804ae,000000800804ab,362,181,R F L,2
000000800804af,000000800804af,1682,841,R F L,2
000000800804c6,00000080080583,124,62,R F L,2
000000800804c7,00000080080587,560,280,R F L,2
000000800804ce,0000008008058b,354,354,R F L,2
000000800804cf,0000008008058f,1356,1356,R F L,2
000000800804ee,000000800805ab,972,486,R F L,2
000000800804ef,000000800805af,3120,1560,R F L,2
00000080080583,000000800804c6,124,62,R F L,2
00000080080587,000000800804c7,560,280,R F L,2
0000008008058b,000000800804ce,354,354,R F L,2
0000008008058f,000000800804cf,1356,1356,R F L,2
000000800805ab,000000800804ee,972,486,R F L,2
000000800805af,000000800804ef,3120,1560,R F L,2
000000800805c7,000000800805c7,1002,501,R F L,2
000000800805cf,000000800805cf,2007,2007,R F L,2
000000800805ef,000000800805ef,3764,1882,R F L,2
00000080080683,00000080080683,32,16,R F L,2
00000080080687,00000080080783,192,96,R F L,2
0000008008068b,0000008008068b,104,104,R F L,2
0000008008068f,0000008008078b,532,532,R F L,2
000000800806ab,000000800806ab,324,162,R F L,2
000000800806af,000000800807ab,1428,714,R F L,2
000000800806c6,00000080080d83,254,127,R F L,2
000000800806c7,00000080080d87,466,233,R F L,2
000000800806ce,00000080080d8b,616,616,R F L,2
000000800806cf,00000080080d8f,1054,1054,R F L,2
000000800806ee,00000080080dab,1370,685,R F L,2
000000800806ef,00000080080daf,2172,1086,R F L,2
00000080080783,00000080080687,192,96,R F L,2
00000080080787,00000080080787,792,396,R F L,2
0000008008078b,0000008008068f,532,532,R F L,2
0000008008078f,0000008008078f,1860,1860,R F L,2
000000800807ab,000000800806af,1428,714,R F L,2
000000800807af,000000800807af,4232,2116,R F L,2
000000800807c6,00000080080dc3,784,392,R F L,2
000000800807c7,00000080080dc7,1228,614,R F L,2
000000800807ce,00000080080dcb,1570,1570,R F L,2
000000800807cf,00000080080dcf,2360,2360,R F L,2
000000800807ee,00000080080deb,2888,1444,R F L,2
000000800807ef,00000080080def,2600,1300,R F L,2
00000080080a87,00000080080a87,208,107,R F D L,3
00000080080a8f,00000080080a8f,524,524,R F D L,3
00000080080aaf,00000080080aaf,980,496,R F D L,3
00000080080ac7,00000080080ac7,884,442,R F D L,3
00000080080acf,00000080080b8f,803,803,R F D L,3
00000080080aef,00000080080baf,1308,654,R F D L,3
00000080080b8f,00000080080acf,803,803,R F D L,3
00000080080baf,00000080080aef,1308,654,R F D L,3
00000080080bc7,00000080080bc7,388,194,R F D L,3
00000080080bcf,00000080080bcf,674,674,R F D L,3
00000080080bef,00000080080bef,1180,590,R F D L,3
00000080080d83,000000800806c6,254,127,R F L,2
00000080080d87,000000800806c7,466,233,R F L,2
00000080080d8b,000000800806ce,616,616,R F L,2
00000080080d8f,000000800806cf,1054,1054,R F L,2
00000080080dab,000000800806ee,1370,685,R F L,2
00000080080daf,000000800806ef,2172,1086,R F L,2
00000080080dc3,000000800807c6,784,392,R F L,2
00000080080dc7,000000800807c7,1228,614,R F L,2
00000080080dcb,000000800807ce,1570,1570,R F L,2
00000080080dcf,000000800807cf,2360,2360,R F L,2
00000080080deb,000000800807ee,2888,1444,R F L,2
00000080080def,000000800807ef,2600,1300,R F L,2
00000080080e87,00000080080e87,66,33,R F L,2
00000080080e8f,00000080080e8f,178,178,R F L,2
00000080080eaf,00000080080eaf,448,224,R F L,2
00000080080fc7,00000080080fc7,210,105,R F L,2
00000080080fcf,00000080080fcf,382,382,R F L,2
00000080080fef,00000080080fef,688,344,R F L,2
0000008008108a,0000008008108a,20,20,R F D L,3
0000008008108b,0000008008108b,246,246,R F D L,3
0000008008108f,0000008008108f,1190,1190,R F D L,3
000000800810aa,000000800810aa,60,60,R F D L,3
000000800810ab,000000800810ab,652,652,R F D L,3
000000800810af,000000800810af,2728,2728,R F D L,3
000000800810cf,000000800810cf,2868,2868,R F D L,3
000000800810ef,000000800810ef,5488,5488,R F D L,3
000000800811cf,000000800811cf,3488,3488,R F D L,3
000000800811ef,000000800811ef,5330,5330,R F D L,3
0000008008128b,0000008008128b,106,106,R F D L,3
0000008008128f,0000008008128f,936,936,R F D L,3
000000800812ab,000000800812ab,292,292,R F D L,3
000000800812af,000000800812af,2232,2232,R F D L,3
000000800812cf,000000800812cf,3026,3026,R F D L,3
000000800812ef,000000800812ef,5992,5992,R F D L,3
000000800813cf,000000800813cf,4132,4132,R F D L,3
000000800813ef,000000800819ef,3186,3186,R F D L,3
0000008008148a,0000008008148a,7,7,R F L,2
0000008008148b,0000008008148e,45,45,R F L,2
0000008008148e,0000008008148b,45,45,R F L,2
0000008008148f,0000008008148f,211,211,R F L,2
000000800814aa,000000800814aa,26,26,R F L,2
000000800814ab,000000800814ae,142,142,R F L,2
000000800814ae,000000800814ab,142,142,R F L,2
000000800814af,000000800814af,562,562,R F L,2
000000800814ce,0000008008158b,121,121,R F L,2
000000800814cf,0000008008158f,394,394,R F L,2
000000800814ee,000000800815ab,316,316,R F L,2
000000800814ef,000000800815af,858,858,R F L,2
0000008008158b,000000800814ce,121,121,R F L,2
0000008008158f,000000800814cf,394,394,R F L,2
000000800815ab,000000800814ee,316,316,R F L,2
000000800815af,000000800814ef,858,858,R F L,2
000000800815cf,000000800815cf,468,468,R F L,2
000000800815ef,000000800815ef,808,808,R F L,2
0000008008168b,0000008008168b,41,41,R F L,2
0000008008168f,0000008008178b,188,188,R F L,2
000000800816ab,000000800816ab,130,130,R F L,2
000000800816af,000000800817ab,504,504,R F L,2
000000800816ce,00000080081d8b,175,175,R F L,2
000000800816cf,00000080081d8f,341,341,R F L,2
000000800816ee,00000080081dab,340,340,R F L,2
000000800816ef,00000080081daf,708,708,R F L,2
0000008008178b,0000008008168f,188,188,R F L,2
0000008008178f,0000008008178f,591,591,R F L,2
000000800817ab,000000800816af,504,504,R F L,2
000000800817af,000000800817af,1326,1326,R F L,2
000000800817ce,00000080081dcb,368,368,R F L,2
000000800817cf,00000080081dcf,666,666,R F L,2
000000800817ee,00000080081deb,598,598,R F L,2
000000800817ef,00000080081def,790,790,R F L,2
000000800819ef,000000800813ef,3186,3186,R F D L,3
00000080081a8f,00000080081a8f,150,150,R F D L,3
00000080081aaf,00000080081aaf,340,340,R F D L,3
00000080081acf,00000080081b8f,299,299,R F D L,3
00000080081aef,00000080081baf,519,519,R F D L,3
00000080081b8f,00000080081acf,299,299,R F D L,3
00000080081baf,00000080081aef,519,519,R F D L,3
00000080081bcf,00000080081bcf,286,286,R F D L,3
00000080081bef,00000080081bef,506,506,R F D L,3
00000080081d8b,000000800816ce,175,175,R F L,2
00000080081d8f,000000800816cf,341,341,R F L,2
00000080081dab,000000800816ee,340,340,R F L,2
00000080081daf,000000800816ef,708,708,R F L,2
00000080081dcb,000000800817ce,368,368,R F L,2
00000080081dcf,000000800817cf,666,666,R F L,2
00000080081deb,000000800817ee,598,598,R F L,2
00000080081def,000000800817ef,790,790,R F L,2
00000080081e8f,00000080081e8f,70,70,R F L,2
00000080081eaf,00000080081eaf,186,186,R F L,2
00000080081fcf,00000080081fcf,172,172,R F L,2
00000080081fef,00000080081fef,306,306,R F L,2
000000800850aa,000000800850aa,20,11,R F D L,3
000000800850ab,000000800850ae,92,46,R F D L,3
000000800850ae,000000800850ab,92,46,R F D L,3
000000800850af,000000800850af,316,158,R F D L,3
000000800850ee,000000800851ab,168,86,R F D L,3
000000800850ef,000000800851af,396,198,R F D L,3
000000800851ab,000000800850ee,168,86,R F D L,3
000000800851af,000000800850ef,396,198,R F D L,3
000000800851ef,000000800851ef,288,146,R F D L,3
000000800852ab,000000800852ab,84,42,R F D L,3
000000800852af,000000800853ab,288,144,R F D L,3
000000800852ee,000000800859ab,112,56,R F D L,3
000000800852ef,000000800859af,268,134,R F D L,3
000000800853ab,000000800852af,288,144,R F D L,3
000000800853af,000000800853af,668,334,R F D L,3
000000800853ee,000000800859eb,172,86,R F D L,3
000000800853ef,000000800859ef,380,190,R F D L,3
000000800854aa,000000800854aa,12,6,R F L,2
000000800854ab,000000800854ae,54,27,R F L,2
000000800854ae,000000800854ab,54,27,R F L,2
000000800854af,000000800854af,182,91,R F L,2
000000800854ee,000000800855ab,96,48,R F L,2
000000800854ef,000000800855af,222,111,R F L,2
000000800855ab,000000800854ee,96,48,R F L,2
000000800855af,000000800854ef,222,111,R F L,2
000000800855ef,000000800855ef,156,78,R F L,2
000000800856ab,000000800856ab,50,25,R F L,2
000000800856af,000000800857ab,168,84,R F L,2
000000800856ee,00000080085dab,64,32,R F L,2
000000800856ef,00000080085daf,158,79,R F L,2
000000800857ab,000000800856af,168,84,R F L,2
000000800857af,000000800857af,382,191,R F L,2
000000800857ee,00000080085deb,94,47,R F L,2
000000800857ef,00000080085def,214,107,R F L,2
000000800859ab,000000800852ee,112,56,R F D L,3
000000800859af,000000800852ef,268,134,R F D L,3
000000800859eb,000000800853ee,172,86,R F D L,3
000000800859ef,000000800853ef,380,190,R F D L,3
00000080085aaf,00000080085aaf,124,64,R F D L,3
00000080085bef,00000080085bef,220,110,R F D L,3
00000080085dab,000000800856ee,64,32,R F L,2
00000080085daf,000000800856ef,158,79,R F L,2
00000080085deb,000000800857ee,94,47,R F L,2
00000080085def,000000800857ef,214,107,R F L,2
00000080085eaf,00000080085eaf,74,37,R F L,2
00000080085fef,00000080085fef,134,67,R F L,2
00000080090082,00000080090082,7,7,R F D L,3
00000080090083,00000080090083,96,96,R F D L,3
00000080090087,00000080090087,521,521,R F D L,3
0000008009008a,000000800900a2,20,20,R F D L,3
0000008009008b,000000800900a3,243,243,R F D L,3
0000008009008f,000000800900a7,1161,1161,R F D L,3
000000800900a2,0000008009008a,20,20,R F D L,3
000000800900a3,0000008009008b,243,243,R F D L,3
000000800900a7,0000008009008f,1161,1161,R F D L,3
000000800900aa,000000800900aa,57,57,R F D L,3
000000800900ab,000000800900ab,612,612,R F D L,3
000000800900af,000000800900af,2550,2550,R F D L,3
000000800900c7,000000800900c7,1444,1444,R F D L,3
000000800900cf,000000800900e7,2757,2757,R F D L,3
000000800900e7,000000800900cf,2757,2757,R F D L,3
000000800900ef,000000800900ef,5096,5096,R F D L,3
000000800901c7,000000800901c7,2101,2101,R F D L,3
000000800901cf,000000800901e7,3280,3280,R F D L,3
000000800901e7,000000800901cf,3280,3280,R F D L,3
000000800901ef,000000800901ef,4931,4931,R F D L,3
00000080090283,00000080090283,40,40,R F D L,3
00000080090287,00000080090287,392,392,R F D L,3
0000008009028b,000000800902a3,103,103,R F D L,3
0000008009028f,000000800902a7,900,900,R F D L,3
000000800902a3,0000008009028b,103,103,R F D L,3
000000800902a7,0000008009028f,900,900,R F D L,3
000000800902ab,000000800902ab,270,270,R F D L,3
000000800902af,000000800902af,2068,2068,R F D L,3
000000800902c7,000000800902c7,1466,1466,R F D L,3
000000800902cf,000000800902e7,2869,2869,R F D L,3
000000800902e7,000000800902cf,2869,2869,R F D L,3
000000800902ef,000000800902ef,5488,5488,R F D L,3
000000800903c7,000000800903c7,2478,2478,R F D L,3
000000800903cf,000000800903e7,3872,3872,R F D L,3
000000800903e7,000000800903cf,3872,3872,R F D L,3
000000800903ef,000000800909ef,2938,2938,R F D L,3
00000080090482,00000080090482,2,2,R F L,2
00000080090483,00000080090486,14,7,R F L,2
00000080090486,00000080090483,14,7,R F L,2
00000080090487,00000080090487,76,38,R F L,2
0000008009048a,0000008009048a,7,7,R F L,2
0000008009048b,0000008009048e,44,44,R F L,2
0000008009048e,0000008009048b,44,44,R F L,2
0000008009048f,0000008009048f,210,210,R F L,2
000000800904aa,000000800904aa,25,16,R F L,2
000000800904ab,000000800904ae,138,69,R F L,2
000000800904ae,000000800904ab,138,69,R F L,2
000000800904af,000000800904af,568,284,R F L,2
000000800904c6,00000080090583,43,25,R F L,2
000000800904c7,00000080090587,172,86,R F L,2
000000800904ce,0000008009058b,119,119,R F L,2
000000800904cf,0000008009058f,406,406,R F L,2
000000800904ee,000000800905ab,319,169,R F L,2
000000800904ef,000000800905af,912,456,R F L,2
00000080090583,000000800904c6,43,25,R F L,2
00000080090587,000000800904c7,172,86,R F L,2
0000008009058b,000000800904ce,119,119,R F L,2
0000008009058f,000000800904cf,406,406,R F L,2
000000800905ab,000000800904ee,319,169,R F L,2
000000800905af,000000800904ef,912,456,R F L,2
000000800905c7,000000800905c7,267,140,R F L,2
000000800905cf,000000800905cf,515,515,R F L,2
000000800905ef,000000800905ef,923,474,R F L,2
00000080090683,00000080090683,12,6,R F L,2
00000080090687,00000080090783,66,33,R F L,2
0000008009068b,0000008009068b,39,39,R F L,2
0000008009068f,0000008009078b,188,188,R F L,2
000000800906ab,000000800906ab,126,63,R F L,2
000000800906af,000000800907ab,522,261,R F L,2
000000800906c6,00000080090d83,76,38,R F L,2
000000800906c7,00000080090d87,152,76,R F L,2
000000800906ce,00000080090d8b,180,180,R F L,2
000000800906cf,00000080090d8f,368,368,R F L,2
000000800906ee,00000080090dab,360,180,R F L,2
000000800906ef,00000080090daf,774,387,R F L,2
00000080090783,00000080090687,66,33,R F L,2
00000080090787,00000080090787,258,129,R F L,2
0000008009078b,0000008009068f,188,188,R F L,2
0000008009078f,0000008009078f,625,625,R F L,2
000000800907ab,000000800906af,522,261,R F L,2
000000800907af,000000800907af,1448,724,R F L,2
000000800907c6,00000080090dc3,208,104,R F L,2
000000800907c7,00000080090dc7,388,194,R F L,2
000000800907ce,00000080090dcb,402,402,R F L,2
000000800907cf,00000080090dcf,764,764,R F L,2
000000800907ee,00000080090deb,672,336,R F L,2
000000800907ef,00000080090def,888,444,R F L,2
000000800909ef,000000800903ef,2938,2938,R F D L,3
00000080090a87,00000080090a87,29,29,R F D L,3
00000080090a8f,00000080090aa7,81,81,R F D L,3
00000080090aa7,00000080090a8f,81,81,R F D L,3
00000080090aaf,00000080090aaf,205,205,R F D L,3
00000080090bc7,00000080090bc7,107,107,R F D L,3
00000080090bcf,00000080090be7,186,186,R F D L,3
00000080090be7,00000080090bcf,186,186,R F D L,3
00000080090bef,00000080090bef,325,325,R F D L,3
00000080090d83,000000800906c6,76,38,R F L,2
00000080090d87,000000800906c7,152,76,R F L,2
00000080090d8b,000000800906ce,180,180,R F L,2
00000080090d8f,000000800906cf,368,368,R F L,2
00000080090dab,000000800906ee,360,180,R F L,2
00000080090daf,000000800906ef,774,387,R F L,2
00000080090dc3,000000800907c6,208,104,R F L,2
00000080090dc7,000000800907c7,388,194,R F L,2
00000080090dcb,000000800907ce,402,402,R F L,2
00000080090dcf,000000800907cf,764,764,R F L,2
00000080090deb,000000800907ee,672,336,R F L,2
00000080090def,000000800907ef,888,444,R F L,2
00000080090e87,00000080090e87,26,16,R F L,2
00000080090e8f,00000080090e8f,75,75,R F L,2
00000080090eaf,00000080090eaf,196,104,R F L,2
00000080090fc7,00000080090fc7,98,49,R F L,2
00000080090fcf,00000080090fcf,177,177,R F L,2
00000080090fef,00000080090fef,316,158,R F L,2
0000008009148a,0000008009148a,3,3,R F L,2
0000008009148b,0000008009148e,17,17,R F L,2
0000008009148e,0000008009148b,17,17,R F L,2
0000008009148f,0000008009148f,71,71,R F L,2
000000800914aa,000000800914aa,11,11,R F L,2
000000800914ab,000000800914ae,53,53,R F L,2
000000800914ae,000000800914ab,53,53,R F L,2
000000800914af,000000800914af,187,187,R F L,2
000000800914ce,0000008009158b,40,40,R F L,2
000000800914cf,0000008009158f,115,115,R F L,2
000000800914ee,000000800915ab,102,102,R F L,2
000000800914ef,000000800915af,243,243,R F L,2
0000008009158b,000000800914ce,40,40,R F L,2
0000008009158f,000000800914cf,115,115,R F L,2
000000800915ab,000000800914ee,102,102,R F L,2
000000800915af,000000800914ef,243,243,R F L,2
000000800915cf,000000800915cf,112,112,R F L,2
000000800915ef,000000800915ef,180,180,R F L,2
0000008009168b,0000008009168b,16,16,R F L,2
0000008009168f,0000008009178b,67,67,R F L,2
000000800916ab,000000800916ab,51,51,R F L,2
000000800916af,000000800917ab,180,180,R F L,2
000000800916ce,00000080091d8b,50,50,R F L,2
000000800916cf,00000080091d8f,109,109,R F L,2
000000800916ee,00000080091dab,70,70,R F L,2
000000800916ef,00000080091daf,169,169,R F L,2
0000008009178b,0000008009168f,67,67,R F L,2
0000008009178f,0000008009178f,191,191,R F L,2
000000800917ab,000000800916af,180,180,R F L,2
000000800917af,000000800917af,425,425,R F L,2
000000800917ce,00000080091dcb,89,89,R F L,2
000000800917cf,00000080091dcf,185,185,R F L,2
000000800917ee,00000080091deb,109,109,R F L,2
000000800917ef,00000080091def,245,245,R F L,2
00000080091d8b,000000800916ce,50,50,R F L,2
00000080091d8f,000000800916cf,109,109,R F L,2
00000080091dab,000000800916ee,70,70,R F L,2
00000080091daf,000000800916ef,169,169,R F L,2
00000080091dcb,000000800917ce,89,89,R F L,2
00000080091dcf,000000800917cf,185,185,R F L,2
00000080091deb,000000800917ee,109,109,R F L,2
00000080091def,000000800917ef,245,245,R F L,2
00000080091e8f,00000080091e8f,28,28,R F L,2
00000080091eaf,00000080091eaf,79,79,R F L,2
00000080091fcf,00000080091fcf,79,79,R F L,2
00000080091fef,00000080091fef,139,139,R F L,2
000000800adbef,000000800adbef,16,9,R F D L,3
000000800bdfef,000000800bdfef,5,4,R F L,2
000000800c03c6,000000800c03c6,10254,5127,R F D L,3
000000800c03e6,000000800c03e6,15200,15200,R F D L,3
000000800c06c6,00000080180d83,298,149,R F L,2
000000800c06e6,00000080180d8b,543,543,R F L,2
000000800c07c6,00000080180dc3,602,301,R F L,2
000000800c07e6,00000080180dcb,934,934,R F L,2
000000800c0bc6,000000800c0bc6,11305,5662,R F D L,3
000000800c0be6,000000800c0be6,16234,16234,R F D L,3
000000800c0ec6,00000080180f83,446,223,R F L,2
000000800c0ee6,00000080180f8b,654,654,R F L,2
000000800c0fc2,000000800c8f82,894,447,R F L,2
000000800c0fe2,000000800c8fa2,1430,1430,R F L,2
000000800c13e6,000000800c13e6,21288,10644,R F D L,3
000000800c16e6,00000080184d8b,856,428,R F L,2
000000800c17e6,00000080184dcb,1334,667,R F L,2
000000800c1be6,000000800c1be6,21782,10901,R F D L,3
000000800c1de6,000000801847cb,1580,790,R F L,2
000000800c1ee6,00000080184f8b,908,454,R F L,2
000000800c1fc6,00000080184fc3,322,322,R F L,2
000000800c1fe2,000000800c9fa2,2110,1055,R F L,2
000000800c1fe6,00000080184fcb,500,500,R F L,2
000000800c43e6,000000800c43e6,1968,1968,R F D L,3
000000800c46e6,00000080181d8b,100,100,R F L,2
000000800c47e6,00000080181dcb,140,140,R F L,2
000000800c4be6,00000080181bcb,910,910,R F D L,3
000000800c4ee6,00000080181f8b,208,208,R F L,2
000000800c4fe2,000000800ccfa2,240,240,R F L,2
000000800c53e6,000000800c53e6,2400,2400,R F D L,3
000000800c56e6,00000080185d8b,120,120,R F L,2
000000800c57e6,00000080185dcb,160,160,R F L,2
000000800c5be6,00000080185bcb,1114,1114,R F D L,3
000000800c5de6,000000801857cb,350,350,R F L,2
000000800c5ee6,00000080185f8b,254,254,R F L,2
000000800c5fe2,000000800cdfa2,306,306,R F L,2
000000800c5fe6,00000080185fcb,178,178,R F L,2
000000800c8f82,000000800c0fc2,894,447,R F L,2
000000800c8f86,000000800c8f86,380,190,R F L,2
000000800c8fa2,000000800c0fe2,1430,1430,R F L,2
000000800c8fa6,000000800c8fa6,596,596,R F L,2
000000800c9fa2,000000800c1fe2,2110,1055,R F L,2
000000800c9fa6,000000800c9fa6,868,434,R F L,2
000000800ccba6,000000800ccba6,536,536,R F D L,3
000000800ccfa2,000000800c4fe2,240,240,R F L,2
000000800ccfa6,000000800ccfa6,216,216,R F L,2
000000800cdba6,000000800cdba6,648,648,R F D L,3
000000800cdfa2,000000800c5fe2,306,306,R F L,2
000000800cdfa6,000000800cdfa6,272,272,R F L,2
000000800d03c6,000000800d03c6,1390,1390,R F D L,3
000000800d03e6,000000800d07e4,1783,1783,R F D L,3
000000800d06c6,00000080190d83,78,42,R F L,2
000000800d06e6,00000080190d8b,106,106,R F L,2
000000800d07c6,00000080190dc3,134,67,R F L,2
000000800d07e4,000000800d03e6,1783,1783,U R F L,3
000000800d07e6,00000080190dcb,162,162,R F L,2
000000800d0bc6,000000800d0bc6,1174,1174,R F D L,3
000000800d0be6,000000800d1bc6,1572,1572,R F D L,3
000000800d0ec6,00000080190f83,168,84,R F L,2
000000800d0ee6,00000080190f8b,233,233,R F L,2
000000800d0fc2,000000800d8f82,198,99,R F L,2
000000800d0fc4,00000080190fc1,246,246,U R F L,3
000000800d0fe2,000000800d8fa2,292,292,R F L,2
000000800d0fe4,00000080190fc9,311,311,U R F L,3
000000800d13e6,000000800d13e6,2176,2176,R F D L,3
000000800d16e6,00000080194d8b,134,70,R F L,2
000000800d17e6,00000080194dcb,190,95,R F L,2
000000800d1bc6,000000800d0be6,1572,1572,R F D L,3
000000800d1be6,000000800d1be6,972,972,R F D L,3
000000800d1de6,000000801947cb,442,221,R F L,2
000000800d1ee6,00000080194f8b,298,149,R F L,2
000000800d1fc4,00000080194fc1,255,255,U R F L,3
000000800d1fc6,00000080194fc3,137,137,R F L,2
000000800d1fe2,000000800d9fa2,386,193,R F L,2
000000800d1fe4,00000080194fc9,320,320,U R F L,3
000000800d1fe6,00000080194fcb,202,202,R F L,2
000000800d5fe2,000000800ddfa2,39,39,R F L,2
000000800d8f82,000000800d0fc2,198,99,R F L,2
000000800d8f86,000000800d8f86,154,77,R F L,2
000000800d8fa2,000000800d0fe2,292,292,R F L,2
000000800d8fa6,000000800d8fa6,230,230,R F L,2
000000800d9ba6,000000800d9ba6,620,620,R F D L,3
000000800d9fa2,000000800d1fe2,386,193,R F L,2
000000800d9fa6,000000800d9fa6,306,153,R F L,2
000000800ddfa2,000000800d5fe2,39,39,R F L,2
000000800ddfa6,000000800ddfa6,76,76,R F L,2
00000080180d83,000000800c06c6,298,149,R F L,2
00000080180d8b,000000800c06e6,543,543,R F L,2
00000080180dc3,000000800c07c6,602,301,R F L,2
00000080180dcb,000000800c07e6,934,934,R F L,2
00000080180f83,000000800c0ec6,446,223,R F L,2
00000080180f8b,000000800c0ee6,654,654,R F L,2
00000080181bcb,000000800c4be6,910,910,R F D L,3
00000080181d8b,000000800c46e6,100,100,R F L,2
00000080181dcb,000000800c47e6,140,140,R F L,2
00000080181f8b,000000800c4ee6,208,208,R F L,2
000000801847cb,000000800c1de6,1580,790,R F L,2
00000080184d8b,000000800c16e6,856,428,R F L,2
00000080184dcb,000000800c17e6,1334,667,R F L,2
00000080184f8b,000000800c1ee6,908,454,R F L,2
00000080184fc3,000000800c1fc6,322,322,R F L,2
00000080184fcb,000000800c1fe6,500,500,R F L,2
000000801857cb,000000800c5de6,350,350,R F L,2
00000080185bcb,000000800c5be6,1114,1114,R F D L,3
00000080185d8b,000000800c56e6,120,120,R F L,2
00000080185dcb,000000800c57e6,160,160,R F L,2
00000080185f8b,000000800c5ee6,254,254,R F L,2
00000080185fcb,000000800c5fe6,178,178,R F L,2
00000080190d83,000000800d06c6,78,42,R F L,2
00000080190d8b,000000800d06e6,106,106,R F L,2
00000080190dc3,000000800d07c6,134,67,R F L,2
00000080190dcb,000000800d07e6,162,162,R F L,2
00000080190f83,000000800d0ec6,168,84,R F L,2
00000080190f8b,000000800d0ee6,233,233,R F L,2
00000080190fc1,000000800d0fc4,246,246,U R F L,3
00000080190fc9,000000800d0fe4,311,311,U R F L,3
000000801947cb,000000800d1de6,442,221,R F L,2
00000080194d8b,000000800d16e6,134,70,R F L,2
00000080194dcb,000000800d17e6,190,95,R F L,2
00000080194f8b,000000800d1ee6,298,149,R F L,2
00000080194fc1,000000800d1fc4,255,255,U R F L,3
00000080194fc3,000000800d1fc6,137,137,R F L,2
00000080194fc9,000000800d1fe4,320,320,U R F L,3
00000080194fcb,000000800d1fe6,202,202,R F L,2
000000801c0bc2,000000801c0bc2,4992,2502,R F D L,3
000000801c0fc2,000000801c0fc2,454,227,R F L,2
000000801c1bc2,000000801c1bc2,6010,6010,R F D L,3
000000801c1fc2,000000801c1fc2,558,558,R F L,2
000000801c5bc2,000000801c5bc2,7028,3520,R F D L,3
000000801c5fc2,000000801c5fc2,662,331,R F L,2
000000801c8f82,000000801e0ec2,372,186,R F L,2
000000801c9bc2,000000801c9bc2,2234,2234,R F D L,3
000000801c9f82,000000801e1ec2,460,460,R F L,2
000000801cdbc2,000000801cdbc2,2704,2704,R F D L,3
000000801cdf82,000000801e5ec2,548,274,R F L,2
000000801d5bc2,000000801d5bc2,124,124,R F D L,3
000000801d5fc2,000000801d5fc2,74,37,R F L,2
000000801d87c2,000000801d87c2,180,90,R F L,2
000000801d97c2,000000801d97c2,268,268,R F L,2
000000801dd7c0,000000801dd7c0,378,378,U R F L,3
000000801dd7c2,000000801dd7c2,178,178,R F L,2
000000801ddb82,000000801f5ac2,101,101,R F D L,3
000000801ddbc2,000000801f5bc2,172,172,R F D L,3
000000801ddf82,000000801f5ec2,56,31,R F L,2
000000801ddfc2,000000801f5fc2,106,53,R F L,2
000000801e0ec2,000000801c8f82,372,186,R F L,2
000000801e1ec2,000000801c9f82,460,460,R F L,2
000000801e5ec2,000000801cdf82,548,274,R F L,2
000000801f5ac2,000000801ddb82,101,101,R F D L,3
000000801f5bc2,000000801ddbc2,172,172,R F D L,3
000000801f5ec2,000000801ddf82,56,31,R F L,2
000000801f5fc2,000000801ddfc2,106,53,R F L,2
00000080380d83,000000808c06c6,144,72,R F L,2
00000080384d83,000000808c16c6,168,168,R F L,2
00000080388f82,000000808e0ec2,198,99,R F L,2
00000080389f82,000000808e1ec2,222,222,R F L,2
0000008038dc83,000000808e5686,192,96,R F L,2
0000008038df82,000000808e5ec2,246,123,R F L,2
000000808c06c6,00000080380d83,144,72,R F L,2
000000808c16c6,00000080384d83,168,168,R F L,2
000000808e0ec2,00000080388f82,198,99,R F L,2
000000808e1ec2,00000080389f82,222,222,R F L,2
000000808e5686,0000008038dc83,192,96,R F L,2
000000808e5ec2,0000008038df82,246,123,R F L,2
00000080beda82,00000080beda82,64,34,R F D L,3
000000810c008b,000000810c008b,43,43,R F D L,3
000000810c008f,000000810c008f,532,532,R F D L,3
000000810c00ab,000000810c00ab,134,134,R F D L,3
000000810c00af,000000810c00af,1450,1450,R F D L,3
000000810c00cf,000000810c00cf,2485,2485,R F D L,3
000000810c00ef,000000810c00ef,5764,5764,R F D L,3
000000810c01cf,000000810c01cf,5514,5514,R F D L,3
000000810c01ef,000000810c01ef,10382,10382,R F D L,3
000000810c048b,000000810c048b,14,14,R F L,2
000000810c048f,000000810c058b,89,89,R F L,2
000000810c04ab,000000810c04ab,52,52,R F L,2
000000810c04af,000000810c05ab,280,280,R F L,2
000000810c04cf,000000810c0d8b,234,234,R F L,2
000000810c04ef,000000810c0dab,606,606,R F L,2
000000810c058b,000000810c048f,89,89,R F L,2
000000810c058f,000000810c058f,394,394,R F L,2
000000810c05ab,000000810c04af,280,280,R F L,2
000000810c05af,000000810c05af,1028,1028,R F L,2
000000810c05cf,000000810c0dcb,682,682,R F L,2
000000810c05ef,000000810c0deb,1430,1430,R F L,2
000000810c088f,000000810c088f,231,231,R F D L,3
000000810c08af,000000810c08af,648,648,R F D L,3
000000810c08cf,000000810c08cf,1864,1864,R F D L,3
000000810c08ef,000000810c08ef,4350,4350,R F D L,3
000000810c09cf,000000810c09cf,4874,4874,R F D L,3
000000810c09ef,000000810c09ef,9014,9014,R F D L,3
000000810c0c8f,000000810c0c8f,80,80,R F L,2
000000810c0caf,000000810c0caf,232,232,R F L,2
000000810c0ccf,000000810c0d8f,318,318,R F L,2
000000810c0cef,000000810c0daf,792,792,R F L,2
000000810c0d8b,000000810c04cf,234,234,R F L,2
000000810c0d8f,000000810c0ccf,318,318,R F L,2
000000810c0dab,000000810c04ef,606,606,R F L,2
000000810c0daf,000000810c0cef,792,792,R F L,2
000000810c0dcb,000000810c05cf,682,682,R F L,2
000000810c0dcf,000000810c0dcf,684,684,R F L,2
000000810c0deb,000000810c05ef,1430,1430,R F L,2
000000810c0def,000000810c0def,1112,1112,R F L,2
000000810c40ab,000000810c40ab,48,48,R F D L,3
000000810c40af,000000810c40af,434,434,R F D L,3
000000810c40ef,000000810c40ef,1440,1440,R F D L,3
000000810c41ef,000000810c41ef,2000,2000,R F D L,3
000000810c44ab,000000810c44ab,24,24,R F L,2
000000810c44af,000000810c45ab,106,106,R F L,2
000000810c44ef,000000810c4dab,182,182,R F L,2
000000810c45ab,000000810c44af,106,106,R F L,2
000000810c45af,000000810c45af,324,324,R F L,2
000000810c45ef,000000810c4deb,354,354,R F L,2
000000810c48af,000000810c48af,196,196,R F D L,3
000000810c48ef,000000810c48ef,1184,1184,R F D L,3
000000810c49ef,000000810c49ef,952,952,R F D L,3
000000810c4caf,000000810c4caf,96,96,R F L,2
000000810c4cef,000000810c4daf,286,286,R F L,2
000000810c4dab,000000810c44ef,182,182,R F L,2
000000810c4daf,000000810c4cef,286,286,R F L,2
000000810c4deb,000000810c45ef,354,354,R F L,2
000000810c4def,000000810c4def,428,428,R F L,2
000000810d008b,000000810d0489,15,15,R F D L,3
000000810d008f,000000810d048d,156,156,R F D L,3
000000810d00ab,000000810d04a9,43,43,R F D L,3
000000810d00af,000000810d04ad,391,391,R F D L,3
000000810d00cf,000000810d04cd,617,617,R F D L,3
000000810d00ef,000000810d04ed,1317,1317,R F D L,3
000000810d01cf,000000810d05cd,1117,1117,R F D L,3
000000810d01ef,000000810d05ed,1821,1821,R F D L,3
000000810d0489,000000810d008b,15,15,U R F L,3
000000810d048b,000000810d048b,6,6,R F L,2
000000810d048d,000000810d008f,156,156,U R F L,3
000000810d048f,000000810d058b,33,33,R F L,2
000000810d04a9,000000810d00ab,43,43,U R F L,3
000000810d04ab,000000810d04ab,22,22,R F L,2
000000810d04ad,000000810d00af,391,391,U R F L,3
000000810d04af,000000810d05ab,103,103,R F L,2
000000810d04cd,000000810d00cf,617,617,U R F L,3
000000810d04cf,000000810d0d8b,76,76,R F L,2
000000810d04ed,000000810d00ef,1317,1317,U R F L,3
000000810d04ef,000000810d0dab,194,194,R F L,2
000000810d058b,000000810d048f,33,33,R F L,2
000000810d058f,000000810d058f,130,130,R F L,2
000000810d05ab,000000810d04af,103,103,R F L,2
000000810d05af,000000810d05af,338,338,R F L,2
000000810d05cd,000000810d01cf,1117,1117,U R F L,3
000000810d05cf,000000810d0dcb,197,197,R F L,2
000000810d05ed,000000810d01ef,1821,1821,U R F L,3
000000810d05ef,000000810d0deb,403,403,R F L,2
000000810d088f,000000810d0c8d,66,66,R F D L,3
000000810d08af,000000810d0cad,176,176,R F D L,3
000000810d08cf,000000810d0ccd,476,476,R F D L,3
000000810d08ef,000000810d0ced,1080,1080,R F D L,3
000000810d09cf,000000810d0dcd,1105,1105,R F D L,3
000000810d09ef,000000810d0ded,862,862,R F D L,3
000000810d0c8d,000000810d088f,66,66,U R F L,3
000000810d0c8f,000000810d0c8f,30,30,R F L,2
000000810d0cad,000000810d08af,176,176,U R F L,3
000000810d0caf,000000810d0caf,96,96,R F L,2
000000810d0ccd,000000810d08cf,476,476,U R F L,3
000000810d0ccf,000000810d0d8f,119,119,R F L,2
000000810d0ced,000000810d08ef,1080,1080,U R F L,3
000000810d0cef,000000810d0daf,316,316,R F L,2
000000810d0d8b,000000810d04cf,76,76,R F L,2
000000810d0d8f,000000810d0ccf,119,119,R F L,2
000000810d0dab,000000810d04ef,194,194,R F L,2
000000810d0daf,000000810d0cef,316,316,R F L,2
000000810d0dcb,000000810d05cf,197,197,R F L,2
000000810d0dcd,000000810d09cf,1105,1105,U R F L,3
000000810d0dcf,000000810d0dcf,296,296,R F L,2
000000810d0deb,000000810d05ef,403,403,R F L,2
000000810d0ded,000000810d09ef,862,862,U R F L,3
000000810d0def,000000810d0def,464,464,R F L,2
000000810d44ab,000000810d44ab,10,10,R F L,2
000000810d44af,000000810d45ab,39,39,R F L,2
000000810d44ef,000000810d4dab,57,57,R F L,2
000000810d45ab,000000810d44af,39,39,R F L,2
000000810d45af,000000810d45af,106,106,R F L,2
000000810d45ef,000000810d4deb,95,95,R F L,2
000000810d4caf,000000810d4caf,38,38,R F L,2
000000810d4cef,000000810d4daf,103,103,R F L,2
000000810d4dab,000000810d44ef,57,57,R F L,2
000000810d4daf,000000810d4cef,103,103,R F L,2
000000810d4deb,000000810d45ef,95,95,R F L,2
000000810d4def,000000810d4def,168,168,R F L,2
000000810e04cf,000000811c0d8b,301,301,R F L,2
000000810e04ef,000000811c4d8b,544,544,R F L,2
000000810e05cf,000000811c85cb,370,370,R F L,2
000000810e05ef,000000811ccccb,560,560,R F L,2
000000810e41ef,000000810e41ef,1036,1036,R F D L,3
000000810e44ef,000000841895af,100,100,R F L,2
000000810e45ef,000000841895ef,190,190,R F L,2
000000810f01ef,000000810f05ed,940,940,R F D L,3
000000810f04cf,000000811d0d8b,85,85,R F L,2
000000810f04ef,000000811d4d8b,113,113,R F L,2
000000810f05cf,000000811d85cb,155,155,R F L,2
000000810f05ed,000000810f01ef,940,940,U R F L,3
000000810f05ef,000000811dcccb,220,220,R F L,2
000000811c09cb,000000811c09cb,6092,6092,R F D L,3
000000811c0d8b,000000810e04cf,301,301,R F L,2
000000811c0dcb,000000818e0ccb,576,576,R F L,2
000000811c49cb,000000811c49cb,9152,9152,R F D L,3
000000811c4d8b,000000810e04ef,544,544,R F L,2
000000811c4dcb,000000818e4ccb,896,896,R F L,2
000000811c85cb,000000810e05cf,370,370,R F L,2
000000811ccccb,000000810e05ef,560,560,R F L,2
000000811d09cb,000000811d0dc9,782,782,R F D L,3
000000811d0d8b,000000810f04cf,85,85,R F L,2
000000811d0dc9,000000811d09cb,782,782,U R F L,3
000000811d0dcb,000000818f0ccb,140,140,R F L,2
000000811d49cb,000000811d4dc9,1017,1017,R F D L,3
000000811d4d8b,000000810f04ef,113,113,R F L,2
000000811d4dc9,000000811d49cb,1017,1017,U R F L,3
000000811d4dcb,000000818f4ccb,168,168,R F L,2
000000811d85cb,000000810f05cf,155,155,R F L,2
000000811dcccb,000000810f05ef,220,220,R F L,2
000000811e09cb,000000811e09cb,5096,5096,R F D L,3
000000811e0ccb,000000811e0ccb,720,720,R F L,2
000000811e49cb,000000811e49cb,7366,7366,R F D L,3
000000811e4ccb,000000811e4ccb,1184,1184,R F L,2
000000811f09cb,000000841d83e6,387,387,R F D L,3
000000811f0ccb,000000811f0ccb,172,172,R F L,2
000000811f0dc9,000000841d87e4,191,191,U R F L,3
000000811f45cb,000000811f45cb,160,160,R F L,2
000000811f49cb,000000841d93e6,230,230,R F D L,3
000000811f4ccb,000000811f4ccb,264,264,R F L,2
000000811f4dc9,000000841d97e4,200,200,U R F L,3
000000811f4dcb,000000841d97e6,124,124,R F L,2
000000818e04cf,000000843885a7,142,142,R F L,2
000000818e0ccb,000000811c0dcb,576,576,R F L,2
000000818e44cf,000000843895a7,166,166,R F L,2
000000818e4ccb,000000811c4dcb,896,896,R F L,2
000000818e8c8f,000000843a86a7,274,274,R F L,2
000000818ecc8f,000000843a96a7,440,440,R F L,2
000000818f0ccb,000000811d0dcb,140,140,R F L,2
000000818f4ccb,000000811d4dcb,168,168,R F L,2
000000818f8c8d,000000843b86a5,199,199,U R F L,3
000000818f8c8f,000000843b86a7,119,119,R F L,2
000000818fc88f,000000843b92a7,328,328,R F D L,3
000000818fcc8d,000000843b96a5,264,264,U R F L,3
000000818fcc8f,000000843b96a7,184,184,R F L,2
000000841895af,000000810e44ef,100,100,R F L,2
000000841895ef,000000810e45ef,190,190,R F L,2
000000841d83e6,000000811f09cb,387,387,R F D L,3
000000841d87e4,000000811f0dc9,191,191,U R F L,3
000000841d93e6,000000811f49cb,230,230,R F D L,3
000000841d97e4,000000811f4dc9,200,200,U R F L,3
000000841d97e6,000000811f4dcb,124,124,R F L,2
000000843885a7,000000818e04cf,142,142,R F L,2
000000843895a7,000000818e44cf,166,166,R F L,2
000000843a86a7,000000818e8c8f,274,274,R F L,2
000000843a96a7,000000818ecc8f,440,440,R F L,2
000000843b86a5,000000818f8c8d,199,199,U R F L,3
000000843b86a7,000000818f8c8f,119,119,R F L,2
000000843b92a7,000000818fc88f,328,328,R F D L,3
000000843b96a5,000000818fcc8d,264,264,U R F L,3
000000843b96a7,000000818fcc8f,184,184,R F L,2
000000851c00af,000000851c00af,110,58,R F D L,3
000000851c00ef,000000851c00ef,978,489,R F D L,3
000000851c01ef,000000851c01ef,2820,1417,R F D L,3
000000851c04af,000000851c04af,48,24,R F L,2
000000851c04ef,000000851c05af,208,104,R F L,2
000000851c05af,000000851c04ef,208,104,R F L,2
000000851c05ef,000000851c05ef,568,284,R F L,2
000000851c80ef,000000851c80ef,415,209,R F D L,3
000000851c81ef,000000851c81ef,852,852,R F D L,3
000000851c85af,000000851e04ef,300,150,R F L,2
000000851d00af,000000851d00af,33,33,R F D L,3
000000851d00ef,000000851d00ef,248,248,R F D L,3
000000851d01ef,000000851d01ef,605,605,R F D L,3
000000851d04af,000000851d04af,20,13,R F L,2
000000851d04ef,000000851d05af,76,38,R F L,2
000000851d05af,000000851d04ef,76,38,R F L,2
000000851d05ef,000000851d05ef,186,93,R F L,2
000000851d80ef,000000851d80ef,116,116,R F D L,3
000000851d81ef,000000851f01ef,234,234,R F D L,3
000000851d84ef,000000851d84ef,72,36,R F L,2
000000851d85af,000000851f04ef,92,49,R F L,2
000000851d85ef,000000851f05ef,142,71,R F L,2
000000851e04ef,000000851c85af,300,150,R F L,2
000000851f01ef,000000851d81ef,234,234,R F D L,3
000000851f04ef,000000851d85af,92,49,R F L,2
000000851f05ef,000000851d85ef,142,71,R F L,2
000000892c00cb,000000892c00cb,36,36,R F D L,3
000000892c00cf,000000892c00cf,334,334,R F D L,3
000000892c00eb,000000892c00eb,108,108,R F D L,3
000000892c00ef,000000892c00ef,872,872,R F D L,3
000000892c01cf,000000892c01cf,1174,1174,R F D L,3
000000892c01ef,000000892c01ef,2496,2496,R F D L,3
000000892c04cb,000000892c04cb,13,13,R F L,2
000000892c04cf,000000892c05cb,68,68,R F L,2
000000892c04eb,000000892c04eb,48,48,R F L,2
000000892c04ef,000000892c05eb,206,206,R F L,2
000000892c05cb,000000892c04cf,68,68,R F L,2
000000892c05cf,000000892c05cf,235,235,R F L,2
000000892c05eb,000000892c04ef,206,206,R F L,2
000000892c05ef,000000892c05ef,570,570,R F L,2
000000892c08cf,000000892c08cf,108,108,R F D L,3
000000892c08ef,000000892c08ef,284,284,R F D L,3
000000892c09cf,000000892e01cf,257,257,R F D L,3
000000892c0ccf,000000892c0ccf,58,58,R F L,2
000000892c0cef,000000892c0cef,168,168,R F L,2
000000892c0dcb,000000892e04cf,143,143,R F L,2
000000892c0deb,000000892e04ef,318,318,R F L,2
000000892c0ded,000000892e05ed,237,237,U R F L,3
000000892c40eb,000000892c40eb,36,36,R F D L,3
000000892c40ef,000000892c41eb,124,124,R F D L,3
000000892c41eb,000000892c40ef,124,124,R F D L,3
000000892c41ef,000000892c41ef,288,288,R F D L,3
000000892c44eb,000000892c44eb,22,22,R F L,2
000000892c44ef,000000892c45eb,74,74,R F L,2
000000892c45eb,000000892c44ef,74,74,R F L,2
000000892c45ef,000000892c45ef,168,168,R F L,2
000000892c48ef,000000892c48ef,108,108,R F D L,3
000000892c49eb,000000892e40ef,116,116,R F D L,3
000000892c4cef,000000892c4cef,66,66,R F L,2
000000892c4deb,000000892e44ef,70,70,R F L,2
000000892d04cb,000000892d04cb,5,5,R F L,2
000000892d04cf,000000892d05cb,24,24,R F L,2
000000892d04eb,000000892d04eb,19,19,R F L,2
000000892d04ef,000000892d05eb,74,74,R F L,2
000000892d05cb,000000892d04cf,24,24,R F L,2
000000892d05cf,000000892d05cf,75,75,R F L,2
000000892d05eb,000000892d04ef,74,74,R F L,2
000000892d05ef,000000892d05ef,183,183,R F L,2
000000892d0ccf,000000892d0ccf,23,23,R F L,2
000000892d0cef,000000892d0cef,72,72,R F L,2
000000892d0dcb,000000892f04cf,46,46,R F L,2
000000892d0deb,000000892f04ef,73,73,R F L,2
000000892e01cf,000000892c09cf,257,257,R F D L,3
000000892e04cf,000000892c0dcb,143,143,R F L,2
000000892e04ef,000000892c0deb,318,318,R F L,2
000000892e05ed,000000892c0ded,237,237,U R F L,3
000000892e40ef,000000892c49eb,116,116,R F D L,3
000000892e44ef,000000892c4deb,70,70,R F L,2
000000892f04cf,000000892d0dcb,46,46,R F L,2
000000892f04ef,000000892d0deb,73,73,R F L,2
000000893c09cb,000000893c09cb,1770,1770,R F D L,3
000000893c0dcb,00000089ae04cf,104,104,R F L,2
000000893c49cb,000000893e48cb,1401,1401,R F D L,3
000000893c4dcb,00000089ae44cf,124,124,R F L,2
000000893e0ccb,00000089ae0ccb,296,296,R F L,2
000000893e48cb,000000893c49cb,1401,1401,R F D L,3
000000893e4ccb,00000089ae4ccb,350,350,R F L,2
000000893f0ccb,00000089af0ccb,82,82,R F L,2
000000893f4ccb,00000089af4ccb,109,109,R F L,2
00000089ae04cf,000000893c0dcb,104,104,R F L,2
00000089ae0ccb,000000893e0ccb,296,296,R F L,2
00000089ae44cf,000000893c4dcb,124,124,R F L,2
00000089ae4ccb,000000893e4ccb,350,350,R F L,2
00000089af0ccb,000000893f0ccb,82,82,R F L,2
00000089af4ccb,000000893f4ccb,109,109,R F L,2
00000089be08cb,00000089be08cb,254,254,R F D L,3
00000089be0ccb,00000089be0ccb,156,156,R F L,2
00000089be48cb,00000089be48cb,212,212,R F D L,3
00000089be4cc9,00000089be4cc9,234,234,U R F L,3
00000089be4ccb,00000089bf4c4b,138,138,R F L,2
00000089bf0ccb,00000089bf0ccb,72,72,R F L,2
00000089bf4c4b,00000089be4ccb,138,138,R F L,2
00000089bf4ccb,00000089bf4ccb,126,126,R F L,2
0000008d3c00ef,0000008d3c00ef,86,86,R F D L,3
0000008d3c01ef,0000008d3c01ef,554,554,R F D L,3
0000008d3c04ef,0000008d3c04ef,44,44,R F L,2
0000008d3c05ef,0000008d3e04ef,144,144,R F L,2
0000008d3d04ef,0000008d3d04ef,18,18,R F L,2
0000008d3d05ef,0000008d3f04ef,53,53,R F L,2
0000008d3e04ef,0000008d3c05ef,144,144,R F L,2
0000008d3f04ef,0000008d3d05ef,53,53,R F L,2
000000adbc01ef,000000adbc01ef,64,34,R F D L,3
000000c10c41ef,000000c10c41ef,1178,1178,R F D L,3
000000c10c45ef,000000c10c45ef,208,208,R F L,2
000000c10c49ef,000000c10c5be6,360,360,R F D L,3
000000c10c4deb,000000c10c57e6,136,136,R F L,2
000000c10c4def,000000c10c5fe6,166,166,R F L,2
000000c10c53ef,000000c10c5beb,164,164,R F D L,3
000000c10c57e6,000000c10c4deb,136,136,R F L,2
000000c10c57ef,000000c10c5feb,94,94,R F L,2
000000c10c5be6,000000c10c49ef,360,360,R F D L,3
000000c10c5beb,000000c10c53ef,164,164,R F D L,3
000000c10c5bef,000000c10c5bef,192,192,R F D L,3
000000c10c5fe6,000000c10c4def,166,166,R F L,2
000000c10c5feb,000000c10c57ef,94,94,R F L,2
000000c10c5fef,000000c10c5fef,120,120,R F L,2
000000c10c9bc6,000000c10c9bc6,156,156,R F D L,3
000000c10c9be6,000000c10c9be6,300,300,R F D L,3
000000c10cdbe6,000000c10cdbe6,144,144,R F D L,3
000000c10d45ef,000000c10d45ef,38,38,R F L,2
000000c10d4deb,000000c10d57e6,28,28,R F L,2
000000c10d4def,000000c10d5fe6,65,65,R F L,2
000000c10d57e6,000000c10d4deb,28,28,R F L,2
000000c10d5fe6,000000c10d4def,65,65,R F L,2
000000c10d9bc6,000000c10d9fc4,49,49,R F D L,3
000000c10d9be6,000000c10d9fe4,95,95,R F D L,3
000000c10d9fc4,000000c10d9bc6,49,49,U R F L,3
000000c10d9fe4,000000c10d9be6,95,95,U R F L,3
000000c10ddfe6,000000c10ddfe6,46,46,R F L,2
000000c10edbef,000000c10edbef,28,28,R F D L,3
000000c10fdfef,000000c10fdfef,9,9,R F L,2
000000c11c09cb,000000c11c09cb,3136,3136,R F D L,3
000000c11c0dcb,000000c18e04cf,190,190,R F L,2
000000c11c1bcb,000000c18e1acb,426,426,R F D L,3
000000c11c1fc2,000000c11e1ec2,330,330,R F L,2
000000c11c49cb,000000c11c49cb,3792,3792,R F D L,3
000000c11c4dcb,000000c18e44cf,214,214,R F L,2
000000c11c57cb,000000c18c5ecb,172,172,R F L,2
000000c11c5bcb,000000c18e5acb,524,524,R F D L,3
000000c11c5fc2,000000c11e5ec2,408,408,R F L,2
000000c11c5fcb,000000c18e5ecb,94,94,R F L,2
000000c11c9bc2,000000c11c9bc2,773,773,R F D L,3
000000c11cdbc2,000000c18e4ccd,324,324,R F D L,3
000000c11cdfc0,000000c18e48cf,195,195,U R F L,3
000000c11d49cb,000000c18f44cd,56,56,R F D L,3
000000c11d5bc2,000000c11f5ec0,80,80,R F D L,3
000000c11d5fc0,000000c11f5ac2,85,85,U R F L,3
000000c11d5fc2,000000c11f5ec2,55,55,R F L,2
000000c11ddbc2,000000c18f4ccd,100,100,R F D L,3
000000c11e1acb,000000c11e1acb,248,248,R F D L,3
000000c11e1ec2,000000c11c1fc2,330,330,R F L,2
000000c11e1ecb,000000c11e1ecb,98,98,R F L,2
000000c11e1fc0,000000c11e1fc0,414,414,U R F L,3
000000c11e5acb,000000c11e5acb,296,296,R F D L,3
000000c11e5bc2,000000c11e5bc2,242,242,R F D L,3
000000c11e5ec2,000000c11c5fc2,408,408,R F L,2
000000c11e5ecb,000000c11e5ecb,122,122,R F L,2
000000c11e5fc0,000000c11e5fc0,354,354,U R F L,3
000000c11f5ac2,000000c11d5fc0,85,85,R F D L,3
000000c11f5bc2,000000c11f5fc0,124,124,R F D L,3
000000c11f5ec0,000000c11d5bc2,80,80,U R F L,3
000000c11f5ec2,000000c11d5fc2,55,55,R F L,2
000000c11f5ecb,000000c11f5ecb,36,36,R F L,2
000000c11f5fc0,000000c11f5bc2,124,124,U R F L,3
000000c11f5fc2,000000c11f5fc2,88,88,R F L,2
000000c18c5ecb,000000c11c57cb,172,172,R F L,2
000000c18e04cf,000000c11c0dcb,190,190,R F L,2
000000c18e1acb,000000c11c1bcb,426,426,R F D L,3
000000c18e44cf,000000c11c4dcb,214,214,R F L,2
000000c18e48cf,000000c11cdfc0,195,195,R F D L,3
000000c18e4ccd,000000c11cdbc2,324,324,U R F L,3
000000c18e5acb,000000c11c5bcb,524,524,R F D L,3
000000c18e5ecb,000000c11c5fcb,94,94,R F L,2
000000c18f44cd,000000c11d49cb,56,56,U R F L,3
000000c18f4ccd,000000c11ddbc2,100,100,U R F L,3
000000c51c01ef,000000c51c01ef,3532,1766,R F D L,3
000000c51c05ef,000000c51c17e6,542,271,R F L,2
000000c51c13ef,000000c51c13ef,458,458,R F D L,3
000000c51c17e6,000000c51c05ef,542,271,R F L,2
000000c51c17ef,000000c51c17ef,220,220,R F L,2
000000c51c85af,000000e18c17e6,140,70,R F L,2
000000c51c93af,000000c51c93af,502,502,R F D L,3
000000c51c93e6,000000c51c97e4,577,290,R F D L,3
000000c51c97af,000000e18c17ef,100,100,R F L,2
000000c51c97e4,000000c51c93e6,577,290,U R F L,3
000000c51d01ef,000000c51d01ef,434,434,R F D L,3
000000c51d05ef,000000c51d17e6,146,73,R F L,2
000000c51d17e6,000000c51d05ef,146,73,R F L,2
000000c51d17ef,000000c51d17ef,88,88,R F L,2
000000c51d93e6,000000c51d93e6,154,154,R F D L,3
000000c51d97e4,000000c51d97e4,156,156,U R F L,3
000000c51d97e6,000000c51d97e6,106,106,R F L,2
000000e18c17e6,000000c51c85af,140,70,R F L,2
000000e18c17ef,000000c51c97af,100,100,R F L,2
0000014514016d,0000014514016d,2496,316,U R F D L B,3
0000014514016f,0000014514016f,3508,1754,U R F D L B,3
000001451401ef,000001451401ef,4844,1214,U R F D L B,3
0000014514056f,0000014514056f,228,118,U R F D L B,3
000001451405ef,000001451405ef,324,162,U R F D L B,3
0000014514136d,0000014514136d,824,206,U R F D L B,3
0000014514136f,0000014514136f,1124,1124,U R F D L B,3
000001451413ef,000001451449ef,744,372,U R F D L B,3
00000145141766,00000145144d4b,182,91,U R F D L B,3
0000014514176f,00000145144d6f,56,56,R F L B,2
000001451417e6,00000145144dcb,222,111,U R F D L B,3
000001451417ef,00000145144def,94,94,R F L B,2
000001451449ef,000001451413ef,744,372,U R F D L B,3
00000145144d4b,00000145141766,182,91,U R F D L B,3
00000145144d6f,0000014514176f,56,56,R F L B,2
00000145144dcb,000001451417e6,222,111,U R F D L B,3
00000145144def,000001451417ef,94,94,R F L B,2
00000145145b6d,00000145145b6d,64,8,U R F D L B,3
00000145145b6f,00000145145b6f,106,53,U R F D L B,3
00000145145bef,00000145145bef,184,46,U R F D L B,3
00000145145f6f,00000145145f6f,42,21,R F L B,2
00000145145fef,00000145145fef,78,39,R F L B,2
0000014514816d,00000145149364,464,58,U R F D L B,3
0000014514816f,00000145149366,610,305,U R F D L B,3
000001451481ef,000001451493e6,740,185,U R F D L B,3
0000014514856f,00000145149766,112,56,U R F D L B,3
000001451485ef,000001451497e6,188,94,U R F D L B,3
00000145149364,0000014514816d,464,58,U R F D L B,3
00000145149366,0000014514816f,610,305,U R F D L B,3
0000014514936d,0000014514936d,64,16,U R F D L B,3
0000014514936f,0000014514936f,120,120,U R F D L B,3
000001451493e6,000001451481ef,740,185,U R F D L B,3
000001451493ef,000001451493ef,232,116,U R F D L B,3
00000145149766,0000014514856f,112,56,U R F D L B,3
000001451497e6,000001451485ef,188,94,U R F D L B,3
000001451505ef,000001451505ef,60,18,R F L B,2
000001451517e6,00000145154dcb,40,10,R F L B,2
000001451517ef,00000145154def,38,19,R F L B,2
00000145154dcb,000001451517e6,40,10,R F L B,2
00000145154def,000001451517ef,38,19,R F L B,2
000001451585ef,000001451597e6,76,19,R F L B,2
000001451597e6,000001451585ef,76,19,R F L B,2
000001451597ef,000001451597ef,56,28,R F L B,2
0000014516816d,0000014516816d,32,8,U R F D L B,3
0000014516816f,0000014516816f,53,53,U R F D L B,3
000001451681ef,000001451681ef,92,46,U R F D L B,3
0000014516856f,0000014516856f,21,21,U R F L B,3
000001451685ef,000001451685ef,39,39,U R F L B,3
0000014516db6d,0000014516db6d,20,5,U R F D L B,3
0000014516db6f,0000014516db6f,38,19,U R F D L B,3
0000014516dbef,0000014516dbef,74,21,U R F D L B,3
0000014517dfef,0000014517dfef,18,7,R F L B,2
000001451c016f,000001451c016f,1138,572,R F D L,3
000001451c01ed,000001451c01ed,3494,1750,U R F D L B,3
000001451c01ef,000001451c01ef,1538,1538,R F D L,3
000001451c05ed,000001451c05ed,3116,1558,U R F L B,3
000001451c136f,000001451c136f,374,374,R F D L,3
000001451c13ed,000001451c13ed,1104,1104,U R F D L B,3
000001451c13ef,000001451c49ef,274,274,R F D L,3
000001451c17ed,000001451c4ded,287,287,U R F L B,3
000001451c49ef,000001451c13ef,274,274,R F D L,3
000001451c4ded,000001451c17ed,287,287,U R F L B,3
000001451c5b6f,000001451c5b6f,48,24,R F D L,3
000001451c5bcb,000001451c5be6,217,217,R F D L,3
000001451c5be6,000001451c5bcb,217,217,R F D L,3
000001451c5bed,000001451c5bed,132,66,U R F D L B,3
000001451c5bef,000001451c5bef,82,82,R F D L,3
000001451c5fed,000001451c5fed,82,41,U R F L B,3
000001451c816f,000001451c9366,154,77,R F D L,3
000001451c81ed,000001451c93e4,610,305,U R F D L B,3
000001451c81ef,000001451c93e6,242,242,R F D L,3
000001451c85ed,000001451d9764,290,145,U R F L B,3
000001451c9366,000001451c816f,154,77,R F D L,3
000001451c936f,000001451c936f,56,56,R F D L,3
000001451c93e4,000001451c81ed,610,305,U R F D L B,3
000001451c93e6,000001451c81ef,242,242,R F D L,3
000001451c93ed,000001451c93ed,168,168,U R F D L B,3
000001451c93ef,000001451cdbe6,108,108,R F D L,3
000001451c97e4,000001451d856d,250,125,U R F L B,3
000001451c97ed,000001451d976d,108,108,U R F L B,3
000001451cdbe6,000001451c93ef,108,108,R F D L,3
000001451d5f6d,000001451d5f6d,76,38,U R F L B,3
000001451d856d,000001451c97e4,250,125,U R F L B,3
000001451d9764,000001451c85ed,290,145,U R F L B,3
000001451d976d,000001451c97ed,108,108,U R F L B,3
000001451e816f,000001451e816f,21,21,R F D L,3
000001451e81ed,000001451e81ed,69,69,U R F D L B,3
000001451e81ef,000001451e81ef,41,41,R F D L,3
000001451e85ed,000001451e85ed,82,82,U R F L B,3
000001451edb6f,000001451edb6f,18,11,R F D L,3
000001451edbc2,000001451edbc2,38,38,R F D L,3
000001451edbed,000001451edbed,54,29,U R F D L B,3
000001451edbef,000001451edbef,35,35,R F D L,3
000001451edfed,000001451edfed,70,35,U R F L B,3
000001455c01ef,000001455c01ef,194,100,R D L,2
000001455c13e6,000001455c49cb,146,73,R D L,2
000001455c13ef,000001455c49ef,53,53,R D L,2
000001455c49cb,000001455c13e6,146,73,R D L,2
000001455c49ef,000001455c13ef,53,53,R D L,2
000001455d056d,000001455d056d,82,44,U R F L B,3
000001455d1764,000001455d4d49,68,34,U R F L B,3
000001455d4d49,000001455d1764,68,34,U R F L B,3
000001455d856d,000001455d9764,106,53,U R F L B,3
000001455d9764,000001455d856d,106,53,U R F L B,3
000001c51c01ef,000001c51c01ef,1938,972,R F D L,3
000001c51c05ef,000001c51c05ef,284,142,R F L,2
000001c51c13ef,000001c51c49ef,186,186,R F D L,3
000001c51c17e6,000001c51c4dcb,182,91,R F L,2
000001c51c17ef,000001c51c4def,88,88,R F L,2
000001c51c49ef,000001c51c13ef,186,186,R F D L,3
000001c51c4dcb,000001c51c17e6,182,91,R F L,2
000001c51c4def,000001c51c17ef,88,88,R F L,2
000001c51c5bef,000001c51c5bef,58,58,R F D L,3
000001c51c5fef,000001c51c5fef,40,20,R F L,2
000001c51c81ef,000001c51c93e6,165,165,R F D L,3
000001c51c93e6,000001c51c81ef,165,165,R F D L,3
000001c51c93ef,000001c51c93ef,88,88,R F D L,3
000001c51c97ed,000001c51c97ed,72,72,U R F L,3
000001c51d01ef,000001c51d01ef,68,68,R F D L,3
000001c51d05ef,000001c51d05ef,54,30,R F L,2
000001c51d13e6,000001c51d49cb,52,52,R F D L,3
000001c51d17e6,000001c51d4dcb,36,18,R F L,2
000001c51d17ef,000001c51d4def,35,35,R F L,2
000001c51d49cb,000001c51d13e6,52,52,R F D L,3
000001c51d4dcb,000001c51d17e6,36,18,R F L,2
000001c51d4def,000001c51d17ef,35,35,R F L,2
000001c51d81ef,000001c51d93e6,88,88,R F D L,3
000001c51d85ef,000001c51d97e6,70,35,R F L,2
000001c51d93e6,000001c51d81ef,88,88,R F D L,3
000001c51d97e6,000001c51d85ef,70,35,R F L,2
000001c51d97ef,000001c51d97ef,52,52,R F L,2
000001c51e81ef,000001c51e81ef,58,58,R F D L,3
000001c51edbef,000001c51edbef,52,28,R F D L,3
000001c51f81ef,000001c51f81ef,20,20,R F D L,3
000001c51fdfef,000001c51fdfef,17,11,R F L,2
00000fedffdfef,00000fedffdfef,1,1,R L,1
00001000115fc8,00001000115fc8,58,29,R F L B,2
000010001193c8,000010001193c8,140,72,R F L B,2
000010001197c8,000010001197c8,200,200,R F L B,2
0000100011d7c8,0000100011dec8,130,66,R F L B,2
0000100011dec8,0000100011d7c8,130,66,R F L B,2
0000100011df88,0000100011df88,48,48,R F L B,2
0000100011dfc8,0000100011dfc8,74,74,R F L B,2
00001000128340,00001000128340,42,42,U R F D L B,3
00001000128348,00001000128348,44,44,U R F D L B,3
000010001283c0,00001000528340,65,65,U R F D L B,3
00001000128740,00001000528940,65,65,U R F D L B,3
000010001287c0,0000100082c84c,81,81,U R F D L B,3
00001000128b40,00001000928a40,29,15,U R F D L B,3
00001000128f40,0000100092ca40,25,25,U R F D L B,3
00001000128fc0,0000100092ca48,41,41,U R F D L B,3
000010001291c8,00001000409a4c,78,78,U R F D L B,3
00001000129548,0000100040ca64,46,46,R F D L B,3
000010001295c8,00001080424964,64,64,R F D L B,3
0000100012cf40,00001208620b04,21,11,U R F D L B,3
0000100012cf48,00001208620b24,36,36,U R F D L B,3
0000100012cfc8,00001288620b24,60,31,U R F D L B,3
00001000308b00,00001000308b00,2544,106,U R F D L B,3
00001000308b80,00001000308b80,3880,970,U R F D L B,3
00001000308f80,00001000308f80,2608,652,U R F D L B,3
00001000309b80,00001000309b80,4336,2168,U R F D L B,3
00001000309f80,00001000329e80,2396,1198,U R F D L B,3
00001000329e80,00001000309f80,2396,1198,U R F D L B,3
0000100040896c,0000100040896c,530,530,U R F D L B,3
00001000408a6c,0000100090c8c8,345,345,U R F D L B,3
00001000408ac4,000010005281c0,65,65,R D L B,3
00001000408acc,000010005281c8,103,103,R D L B,3
00001000408ae4,00001000d0c8c0,94,94,R D L B,3
00001000408aec,00001000d0c8c8,164,164,R D L B,3
00001000408b4c,000010009288c8,151,151,U R F D L B,3
00001000408b6c,0000100092c8c8,225,225,U R F D L B,3
00001000408e4c,00001000630924,287,287,U R F D L B,3
00001000408e6c,00001001620d24,290,290,U R F D L B,3
00001000408ec4,00001080620984,81,81,R D L B,3
00001000408ecc,00001081620d04,119,119,R D L B,3
00001000408ee4,00001080620d24,106,106,R D L B,3
00001000408eec,00001081620d24,176,176,R D L B,3
0000100040994c,0000100040c964,62,62,U R F D L B,3
0000100040996c,0000100040c96c,94,94,U R F D L B,3
00001000409a4c,000010001291c8,78,78,U R F D L B,3
00001000409a6c,0000100090d8c8,110,110,U R F D L B,3
00001000409b4c,000010009298c8,58,58,U R F D L B,3
00001000409b6c,0000100092d8c8,90,90,U R F D L B,3
00001000409e4c,00001000634924,61,61,U R F D L B,3
00001000409e6c,00001001634924,93,93,U R F D L B,3
0000100040c964,0000100040994c,62,62,U R F D L B,3
0000100040c96c,0000100040996c,94,94,U R F D L B,3
0000100040ca64,00001000129548,46,46,U R D L B,3
0000100040ca6c,0000100090dc48,78,78,U R D L B,3
0000100040cb64,00001000929c48,42,42,U R D L B,3
0000100040cb6c,0000100092dc48,74,74,U R D L B,3
0000100040cc64,0000100040cc64,76,76,U R F D L B,3
0000100040ce64,00001000624d24,45,45,U R D L B,3
0000100040ce6c,00001001624d24,77,77,U R D L B,3
00001000418a6c,00001000d0cc48,242,242,U R F L B,3
00001000418c6c,00001000418c6c,440,440,U R F L B,3
00001000418e4c,00001080630924,256,129,U R F D L B,3
00001000418e6c,00001081630924,266,266,U R F L B,3
0000100041cc64,00001089430904,78,78,U R F L B,3
000010005281c0,00001000408ac4,65,65,R D L B,3
000010005281c8,00001000408acc,103,103,R D L B,3
00001000528340,000010001283c0,65,65,U R F D L B,3
000010005285c0,000010804209c4,81,81,R D L B,3
000010005285c8,000010804209cc,119,119,R D L B,3
00001000528940,00001000128740,65,65,U R F D L B,3
00001000528948,00001000629904,82,82,U R F D L B,3
0000100052c940,0000100052c940,74,74,U R F D L B,3
0000100052c948,0000100092c2c8,98,98,U R F D L B,3
00001000624d24,0000100040ce64,45,45,U R F L B,3
00001000628924,00001000628924,72,72,U R F D L B,3
00001000629904,00001000528948,82,82,U R F D L B,3
00001000629924,0000100082c8cc,97,97,U R F D L B,3
00001000630924,00001000408e4c,287,287,U R F D L B,3
00001000630d04,000010010209e4,180,90,U R F L B,3
00001000630d24,000010810209e4,220,220,U R F L B,3
00001000634924,00001000409e4c,61,61,U R F D L B,3
00001000634d24,000012c9c10804,54,54,U R F L B,3
00001000709f00,00001000709f00,3912,1304,U R F D L B,3
0000100070df00,0000100070df00,1744,1744,U R F D L B,3
0000100071df00,0000100073de00,1092,273,U R F L B,3
0000100073de00,0000100071df00,1092,273,U R F L B,3
00001000809ccc,00001000809ccc,64,64,R F D L B,3
0000100082c84c,000010001287c0,81,81,U R F D L B,3
0000100082c8cc,00001000629924,97,97,U R F D L B,3
0000100090c8c8,00001000408a6c,345,345,U R F D L B,3
0000100090ccc8,0000108042096c,302,151,U R F D L B,3
0000100090d8c8,00001000409a6c,110,110,U R F D L B,3
0000100090dc48,0000100040ca6c,78,78,R F D L B,3
0000100090dcc8,0000108042496c,96,96,R F D L B,3
000010009288c8,00001000408b4c,151,151,U R F D L B,3
00001000928a40,00001000128b40,29,15,U R F D L B,3
00001000928cc0,00001080428b04,82,41,U R F D L B,3
00001000928cc8,00001080428b24,133,133,U R F D L B,3
000010009298c8,00001000409b4c,58,58,U R F D L B,3
00001000929c48,0000100040cb64,42,42,R F D L B,3
00001000929cc8,0000108042cb24,51,51,R F D L B,3
0000100092c2c8,0000100052c948,98,98,U R F D L B,3
0000100092c4c8,0000100092c4c8,616,154,U R F D L B,3
0000100092c6c8,0000100092c6c8,122,122,U R F D L B,3
0000100092c8c8,00001000408b6c,225,225,U R F D L B,3
0000100092ca40,00001000128f40,25,25,U R F D L B,3
0000100092ca48,00001000128fc0,41,41,U R F D L B,3
0000100092ccc8,00001080429b24,216,108,U R F D L B,3
0000100092d4c8,0000100092d4c8,96,96,R F D L B,3
0000100092d8c8,00001000409b6c,90,90,U R F D L B,3
0000100092dc48,0000100040cb6c,74,74,R F D L B,3
0000100092dcc8,0000108042db24,83,83,R F D L B,3
00001000a28a04,00001000b28a00,164,21,U R F D L B,3
00001000a28e04,00001000f28a00,224,56,U R F D L B,3
00001000a29a04,00001000b28a80,246,123,U R F D L B,3
00001000a29e04,00001000f28e00,257,257,U R F D L B,3
00001000a2da04,00001000b28e80,328,82,U R F D L B,3
00001000a2de04,00001000f2da00,290,145,U R F D L B,3
00001000a38e04,00001080f28a00,284,36,U R F D L B,3
00001000a39e04,00001080f29a00,268,134,U R F D L B,3
00001000b28a00,00001000a28a04,164,21,U R F D L B,3
00001000b28a80,00001000a29a04,246,123,U R F D L B,3
00001000b28e80,00001000a2da04,328,82,U R F D L B,3
00001000b29a80,00001000e29a04,273,137,U R F D L B,3
00001000b29e80,00001000e2da04,300,150,U R F D L B,3
00001000c08cc4,00001000c08cc4,44,44,R D L B,3
00001000c08ccc,00001000d2c4c0,82,82,R D L B,3
00001000c3c844,00001000c3c844,44,44,U R F L B,3
00001000c3c84c,000010c10089e4,68,68,U R F L B,3
00001000d0c8c0,00001000408ae4,94,94,R D L B,3
00001000d0c8c8,00001000408aec,164,164,R D L B,3
00001000d0cc48,00001000418a6c,242,242,U R D L B,3
00001000d0ccc0,000010804209e4,119,119,R D L B,3
00001000d0ccc8,000010804209ec,189,189,R D L B,3
00001000d2c4c0,00001000c08ccc,82,82,R D L B,3
00001000d2c4c8,00001000d2c4c8,152,152,R D L B,3
00001000e29a04,00001000b29a80,273,137,U R F D L B,3
00001000e29e04,00001000f29e00,235,235,U R F D L B,3
00001000e2da04,00001000b29e80,300,150,U R F D L B,3
00001000e2de04,00001000f2de00,213,213,U R F D L B,3
00001000e39e04,00001080f39a00,197,99,U R F D L B,3
00001000e3de04,00001080f3da00,126,63,U R F L B,3
00001000f28a00,00001000a28e04,224,56,U R F D L B,3
00001000f28e00,00001000a29e04,257,257,U R F D L B,3
00001000f29e00,00001000e29e04,235,235,U R F D L B,3
00001000f2da00,00001000a2de04,290,145,U R F D L B,3
00001000f2de00,00001000e2de04,213,213,U R F D L B,3
00001000f3de00,00001080e3da04,136,34,U R F L B,3
000010010209e4,00001000630d04,180,90,U R F D L,3
00001001620d24,00001000408e6c,290,290,U R F D L B,3
00001001624d24,0000100040ce6c,77,77,U R F L B,3
00001001630d24,000012c1d34000,292,146,U R F L B,3
00001001634924,00001000409e6c,93,93,U R F D L B,3
00001001634d24,000012c9d34000,86,86,U R F L B,3
0000100192c4c0,0000100192c4c0,120,120,U R F D L B,3
000010041195ec,000010041195ec,116,116,R F L B,2
000010041197ec,0000110411ddc8,88,88,R F L B,2
00001004128164,00001004128164,42,42,U R F D L B,3
0000100412816c,00001005128164,52,52,U R F D L B,3
000010041281e4,0000100862094c,65,65,U R F D L B,3
000010041281ec,000010c1009a64,77,77,U R F D L B,3
0000100451976c,0000104161de24,442,442,U R F L B,3
00001004528164,00001041009ac4,65,65,U R F D L B,3
00001005128164,0000100412816c,52,52,U R F D L B,3
0000100862094c,000010041281e4,65,65,U R F D L B,3
000010086209cc,000010086209cc,35,35,R D L B,3
00001020808964,00001020808964,21,21,U R F D L B,3
0000102080896c,0000102080896c,52,52,U R F D L B,3
000010208089e4,00001020c08964,44,44,U R F D L B,3
00001020808b64,00001060808964,29,29,U R F D L B,3
00001020808b6c,00001061808964,45,45,U R F D L B,3
00001020808f64,000010e0808964,25,25,U R F D L B,3
00001020808f6c,000010e1808964,40,40,U R F D L B,3
00001020808fe4,00001288629904,41,41,U R F D L B,3
00001020808fec,00001288629924,65,65,U R F D L B,3
00001020810fe4,000014c1429304,159,159,U R F D L B,3
00001020c08964,000010208089e4,44,44,U R F D L B,3
00001020e09ba4,000011445201ec,64,64,R D L B,3
00001020e09f24,00001045738124,412,412,U R F D L B,3
00001020e09fa4,0000128c720724,61,61,R D L B,3
0000102490136c,0000106db00124,60,30,R F L B,2
000010249013ec,0000106df00124,83,83,R F L B,2
000010249017ec,000010edf00124,106,53,R F L B,2
00001024908764,00001104724924,44,44,U R F D L B,3
000010249097e4,00001185724924,76,76,U R F D L B,3
00001024d08564,00001024d08564,64,64,U R F D L B,3
00001024d18564,000012c9419a04,58,58,U R F L B,3
00001041009ac4,00001004528164,65,65,U R F D L B,3
00001041009b44,00001041809a44,29,29,U R F D L B,3
00001041009b64,0000104192d240,45,45,U R F D L B,3
00001041009ec4,0000108862094c,81,81,U R F D L B,3
0000104120d324,0000104120d324,848,424,U R F D L B,3
0000104120d724,0000104122d624,703,703,U R F D L B,3
0000104121d724,0000104123d624,816,408,U R F D L B,3
0000104122d324,0000104122d324,204,204,U R F D L B,3
0000104122d624,0000104120d724,703,703,U R F D L B,3
0000104122d724,0000104122d724,192,192,U R F D L B,3
0000104123d624,0000104121d724,816,408,U R F D L B,3
0000104123d724,0000104123d724,252,252,U R F D L B,3
00001041329a00,00001041329a00,1576,394,U R F D L B,3
00001041329e00,00001041329e00,2060,2060,U R F D L B,3
0000104132da00,0000104132da00,1236,618,U R F D L B,3
0000104132de00,0000104132de00,1202,1202,U R F D L B,3
00001041339e00,00001041339e00,1244,622,U R F D L B,3
0000104160d724,00001104505f48,125,125,U R F D L B,3
0000104161d724,00001104515f48,77,77,U R F L B,3
0000104161de24,0000100451976c,442,442,U R F L B,3
0000104162d324,000010c122d324,242,242,U R F D L B,3
0000104162d624,0000104162d624,160,160,U R F D L B,3
0000104162d724,0000110450df48,178,178,U R F D L B,3
00001041639724,00001041d3de00,376,376,U R F L B,3
0000104163d624,0000110451df08,122,122,U R F L B,3
0000104163d724,0000110451df48,118,118,U R F L B,3
00001041729e00,00001041729e00,1970,1970,U R F D L B,3
0000104172da00,0000104172da00,1226,1226,U R F D L B,3
0000104172de00,0000104173da00,905,905,U R F D L B,3
00001041739e00,00001041739e00,932,932,U R F D L B,3
0000104173da00,0000104172de00,905,905,U R F D L B,3
0000104173de00,0000104173de00,584,584,U R F L B,3
00001041809a44,00001041009b44,29,29,U R F D L B,3
00001041809ac4,000012c8320148,41,41,U R F D L B,3
00001041809e44,000010c1009b44,41,41,U R F D L B,3
00001041809ec4,000012c8720148,53,53,U R F D L B,3
0000104190c4c0,000012c0d04048,120,61,U R F D L B,3
0000104190d2c0,000012c8b04048,64,64,U R F D L B,3
0000104190d6c0,000012c8f04048,89,89,U R F D L B,3
0000104192c4c0,000012c0d04848,90,90,U R F D L B,3
0000104192d240,00001041009b64,45,45,U R F D L B,3
0000104192d2c0,000012c8b04848,57,57,U R F D L B,3
0000104192d640,000010c1009b64,66,66,U R F D L B,3
0000104192d6c0,000012c8f04848,78,78,U R F D L B,3
00001041a29a04,00001041a29a04,116,58,U R F D L B,3
00001041a29e04,00001041e29a04,148,148,U R F D L B,3
00001041a2da04,00001041a2da04,192,96,U R F D L B,3
00001041a2de04,00001041e2da04,181,181,U R F D L B,3
00001041a39e00,00001041a39e00,1300,650,U R F D L B,3
00001041a39e04,000010c1e29a04,180,90,U R F D L B,3
00001041d3de00,00001041639724,376,376,U R F L B,3
00001041e29a04,00001041a29e04,148,148,U R F D L B,3
00001041e29e04,00001041e29e04,146,146,U R F D L B,3
00001041e2da04,00001041a2de04,181,181,U R F D L B,3
00001041e2de04,00001041e2de04,136,136,U R F D L B,3
00001041e39a04,00001041e39a04,140,140,U R F D L B,3
00001041e39e00,00001041e39e00,948,948,U R F D L B,3
00001041e39e04,000010c1e39a04,138,138,U R F D L B,3
00001041e3da04,00001041e3da04,130,130,U R F D L B,3
00001041e3de00,00001041e3de00,608,608,U R F L B,3
00001041e3de04,000010c1e3da04,85,85,U R F L B,3
00001045738124,00001020e09f24,412,412,U R F D L B,3
0000104c32016c,0000104c32016c,184,46,U R F D L B,3
0000104c3201ec,0000104c72016c,71,71,R F D L B,3
0000104c72016c,0000104c3201ec,71,71,U R D L B,3
0000104c7201ec,0000104c7201ec,56,56,R D L B,3
00001060808964,00001020808b64,29,29,U R F D L B,3
00001061801be4,000010cc32016c,138,69,U R F D L,3
00001061808964,00001020808b6c,45,45,U R F D L B,3
00001065f19724,0000110c714f6c,202,202,U R F L B,3
0000106db00124,0000102490136c,60,30,U R D L,2
0000106df00124,000010249013ec,83,83,U R D L,2
0000108042096c,0000100090ccc8,302,151,U R F D L B,3
000010804209c4,000010005285c0,81,81,R D L B,3
000010804209cc,000010005285c8,119,119,R D L B,3
000010804209e4,00001000d0ccc0,119,119,R D L B,3
000010804209ec,00001000d0ccc8,189,189,R D L B,3
00001080424964,000010001295c8,64,64,U R D L B,3
0000108042496c,0000100090dcc8,96,96,U R D L B,3
00001080428b04,00001000928cc0,82,41,U R F D L B,3
00001080428b24,00001000928cc8,133,133,U R F D L B,3
00001080429b24,0000100092ccc8,216,108,U R F D L B,3
0000108042cb24,00001000929cc8,51,51,U R D L B,3
0000108042db24,0000100092dcc8,83,83,U R D L B,3
00001080430d04,00001080430d04,250,250,U R F L,3
00001080430d24,000012c0d14400,166,166,U R F L,3
0000108061d724,00001289e34404,81,81,U R F L,3
0000108061df04,00001080c3de04,85,85,U R F L,3
00001080620984,00001000408ec4,81,81,R D L B,3
00001080620d24,00001000408ee4,106,106,U R F L,3
00001080630924,00001000418e4c,256,129,U R F D L B,3
00001080630d04,000012c0c10c04,106,106,U R F L,3
00001080630d24,000012c0d34400,140,140,U R F L,3
0000108063d624,000010c9e34404,114,114,U R F L,3
0000108063d724,00001289e34c04,130,130,U R F L,3
0000108071df00,0000108071df00,440,440,U R F L,3
00001080c3de04,0000108061df04,85,85,U R F L,3
00001080e3cc04,00001080e3cc04,58,58,U R F L,3
00001080e3da04,00001000f3de00,136,34,U R F D L,3
00001080e3de04,00001080f3de00,49,49,U R F L,3
00001080f28a00,00001000a38e04,284,36,U R F D L B,3
00001080f29a00,00001000a39e04,268,134,U R F D L B,3
00001080f39a00,00001000e39e04,197,99,U R F D L B,3
00001080f3da00,00001000e3de04,126,63,U R F D L,3
00001080f3de00,00001080e3de04,49,49,U R F L,3
000010810209e4,00001000630d24,220,220,U R F D L,3
00001081430d04,00001081430d04,360,360,U R F L,3
00001081430d24,000012c1d14400,260,260,U R F L,3
00001081620d04,00001000408ecc,119,119,U R F L,3
00001081620d24,00001000408eec,176,176,U R F L,3
00001081630924,00001000418e6c,266,266,U R F D L,3
00001081630d04,000012c1c10c04,144,144,U R F L,3
00001081630d24,000012c1d34400,210,210,U R F L,3
0000108862094c,00001041009ec4,81,81,U R F D L B,3
000010886209cc,000010c1009ec4,51,51,R D L B,3
00001089430904,0000100041cc64,78,78,U R F D L,3
00001089430d04,00001089430d04,62,62,U R F L,3
000010c080c84c,000012411241c0,50,25,R F D L B,3
000010c080c8cc,000012c0d34800,91,91,R F D L B,3
000010c081c8cc,000012c9d30800,41,41,R F D L B,3
000010c10089e4,00001000c3c84c,68,68,U R F D L,3
000010c1009a64,000010041281ec,77,77,U R F D L B,3
000010c1009b44,00001041809e44,41,41,U R F D L B,3
000010c1009b64,0000104192d640,66,66,U R F D L B,3
000010c1009ec4,000010886209cc,51,51,U R F L,3
000010c1009f44,000010c1809e44,25,25,U R F L,3
000010c1009f64,000010c192d640,40,40,U R F L,3
000010c1009fc4,000012886209cc,41,41,U R F L,3
000010c1009fe4,000012886209ec,65,65,U R F L,3
000010c122d324,0000104162d324,242,242,U R F D L B,3
000010c1439724,000010c1439724,112,112,U R F L,3
000010c1629724,000010c182dec0,100,100,U R F L,3
000010c162d324,000010c162d324,288,288,U R F D L B,3
000010c1635724,000010c1635724,308,308,U R F L,3
000010c1639724,000010c1c3de04,76,76,U R F L,3
000010c163d624,0000138d730424,74,74,U R F L,3
000010c173de00,000010c1e3de00,287,287,U R F L,3
000010c1809e44,000010c1009f44,25,25,U R F L,3
000010c1809ec4,000012c87201c8,37,37,U R F L,3
000010c182de84,000010c1d2de00,193,193,U R F L,3
000010c182dec0,000010c1629724,100,100,U R F L,3
000010c192d640,000010c1009f64,40,40,U R F L,3
000010c192d6c0,000012c8f048c8,52,52,U R F L,3
000010c1c3de04,000010c1639724,76,76,U R F L,3
000010c1d2de00,000010c182de84,193,193,U R F L,3
000010c1d3de00,000011cc730524,190,190,U R F L,3
000010c1e29a04,00001041a39e04,180,90,U R F D L B,3
000010c1e39a04,00001041e39e04,138,138,U R F D L B,3
000010c1e3da04,00001041e3de04,85,85,U R F D L,3
000010c1e3de00,000010c173de00,287,287,U R F L,3
000010c1e3de04,000010c1e3de04,40,40,U R F L,3
000010c1f1da00,00001208c3de04,127,127,U R F D L,3
000010c1f3c800,000010c1f3c800,48,24,U R F D L,3
000010c1f3da00,00001208e3de04,46,46,U R F D L,3
000010c5729324,00001228a00fec,46,23,U R F D L,3
000010c5729724,00001228e00fec,28,28,U R F L,3
000010c9e34404,0000108063d624,114,114,U R F L,3
000010c9e34c04,000010c9e34c04,168,168,U R F L,3
000010cc32016c,00001061801be4,138,69,R F D L B,3
000010cc3201ec,000010e1801be4,89,89,R F D L B,3
000010cc7201ec,000010e1801fe4,74,74,R D L B,3
000010e0808964,00001020808f64,25,25,U R F D L B,3
000010e1801be4,000010cc3201ec,89,89,U R F D L,3
000010e1801fe4,000010cc7201ec,74,74,U R F L,3
000010e1808964,00001020808f6c,40,40,U R F D L B,3
000010edf00124,000010249017ec,106,53,U R D L,2
00001104105dec,000011cd524824,154,77,R F L B,2
00001104105f6c,0000114d724824,47,47,R F L B,2
00001104105fec,000011cd724824,70,70,R F L B,2
0000110410c964,0000110410c964,44,44,U R F D L B,3
0000110410cf64,00001249629304,41,41,U R F D L B,3
0000110410d9e4,0000110410d9e4,76,76,U R F D L B,3
0000110410db2c,0000110410db2c,58,29,R F L B,2
0000110410dbac,0000110410dbac,86,86,R F L B,2
0000110410dfac,0000110410dfac,114,57,R F L B,2
0000110410dfe4,000012c9629324,73,73,U R F D L B,3
00001104114fe4,0000110431cda4,47,47,R F L B,2
00001104114fec,0000110431dda4,70,70,R F L B,2
00001104115fc8,0000110411df88,43,43,R F L B,2
000011041187e4,000014c1629304,82,82,U R F D L B,3
0000110411ddc8,000010041197ec,88,88,R F L B,2
0000110411df88,00001104115fc8,43,43,R F L B,2
0000110411dfac,0000110411dfac,28,28,R F L B,2
0000110411dfc8,0000110411dfc8,60,60,R F L B,2
0000110412cb40,0000110412cb40,22,22,U R F D L B,3
0000110412cb48,0000110412cb48,38,38,U R F D L B,3
0000110412cf40,00001208629b04,18,18,U R F D L B,3
0000110412cf48,00001208629b24,33,33,U R F D L B,3
0000110412cfc0,00001288629b04,30,30,U R F D L B,3
0000110412cfc8,00001288629b24,54,54,U R F D L B,3
0000110412db48,0000110412db48,16,16,U R F D L B,3
0000110412df48,0000120862db24,15,15,R F D L B,3
0000110412dfc8,0000128862db24,24,24,R F D L B,3
0000110430cb24,0000110430cb24,680,170,U R F D L B,3
0000110430cba4,0000110430cba4,848,848,U R F D L B,3
0000110430cfa4,0000110433ce24,314,157,U R F D L B,3
0000110430db24,0000110430db24,258,258,U R F D L B,3
0000110430df24,0000110432de24,243,243,U R F D L B,3
0000110431cda4,00001104114fe4,47,47,R F L B,2
0000110431cf24,0000110432cea4,142,71,U R F D L B,3
0000110431dda4,00001104114fec,70,70,R F L B,2
0000110432cea4,0000110431cf24,142,71,U R F D L B,3
0000110432de24,0000110430df24,243,243,U R F D L B,3
0000110433ce24,0000110430cfa4,314,157,U R F D L B,3
00001104505f48,0000104160d724,125,125,U R F D L B,3
0000110450df48,0000104162d724,178,178,U R F D L B,3
00001104515f48,0000104161d724,77,77,U R F L B,3
0000110451df08,0000104163d624,122,122,U R F L B,3
0000110451df48,0000104163d724,118,118,U R F L B,3
0000110470cf24,0000110470cf24,604,604,U R F D L B,3
0000110470df24,0000120871db48,171,171,U R F D L B,3
0000110471cf24,00001208739e48,97,97,U R F D L B,3
0000110471df24,0000120873de48,82,82,U R F L B,3
00001104724924,00001024908764,44,44,U R F D L B,3
0000110472de24,0000110472de24,228,228,U R F D L B,3
00001104734d24,000012c9c19a04,40,40,U R F L B,3
0000110473ce24,00001208719f48,225,225,U R F D L B,3
0000110473de24,0000120871df48,156,156,U R F L B,3
0000110c324f48,00001145721324,67,67,R F D L B,3
0000110c714f6c,00001065f19724,202,202,U R F L B,3
000011445201ec,00001020e09ba4,64,64,R D L B,3
00001145309324,00001145309324,460,115,U R F D L B,3
00001145309724,00001145329624,530,265,U R F D L B,3
00001145329624,00001145309724,530,265,U R F D L B,3
0000114532de24,0000114532de24,94,94,U R F D L B,3
00001145709724,00001145709724,415,415,U R F D L B,3
00001145719724,00001145739624,300,150,U R F L B,3
00001145721324,0000110c324f48,67,67,U R F D L,3
0000114572de24,0000130c704f6c,91,91,U R F D L B,3
00001145731324,0000120c729724,64,64,U R F D L,3
00001145739624,00001145719724,300,150,U R F L B,3
0000114573de24,0000130c71df48,61,61,U R F L B,3
0000114c7201ec,000011c5109764,52,52,R D L B,3
0000114d724824,00001104105f6c,47,47,U R D L,2
00001184739724,00001184739724,34,34,U R F L,3
0000118473de24,000012c9e3d604,67,67,U R F L,3
00001185724924,000010249097e4,76,76,U R F D L B,3
0000118d730524,0000118d730524,196,196,U R F L,3
000011c5109764,0000114c7201ec,52,52,U R F L,3
000011c51097e4,0000128c729724,49,49,U R F L,3
000011c5719724,000011c5719724,185,185,U R F L,3
000011c5735e24,000011c5735e24,136,136,U R F L,3
000011c5739324,0000130c739724,40,20,U R F D L,3
000011c5739724,0000138c739724,25,25,U R F L,3
000011cc730524,000010c1d3de00,190,190,U R F L,3
000011cd524824,00001104105dec,154,77,U R D L,2
000011cd724824,00001104105fec,70,70,U R D L,2
000011cd730124,000011cd730124,172,172,U R F D L,3
000011cd730424,000011cd730424,84,84,U R F L,3
000011cd730524,0000138d730524,112,112,U R F L,3
00001201630d24,000012c1d34800,164,82,U R F L B,3
00001201634d24,000012c9d34800,73,73,U R F L B,3
00001208620b04,0000100012cf40,21,11,U R F D L B,3
00001208620b24,0000100012cf48,36,36,U R F D L B,3
00001208629b04,0000110412cf40,18,18,U R F D L B,3
00001208629b24,0000110412cf48,33,33,U R F D L B,3
0000120862db24,0000110412df48,15,15,U R D L B,3
00001208719f48,0000110473ce24,225,225,U R F D L B,3
0000120871db48,0000110470df24,171,171,U R F D L B,3
0000120871df48,0000110473de24,156,156,U R F L B,3
00001208739e48,0000110471cf24,97,97,U R F D L B,3
0000120873de48,0000110471df24,82,82,U R F L B,3
00001208a09ccc,00001208a09ccc,40,40,R F D L B,3
00001208c3de04,000010c1f1da00,127,127,U R F L B,3
00001208e3de04,000010c1f3da00,46,46,U R F L B,3
0000120c729724,00001145731324,64,64,U R F L B,3
00001228a00fec,000010c5729324,46,23,R F D L B,3
00001228e00fec,000010c5729724,28,28,R D L B,3
000012411241c0,000010c080c84c,50,25,U R F D L,3
00001249629304,0000110410cf64,41,41,U R F D L B,3
00001249639704,000012c9d39a00,37,37,U R F L B,3
00001280630d04,000012c0d30c00,41,41,U R F L,3
00001280630d24,000012c0d34c00,76,76,U R F L,3
00001281630d04,000012c1d30c00,79,79,U R F L,3
00001281630d24,000012c1d34c00,146,146,U R F L,3
000012886209cc,000010c1009fc4,41,41,R D L B,3
000012886209ec,000010c1009fe4,65,65,R D L B,3
00001288620b24,0000100012cfc8,60,31,U R F D L B,3
00001288629904,00001020808fe4,41,41,U R F D L B,3
00001288629924,00001020808fec,65,65,U R F D L B,3
00001288629b04,0000110412cfc0,30,30,U R F D L B,3
00001288629b24,0000110412cfc8,54,54,U R F D L B,3
0000128862db24,0000110412dfc8,24,24,U R D L B,3
00001289630d04,000012c9d30c00,38,38,U R F L,3
00001289630d24,000012c9d34c00,70,70,U R F L,3
00001289e34404,0000108061d724,81,81,U R F L,3
00001289e34c04,0000108063d724,130,130,U R F L,3
0000128c720724,00001020e09fa4,61,61,U R F L,3
0000128c729724,000011c51097e4,49,49,U R F L,3
000012c0c10c04,00001080630d04,106,106,U R F L,3
000012c0d04048,0000104190c4c0,120,61,U R F D L B,3
000012c0d04848,0000104192c4c0,90,90,U R F D L B,3
000012c0d14400,00001080430d24,166,166,U R F L,3
000012c0d30c00,00001280630d04,41,41,U R F L,3
000012c0d34400,00001080630d24,140,140,U R F L,3
000012c0d34800,000010c080c8cc,91,91,U R F D L,3
000012c0d34c00,00001280630d24,76,76,U R F L,3
000012c1c10c04,00001081630d04,144,144,U R F L,3
000012c1d14400,00001081430d24,260,260,U R F L,3
000012c1d30c00,00001281630d04,79,79,U R F L,3
000012c1d34000,00001001630d24,292,146,U R F D L,3
000012c1d34400,00001081630d24,210,210,U R F L,3
000012c1d34800,00001201630d24,164,82,U R F D L,3
000012c1d34c00,00001281630d24,146,146,U R F L,3
000012c8320148,00001041809ac4,41,41,U R F D L B,3
000012c8720148,00001041809ec4,53,53,U R F D L B,3
000012c87201c8,000010c1809ec4,37,37,R D L B,3
000012c8b04048,0000104190d2c0,64,64,U R F D L B,3
000012c8b04848,0000104192d2c0,57,57,U R F D L B,3
000012c8f04048,0000104190d6c0,89,89,U R F D L B,3
000012c8f04848,0000104192d6c0,78,78,U R F D L B,3
000012c8f048c8,000010c192d6c0,52,52,R D L B,3
000012c9419a04,00001024d18564,58,58,U R F D L,3
000012c9419e04,000012c9419e04,52,52,U R F L,3
000012c9629324,0000110410dfe4,73,73,U R F D L B,3
000012c9639724,000012c9d3de00,34,34,U R F L,3
000012c9c10804,00001000634d24,54,54,U R F D L,3
000012c9c19a04,00001104734d24,40,40,U R F D L,3
000012c9d30800,000010c081c8cc,41,41,U R F D L,3
000012c9d30c00,00001289630d04,38,38,U R F L,3
000012c9d34000,00001001634d24,86,86,U R F D L,3
000012c9d34800,00001201634d24,73,73,U R F D L,3
000012c9d34c00,00001289630d24,70,70,U R F L,3
000012c9d39a00,00001249639704,37,37,U R F D L,3
000012c9d3de00,000012c9639724,34,34,U R F L,3
000012c9e3d604,0000118473de24,67,67,U R F L,3
000012c9e3de00,000012c9e3de00,84,84,U R F L,3
000012e9e19724,000012e9e19724,100,100,U R F L,3
0000130c704f6c,0000114572de24,91,91,U R F D L B,3
0000130c714f6c,0000130c714f6c,88,88,U R F L B,3
0000130c71df48,0000114573de24,61,61,U R F L B,3
0000130c739724,000011c5739324,40,20,U R F L B,3
0000138c739724,000011c5739724,25,25,U R F L,3
0000138c73de24,000013cd739624,58,58,U R F L,3
0000138d730424,000010c163d624,74,74,U R F L,3
0000138d730524,000011cd730524,112,112,U R F L,3
000013cd730524,000013cd730524,14,14,U R F L,3
000013cd739624,0000138c73de24,58,58,U R F L,3
000013cd739724,000013cd739724,16,16,U R F L,3
00001400410fc4,00001400518dc0,142,71,R L B,2
00001400410fcc,00001400518dc8,236,236,R L B,2
00001400410fec,0000140051cdc8,376,188,R L B,2
00001400411fcc,00001400519dc8,94,94,R L B,2
00001400411fec,0000140051ddc8,140,140,R L B,2
00001400415fe8,0000140041dfa8,30,15,R L B,2
0000140041dfa8,00001400415fe8,30,15,R L B,2
0000140041dfac,0000140041dfac,56,28,R L B,2
00001400515fc8,00001400515fc8,48,48,R L B,2
00001400518dc0,00001400410fc4,142,71,R L B,2
00001400518dc8,00001400410fcc,236,236,R L B,2
000014005193c8,000014005193c8,120,120,R L B,2
000014005197c8,000014005197c8,172,172,R L B,2
00001400519dc8,00001400411fcc,94,94,R L B,2
0000140051cdc8,00001400410fec,376,188,R L B,2
0000140051d3c8,0000140051d3c8,172,172,R L B,2
0000140051d7c8,0000140051dec8,112,112,R L B,2
0000140051ddc8,00001400411fec,140,140,R L B,2
0000140051dec8,0000140051d7c8,112,112,R L B,2
0000140051df88,00001400535ec8,40,40,R L B,2
0000140051dfc8,00001400535fc8,64,64,R L B,2
00001400535ec8,0000140051df88,40,40,R L B,2
00001400535fc8,0000140051dfc8,64,64,R L B,2
0000140071df80,00001400e3d684,54,27,R L B,2
0000140073de80,00001400e3de80,70,35,R L B,2
00001400e3d684,0000140071df80,54,27,R L B,2
00001400e3de80,0000140073de80,70,35,R L B,2
000014045195ec,000014045195ec,100,100,R L B,2
000014045197ec,000014c1635724,76,76,R L B,2
00001424f183a4,00001424f183a4,60,60,R L B,2
00001424f187a4,00001424f187a4,88,88,R L B,2
00001424f193a4,00001424f193a4,88,88,R L B,2
00001424f197a4,00001504715fa4,58,58,R L B,2
000014a4f18724,00001504514fe4,44,44,U R L,2
000014a4f19724,00001504514fec,64,64,U R L,2
000014c1429304,00001020810fe4,159,159,U R F D L B,3
000014c1629304,000011041187e4,82,82,U R F D L B,3
000014c1635724,000014045197ec,76,76,U R L,2
000014c163d624,00001504515fc8,36,36,U R L,2
000014c1e3d604,000014c1e3d604,56,56,U R L,2
000014c1e3de00,000015047396a4,48,48,U R L,2
00001504514fe4,000014a4f18724,44,44,R L B,2
00001504514fec,000014a4f19724,64,64,R L B,2
00001504515fc8,000014c163d624,36,36,R L B,2
0000150451dfac,0000150451dfac,24,24,R L B,2
0000150451dfc8,0000150451dfc8,52,52,R L B,2
00001504715fa4,00001424f197a4,58,58,R L B,2
0000150471dfa4,0000150473dea4,34,34,R L B,2
000015047396a4,000014c1e3de00,48,48,R L B,2
0000150473dea4,0000150471dfa4,34,34,R L B,2
0000150c714dec,0000150c714dec,52,52,R L B,2
0000150c714fec,000015c5735e24,40,40,R L B,2
000015c5735e24,0000150c714fec,40,40,U R L,2
000015c5739624,0000170c714fc8,42,21,U R L,2
0000170c714fc8,000015c5739624,42,21,R L B,2
0000170c71dfa4,0000170c71dfa4,28,28,R L B,2
00003000639d20,00003000639d20,92,92,U R F L B,3
00003000a28a00,00003000a28a00,216,10,U R F D L B,3
00003000a28e00,00003000a28e00,300,75,U R F D L B,3
00003000a29e00,00003000a29e00,324,163,U R F D L B,3
00003000a2da00,00003000a2da00,384,49,U R F D L B,3
00003000a2de00,00003000a2de00,348,174,U R F D L B,3
00003000e29e00,00003000e29e00,288,96,U R F D L B,3
00003000e2de00,00003000e2de00,252,127,U R F D L B,3
00003000e3de00,00003000e3de00,156,39,U R F L B,3
00003008030fa0,00003008030fa0,32,32,U R F D L B,3
00003008220b48,00003008220b48,29,29,U R F D L B,3
00003008220f48,00003020808f60,25,25,U R F D L B,3
00003008220fc8,00003020808fe0,41,41,U R F D L B,3
00003008230fa0,00003020818ec8,28,28,U R F D L B,3
00003020808f60,00003008220f48,25,25,U R F D L B,3
00003020808fe0,00003008220fc8,41,41,U R F D L B,3
00003020818ec8,00003008230fa0,28,28,U R F D L B,3
00003041a29a00,00003104a2ca00,144,36,U R F D L B,3
00003041a29e00,00003104a2ce00,179,179,U R F D L B,3
00003041a2da00,00003104a2da00,204,51,U R F D L B,3
00003041a2de00,00003104a2de00,196,196,U R F D L B,3
00003041a39e00,00003104a3ce00,214,107,U R F D L B,3
00003041e1de00,00003104e35e00,193,193,U R F L B,3
00003041e29e00,00003104e2ce00,171,171,U R F D L B,3
00003041e2de00,00003104e2de00,145,145,U R F D L B,3
00003041e39e00,00003104e3ce00,163,163,U R F D L B,3
00003041e3de00,00003104e3de00,94,94,U R F L B,3
00003080e3de00,00003080e3de00,60,31,U R F L,3
000030c1a1de00,00003184a35e00,61,61,U R F L,3
000030c1e15e00,00003184e15e00,73,73,U R F L,3
000030c1e1de00,00003184e35e00,58,58,U R F L,3
000030c1e35e00,00003184e1de00,58,58,U R F L,3
000030c1e3cc00,00003184e39600,55,28,U R F L,3
000030c1e3de00,00003184e3de00,43,43,U R F L,3
00003104a2ca00,00003041a29a00,144,36,U R F D L B,3
00003104a2ce00,00003041a29e00,179,179,U R F D L B,3
00003104a2da00,00003041a2da00,204,51,U R F D L B,3
00003104a2de00,00003041a2de00,196,196,U R F D L B,3
00003104a3ce00,00003041a39e00,214,107,U R F D L B,3
00003104e2ce00,00003041e29e00,171,171,U R F D L B,3
00003104e2de00,00003041e2de00,145,145,U R F D L B,3
00003104e35e00,00003041e1de00,193,193,U R F L B,3
00003104e3ce00,00003041e39e00,163,163,U R F D L B,3
00003104e3de00,00003041e3de00,94,94,U R F L B,3
00003184a35e00,000030c1a1de00,61,61,U R F L,3
00003184e15e00,000030c1e15e00,73,73,U R F L,3
00003184e1de00,000030c1e35e00,58,58,U R F L,3
00003184e35e00,000030c1e1de00,58,58,U R F L,3
00003184e39600,000030c1e3cc00,55,28,U R F L,3
00003184e3de00,000030c1e3de00,43,43,U R F L,3
000031c542de00,000031c542de00,67,67,U R F L,3
000031c543de00,000031c543de00,61,61,U R F L,3
000031c562de00,000031c5a35e00,49,49,U R F L,3
000031c5635e00,000031c5635e00,101,101,U R F L,3
000031c563de00,000031c5c3de00,46,46,U R F L,3
000031c5a35e00,000031c562de00,49,49,U R F L,3
000031c5c3de00,000031c563de00,46,46,U R F L,3
000031c5e3de00,000031c5e3de00,31,16,U R F L,3
00003208220fa0,00003208220fa0,60,31,U R F D L B,3
00003208224fa0,00003208224fa0,24,24,U R F D L B,3
00003208439500,00003208439500,318,318,U R F D L B,3
00003208629500,00003344434800,147,147,U R F D L B,3
00003208629520,00003345434800,155,155,U R D L B,3
00003208e09448,00003208e09448,248,248,U R F D L B,3
00003208e09c48,00003249c09e00,40,40,U R F D L B,3
00003228209448,00003228209448,22,22,U R D L B,3
00003228209648,00003228209c48,75,75,U R D L B,3
00003228209c48,00003228209648,75,75,U R D L B,3
00003228609448,0000324940d600,55,55,U R D L B,3
00003228609648,0000324942d600,123,123,U R D L B,3
0000324940d600,00003228609448,55,55,U R F L B,3
0000324941d600,0000324941d600,132,132,U R F L B,3
00003249429a00,00003249429a00,84,84,U R F D L B,3
00003249429e00,00003249439a00,132,132,U R F D L B,3
0000324942d600,00003228609648,123,123,U R F L B,3
0000324942da00,0000324942da00,72,72,U R F L B,3
0000324942de00,0000324943da00,120,120,U R F L B,3
00003249439a00,00003249429e00,132,132,U R F D L B,3
0000324943da00,0000324942de00,120,120,U R F L B,3
0000324943de00,0000324943de00,108,108,U R F L B,3
00003249639a00,00003249c29e00,37,37,U R F D L B,3
0000324963de00,00003249c3de00,34,34,U R F L B,3
00003249c09e00,00003208e09c48,40,40,U R F D L B,3
00003249c29e00,00003249639a00,37,37,U R F D L B,3
00003249c3de00,0000324963de00,34,34,U R F L B,3
00003249e3de00,00003249e3de00,16,16,U R F L B,3
000032c0430c00,000032c0430c00,88,88,U R F L,3
000032c0434c00,000032c1430c00,112,112,U R F L,3
000032c1430c00,000032c0434c00,112,112,U R F L,3
000032c1434c00,000032c1434c00,136,136,U R F L,3
0000330ca2da00,00003861a2da00,60,8,U R F D L B,3
0000330ca2de00,00003861a2de00,70,35,U R F D L B,3
0000330ce2de00,00003861e2de00,55,28,U R F D L B,3
0000330ce3de00,00003861e3de00,40,20,U R F L B,3
00003344434800,00003208629500,147,147,U R F D L B,3
00003344434c00,00003608629500,221,221,U R F D L B,3
00003345414c00,00003345414c00,304,304,U R F L B,3
00003345434800,00003208629520,155,155,U R F L B,3
00003345434c00,00003608629520,222,222,U R F L B,3
0000338ce3de00,000038e1e3de00,25,13,U R F L,3
000033c0430400,00003400638500,88,45,U R F L,3
000033c1430400,00003400638520,112,112,U R F L,3
000033c4414c00,000033c4414c00,88,88,U R F L,3
000033c4434c00,00003608639500,74,74,U R F L,3
000033c4c14c00,000033c4c14c00,76,76,U R F L,3
000033c4c34c00,00003608639d00,62,62,U R F L,3
000033c5430400,00003400639520,136,69,U R F L,3
000033c5434c00,00003608639520,98,98,U R F L,3
000033c5c34c00,00003608639d20,86,86,U R F L,3
00003400638500,000033c0430400,88,45,U R L B,3
00003400638520,000033c1430400,112,112,U R L B,3
00003400639520,000033c5430400,136,69,U R L B,3
00003608629500,00003344434c00,221,221,U R F D L B,3
00003608629520,00003345434c00,222,222,U R D L B,3
00003608639500,000033c4434c00,74,74,U R L B,3
00003608639520,000033c5434c00,98,98,U R L B,3
00003608639d00,000033c4c34c00,62,62,U R L B,3
00003608639d20,000033c5c34c00,86,86,U R L B,3
00003861a2da00,0000330ca2da00,60,8,U R F D L B,3
00003861a2de00,0000330ca2de00,70,35,U R F D L B,3
00003861e2de00,0000330ce2de00,55,28,U R F D L B,3
00003861e3de00,0000330ce3de00,40,20,U R F L B,3
000038e1e3de00,0000338ce3de00,25,13,U R F L,3
0000400410002c,0000400410002c,4,4,R F D B,3
0000400410002d,0000400410002d,66,66,R F D B,3
0000400410002e,000040041000ac,14,14,R F D B,3
0000400410002f,000040041000ad,200,200,R F D B,3
0000400410006d,0000400410006d,424,424,R F D B,3
0000400410006f,000040041000ed,1089,1089,R F D B,3
000040041000ac,0000400410002e,14,14,R F D B,3
000040041000ad,0000400410002f,200,200,R F D B,3
000040041000ae,000040041000ae,48,48,R F D B,3
000040041000af,000040041000af,580,580,R F D B,3
000040041000ed,0000400410006f,1089,1089,R F D B,3
000040041000ef,000040041000ef,2632,2632,R F D B,3
0000400410016d,0000400410016d,1320,1320,R F D B,3
0000400410016f,000040041001ed,2790,2790,R F D B,3
000040041001ed,0000400410016f,2790,2790,R F D B,3
000040041001ef,000040041001ef,5440,5440,R F D B,3
0000400410022d,0000400410022d,30,30,R F D B,3
0000400410022f,000040041002ad,88,88,R F D B,3
0000400410026d,0000400410026d,332,332,R F D B,3
0000400410026f,000040041002ed,826,826,R F D B,3
000040041002ad,0000400410022f,88,88,R F D B,3
000040041002af,000040041002af,252,252,R F D B,3
000040041002ed,0000400410026f,826,826,R F D B,3
000040041002ef,000040041002ef,1960,1960,R F D B,3
0000400410036d,0000400410036d,1232,1232,R F D B,3
0000400410036f,000040041003ed,2441,2441,R F D B,3
000040041003ed,0000400410036f,2441,2441,R F D B,3
000040041003ef,000040041003ef,4572,4572,R F D B,3
0000400410042e,000040041100ac,6,6,R F D B,3
0000400410042f,000040041100ad,72,72,R F D B,3
0000400410046f,000040041100ed,321,321,R F D B,3
000040041004ae,000040041100ae,20,20,R F D B,3
000040041004af,000040041100af,196,196,R F D B,3
000040041004ef,000040041100ef,710,710,R F D B,3
0000400410056f,000040041101ed,640,640,R F D B,3
000040041005ef,000040041101ef,1077,1077,R F D B,3
0000400410062f,000040041102ad,30,30,R F D B,3
0000400410066f,000040041102ed,238,238,R F D B,3
000040041006af,000040041102af,84,84,R F D B,3
000040041006ef,000040041102ef,552,552,R F D B,3
0000400410076f,000040041103ed,581,581,R F D B,3
000040041007ef,000040041103ef,933,933,R F D B,3
0000400410826d,0000400410826d,52,52,R F D B,3
0000400410826f,000040041082ed,91,91,R F D B,3
000040041082ed,0000400410826f,91,91,R F D B,3
000040041082ef,000040041082ef,162,162,R F D B,3
0000400410836d,00004020800b6d,45,45,R F D B,3
0000400410836f,00004020800bed,80,80,R F D B,3
000040041083ed,00004020800b6f,84,84,R F D B,3
000040041083ef,00004020800bef,151,151,R F D B,3
00004004108667,000040041182e5,62,62,U R F D L B,3
000040041086e7,000040041182e7,94,94,U R F D L B,3
00004004108767,00004020810be5,58,58,U R F D L B,3
000040041087e7,00004020810be7,90,90,U R F D L B,3
00004004109767,00004020811be5,64,64,U R F L B,3
000040041097e7,00004020811be7,96,96,U R F L B,3
000040041100ac,0000400410042e,6,6,R F D B,3
000040041100ad,0000400410042f,72,72,R F D B,3
000040041100ae,000040041004ae,20,20,R F D B,3
000040041100af,000040041004af,196,196,R F D B,3
000040041100ed,0000400410046f,321,321,R F D B,3
000040041100ef,000040041004ef,710,710,R F D B,3
000040041101ed,0000400410056f,640,640,R F D B,3
000040041101ef,000040041005ef,1077,1077,R F D B,3
000040041102ad,0000400410062f,30,30,R F D B,3
000040041102af,000040041006af,84,84,R F D B,3
000040041102ed,0000400410066f,238,238,R F D B,3
000040041102ef,000040041006ef,552,552,R F D B,3
000040041103ed,0000400410076f,581,581,R F D B,3
000040041103ef,000040041007ef,933,933,R F D B,3
000040041182e5,00004004108667,62,62,U R F D L B,3
000040041182e7,000040041086e7,94,94,U R F D L B,3
000040041183e5,00004020800f67,42,42,U R F D B,3
000040041183e7,00004020800fe7,74,74,U R F D B,3
000040041183ed,00004020800f6f,39,39,R F D B,3
000040041183ef,00004020800fef,71,71,R F D B,3
00004020800b6d,0000400410836d,45,45,R F D B,3
00004020800b6f,000040041083ed,84,84,R F D B,3
00004020800bed,0000400410836f,80,80,R F D B,3
00004020800bef,000040041083ef,151,151,R F D B,3
00004020800f67,000040041183e5,42,42,U R F D B,3
00004020800f6f,000040041183ed,39,39,R F D B,3
00004020800fe7,000040041183e7,74,74,U R F D B,3
00004020800fef,000040041183ef,71,71,R F D B,3
00004020810be5,00004004108767,58,58,U R F D L B,3
00004020810be7,000040041087e7,90,90,U R F D L B,3
00004020811be5,00004004109767,64,64,U R F L B,3
00004020811be7,000040041097e7,96,96,U R F L B,3
0000402490012c,0000402490012c,4,4,R F D B,3
0000402490012d,0000402490012d,54,54,R F D B,3
0000402490012e,000040249001ac,13,13,R F D B,3
0000402490012f,000040249001ad,149,149,R F D B,3
0000402490016d,0000402490016d,271,271,R F D B,3
0000402490016f,000040249001ed,604,604,R F D B,3
000040249001ac,0000402490012e,13,13,R F D B,3
000040249001ad,0000402490012f,149,149,R F D B,3
000040249001ae,000040249001ae,42,42,R F D B,3
000040249001af,000040249001af,400,400,R F D B,3
000040249001ed,0000402490016f,604,604,R F D B,3
000040249001ef,000040249001ef,1288,1288,R F D B,3
0000402490032d,0000402490032d,22,22,R F D B,3
0000402490032f,000040249003ad,58,58,R F D B,3
0000402490036d,0000402490816d,75,75,R F D B,3
0000402490036f,000040249081ed,123,123,R F D B,3
000040249003ad,0000402490032f,58,58,R F D B,3
000040249003af,000040249003af,138,138,R F D B,3
000040249003ed,0000402490816f,123,123,R F D B,3
000040249007ed,000040249083af,111,111,R F D B,3
0000402490816d,0000402490036d,75,75,R F D B,3
0000402490816f,000040249003ed,123,123,R F D B,3
000040249081ed,0000402490036f,123,123,R F D B,3
000040249083af,000040249007ed,111,111,R F D B,3
0000404410016d,0000404410016d,2122,2122,R F D B,3
0000404410016f,000040441001ed,3597,3597,R F D B,3
000040441001ed,0000404410016f,3597,3597,R F D B,3
000040441001ef,000040441001ef,5600,5600,R F D B,3
0000404410816d,0000404410816d,1936,1936,R F D B,3
0000404410816f,000040441081ed,3044,3044,R F D B,3
000040441081ed,0000404410816f,3044,3044,R F D B,3
000040441081ef,000040441081ef,4342,4342,R F D B,3
000040441101ed,0000410410056f,551,551,R F D B,3
000040441101ef,000041041005ef,667,667,R F D B,3
000040441181ed,00004104104f4b,246,246,R F D B,3
000040441181ef,00004104104fcb,292,292,R F D B,3
000040608109ed,0000410410076f,209,209,R F D B,3
000040608109ef,000041041007ef,255,255,R F D B,3
0000406490016d,0000406490016d,596,596,R F D B,3
0000406490016f,000040649001ed,1032,1032,R F D B,3
000040649001ed,0000406490016f,1032,1032,R F D B,3
000040649001ef,000040649001ef,1656,1656,R F D B,3
00004080018fc4,00004080018fc4,32,32,U R F L,3
00004080018fe4,00004080019fc4,41,41,U R F L,3
00004080019fc4,00004080018fe4,41,41,U R F L,3
00004080019fe4,00004080019fe4,50,50,U R F L,3
0000408093d0c0,0000408093d0c0,40,40,U R F D L,3
0000408410002c,0000408410002c,14,14,R F D B,3
0000408410002d,0000408410002d,194,194,R F D B,3
0000408410002e,000040841000ac,43,43,R F D B,3
0000408410002f,000040841000ad,518,518,R F D B,3
0000408410006d,0000408410006d,1026,1026,R F D B,3
0000408410006f,000040841000ed,2343,2343,R F D B,3
000040841000a6,000040841000a6,280,70,U R F D B,3
000040841000a7,000040841000a7,2988,747,U R F D B,3
000040841000ac,0000408410002e,43,43,R F D B,3
000040841000ad,0000408410002f,518,518,R F D B,3
000040841000ae,000040841000ae,124,124,R F D B,3
000040841000af,000040841000af,1304,1304,R F D B,3
000040841000e7,000040841000e7,11676,2919,U R F D B,3
000040841000ed,0000408410006f,2343,2343,R F D B,3
000040841000ef,000040841000ef,5024,5024,R F D B,3
0000408410016d,0000408410016d,2638,2638,R F D B,3
0000408410016f,000040841001ed,5020,5020,R F D B,3
000040841001e7,000040841001e7,20796,5199,U R F D B,3
000040841001ed,0000408410016f,5020,5020,R F D B,3
000040841001ef,000040841001ef,8888,8888,R F D B,3
0000408410806c,0000408410806c,82,82,R F D B,3
0000408410806d,0000408410806d,734,734,R F D B,3
0000408410806e,000040841080ec,217,217,R F D B,3
0000408410806f,000040841080ed,1626,1626,R F D B,3
000040841080e6,000040841080e6,1308,327,U R F D B,3
000040841080e7,000040841080e7,8332,2083,U R F D B,3
000040841080ec,0000408410806e,217,217,R F D B,3
000040841080ed,0000408410806f,1626,1626,R F D B,3
000040841080ee,000040841080ee,560,560,R F D B,3
000040841080ef,000040841080ef,3452,3452,R F D B,3
0000408410816d,0000408410816d,2254,2254,R F D B,3
0000408410816f,000040841081ed,4068,4068,R F D B,3
000040841081e7,000040841081e7,17060,4265,U R F D B,3
000040841081ed,0000408410816f,4068,4068,R F D B,3
000040841081ef,000040841081ef,6956,6956,R F D B,3
000040841100a6,000040841100a6,68,68,U R F D B,3
000040841100a7,000040841100a7,592,592,U R F D B,3
000040841100ac,0000440410042e,15,15,R F D B,3
000040841100ad,0000440410042f,148,148,R F D B,3
000040841100ae,000044041004ae,38,38,R F D B,3
000040841100af,000044041004af,330,330,R F D B,3
000040841100e7,000040841100e7,1818,1818,U R F D B,3
000040841100ed,0000440410046f,538,538,R F D B,3
000040841100ef,000044041004ef,1028,1028,R F D B,3
000040841101e7,000040841101e7,2456,2456,U R F D B,3
000040841101ed,0000440410056f,895,895,R F D B,3
000040841101ef,000044041005ef,1382,1382,R F D B,3
000040841180e6,000040841180e6,252,252,U R F D B,3
000040841180e7,000040841180e7,1324,1324,U R F D B,3
000040841180ec,0000440410062f,58,58,R F D B,3
000040841180ed,0000440410066f,171,171,R F D B,3
000040841180ee,000044041006af,140,140,R F D B,3
000040841180ef,000044041006ef,352,352,R F D B,3
000040841181e7,000040841181e7,772,772,U R F D B,3
000040841181ec,0000442080072f,199,199,R F D B,3
000040841181ed,0000442080076f,412,412,R F D B,3
000040841181ee,000044208007af,408,408,R F D B,3
000040841181ef,000044208007ef,532,532,R F D B,3
000040a08109e7,000040a08109e7,1040,1040,U R F D B,3
000040a08109ed,0000440410076f,166,166,R F D B,3
000040a08109ef,000044041007ef,212,212,R F D B,3
000040a0818fe4,000040c1019fc4,28,28,U R F L,3
000040a0819fe4,000040c1019fe4,37,37,U R F L,3
000040a490012c,000040a490012c,13,13,R F D B,3
000040a490012d,000040a490012d,142,142,R F D B,3
000040a490012e,000040a49001ac,36,36,R F D B,3
000040a490012f,000040a49001ad,313,313,R F D B,3
000040a490016d,000040a490016d,525,525,R F D B,3
000040a490016f,000040a49001ed,972,972,R F D B,3
000040a49001a6,000040a49001a6,212,53,U R F D B,3
000040a49001a7,000040a49001a7,1520,380,U R F D B,3
000040a49001ac,000040a490012e,36,36,R F D B,3
000040a49001ad,000040a490012f,313,313,R F D B,3
000040a49001ae,000040a49001ae,98,98,R F D B,3
000040a49001af,000040a49001af,684,684,R F D B,3
000040a49001e7,000040a49001e7,4016,1004,U R F D B,3
000040a49001ed,000040a490016f,972,972,R F D B,3
000040a49001ef,000040a49001ef,1796,1796,R F D B,3
000040c1019fc4,000040a0818fe4,28,28,U R F L,3
000040c1019fe4,000040a0819fe4,37,37,U R F L,3
000040c410016d,000040c410016d,3476,3476,R F D B,3
000040c410016f,000040c41001ed,5388,5388,R F D B,3
000040c41001e7,000040c41001e7,18332,4583,U R F D B,3
000040c41001ed,000040c410016f,5388,5388,R F D B,3
000040c41001ef,000040c41001ef,7828,7828,R F D B,3
000040c410816d,000040c410816d,2968,2968,R F D B,3
000040c410816f,000040c41081ed,4157,4157,R F D B,3
000040c41081e7,000040c41081e7,14772,3693,U R F D B,3
000040c41081ed,000040c410816f,4157,4157,R F D B,3
000040c41081ef,000040c41081ef,4400,4400,R F D B,3
000040c41101e7,000040c41101e7,1392,1392,U R F D B,3
000040c41101ed,0000450410056f,654,654,R F D B,3
000040c41101ef,000045041005ef,770,770,R F D B,3
000040c41181e5,000040e08109e5,206,206,U R F D B,3
000040c41181e7,000040e08109e7,252,252,U R F D B,3
000040c41181ec,0000462080072f,204,204,R F D B,3
000040c41181ed,0000462080076f,130,130,R F D B,3
000040c41181ee,000046208007af,250,250,R F D B,3
000040c41181ef,000046208007ef,176,176,R F D B,3
000040e08109e5,000040c41181e5,206,206,U R F D B,3
000040e08109e7,000040c41181e7,252,252,U R F D B,3
000040e08109ed,0000460410076f,152,152,R F D B,3
000040e08109ef,000046041007ef,198,198,R F D B,3
000040e1809fe4,000040e1809fe4,60,31,U R F L,3
000040e1819fe4,000040e1819fe4,24,24,U R F L,3
000040e490016d,000040e490016d,878,878,R F D B,3
000040e490016f,000040e49001ed,1330,1330,R F D B,3
000040e49001e7,000040e49001e7,2304,1152,U R F D B,3
000040e49001ed,000040e490016f,1330,1330,R F D B,3
000040e49001ef,000040e491812f,985,985,R F D B,3
000040e491812f,000040e49001ef,985,985,R F D B,3
0000410410056f,000040441101ed,551,551,R F D B,3
000041041005ef,000040441101ef,667,667,R F D B,3
0000410410076f,000040608109ed,209,209,R F D B,3
000041041007ef,000040608109ef,255,255,R F D B,3
00004104104b6d,00004104104b6d,72,72,R F D B,3
00004104104b6f,00004104104bed,120,120,R F D B,3
00004104104bed,00004104104b6f,120,120,R F D B,3
00004104104f4b,000040441181ed,246,246,R F D B,3
00004104104fcb,000040441181ef,292,292,R F D B,3
00004104104fed,00004104104fed,108,108,R F D B,3
0000414410016d,0000414410016d,1692,1692,R F D B,3
0000414410016f,000041441001ed,2240,2240,R F D B,3
000041441001ed,0000414410016f,2240,2240,R F D B,3
000041441001ef,000041441001ef,2788,2788,R F D B,3
0000414410496d,0000414410496d,424,424,R F D B,3
0000414410496f,000041441049ed,550,550,R F D B,3
000041441049ed,0000414410496f,550,550,R F D B,3
000041441049ef,000041441049ef,305,305,R F D B,3
0000414410816d,0000414410816d,1006,1006,R F D B,3
0000414410816f,000043041003ed,382,382,R F D B,3
000041441081ed,0000430410036f,313,313,R F D B,3
000041441081ef,000043041003ef,223,223,R F D B,3
0000414411816d,0000430410076d,313,313,R F D B,3
0000414411816f,000043041007ed,241,241,R F D B,3
0000414412016d,0000414412016d,160,160,R F D B,3
0000414412016f,000041441201ed,154,154,R F D B,3
000041441201ed,0000414412016f,154,154,R F D B,3
000041441201ef,000041441201ef,148,148,R F D B,3
000041841081ef,000041c41201ee,361,361,R F D B,3
000041841181e5,000041c41181e4,206,206,U R F D B,3
000041841181e7,000041c41181e6,200,200,U R F D B,3
000041841181ee,000045041007af,180,180,R F D B,3
000041841181ef,000045041007ef,106,106,R F D B,3
000041c410016d,000041c410016d,2216,2216,R F D B,3
000041c410016f,000041c41001ed,2764,2764,R F D B,3
000041c41001e7,000041c41001e7,7720,1930,U R F D B,3
000041c41001ed,000041c410016f,2764,2764,R F D B,3
000041c41001ef,000041c41001ef,3312,3312,R F D B,3
000041c410496d,000041c410496d,442,442,R F D B,3
000041c410496f,000041c41049ed,568,568,R F D B,3
000041c41049e7,000041c41049e7,1548,387,U R F D B,3
000041c41049ed,000041c410496f,568,568,R F D B,3
000041c41049ef,000041c41049ef,343,343,R F D B,3
000041c410816f,000043c41200ed,220,220,R F D B,3
000041c41081e7,000041c41081e7,4152,1038,U R F D B,3
000041c41081ef,000047041003ef,139,139,R F D B,3
000041c41101e7,000041c41149c3,115,115,U R F D B,3
000041c41101ef,000047041005ef,69,69,R F D B,3
000041c41149c3,000041c41101e7,115,115,U R F D B,3
000041c41149cb,000047041007ee,55,55,R F D B,3
000041c411816f,000043c41200ef,163,163,R F D B,3
000041c41181e4,000041841181e5,206,206,U R F D B,3
000041c41181e6,000041841181e7,200,200,U R F D B,3
000041c41181e7,000041c41181e7,112,112,U R F D B,3
000041c41181ee,000047041007af,156,156,R F D B,3
000041c41181ef,000047041007ef,82,82,R F D B,3
000041c412016f,000043c41001ed,106,106,R F D B,3
000041c41201ee,000041841081ef,361,361,R F D B,3
000041c41201ef,000043c41001ef,100,100,R F D B,3
000042c412012c,000042c412012c,76,76,R F D B,3
000042c4120164,000042e0800925,82,41,U R F D B,3
000042c412016c,000042e080092d,57,57,R F D B,3
000042c41201a4,000042c41201a4,196,196,U R F D B,3
000042c41201ac,000042e080092e,124,124,R F D B,3
000042c41201e4,000042e0800927,133,133,U R F D B,3
000042c41201ec,000042e080092f,92,92,R F D B,3
000042e0800925,000042c4120164,82,41,U R F D B,3
000042e0800927,000042c41201e4,133,133,U R F D B,3
000042e080092d,000042c412016c,57,57,R F D B,3
000042e080092e,000042c41201ac,124,124,R F D B,3
000042e080092f,000042c41201ec,92,92,R F D B,3
0000430410036f,000041441081ed,313,313,R F D B,3
000043041003ed,0000414410816f,382,382,R F D B,3
000043041003ef,000041441081ef,223,223,R F D B,3
0000430410076d,0000414411816d,313,313,R F D B,3
000043041007ed,0000414411816f,241,241,R F D B,3
0000438412016f,000043c41049c9,88,88,R F D B,3
000043841201ef,000043c41049cb,58,58,R F D B,3
000043c41001ed,000041c412016f,106,106,R F D B,3
000043c41001ef,000041c41201ef,100,100,R F D B,3
000043c41049c9,0000438412016f,88,88,R F D B,3
000043c41049cb,000043841201ef,58,58,R F D B,3
000043c41200ed,000041c410816f,220,220,R F D B,3
000043c41200ef,000041c411816f,163,163,R F D B,3
0000440410042e,000040841100ac,15,15,R F D B,3
0000440410042f,000040841100ad,148,148,R F D B,3
0000440410046f,000040841100ed,538,538,R F D B,3
000044041004ae,000040841100ae,38,38,R F D B,3
000044041004af,000040841100af,330,330,R F D B,3
000044041004ef,000040841100ef,1028,1028,R F D B,3
0000440410056f,000040841101ed,895,895,R F D B,3
000044041005ef,000040841101ef,1382,1382,R F D B,3
0000440410062f,000040841180ec,58,58,R F D B,3
0000440410066f,000040841180ed,171,171,R F D B,3
000044041006af,000040841180ee,140,140,R F D B,3
000044041006ef,000040841180ef,352,352,R F D B,3
0000440410076f,000040a08109ed,166,166,R F D B,3
000044041007ef,000040a08109ef,212,212,R F D B,3
0000442080072f,000040841181ec,199,199,R F D B,3
0000442080076f,000040841181ed,412,412,R F D B,3
000044208007af,000040841181ee,408,408,R F D B,3
000044208007ef,000040841181ef,532,532,R F D B,3
0000448410002c,0000448410002c,6,6,R F D B,3
0000448410002d,0000448410002d,66,66,R F D B,3
0000448410002e,000044841000ac,15,15,R F D B,3
0000448410002f,000044841000ad,146,146,R F D B,3
0000448410006d,0000448410006d,282,282,R F D B,3
0000448410006f,000044841000ed,527,527,R F D B,3
000044841000ac,0000448410002e,15,15,R F D B,3
000044841000ad,0000448410002f,146,146,R F D B,3
000044841000ae,000044841000ae,36,36,R F D B,3
000044841000af,000044841000af,308,308,R F D B,3
000044841000ed,0000448410006f,527,527,R F D B,3
000044841000ef,000044841000ef,924,924,R F D B,3
0000448410016d,0000448410016d,554,554,R F D B,3
0000448410016f,000044841001ed,851,851,R F D B,3
000044841001ed,0000448410016f,851,851,R F D B,3
000044841001ef,000044841001ef,1232,1232,R F D B,3
0000448412012c,0000448412012c,24,24,R F D B,3
0000448412012d,0000448412016c,46,46,R F D B,3
0000448412012e,000044841201ac,56,56,R F D B,3
0000448412012f,000044841201ec,64,64,R F D B,3
0000448412016c,0000448412012d,46,46,R F D B,3
0000448412016d,0000448412016d,68,68,R F D B,3
0000448412016e,000044841201ad,100,100,R F D B,3
0000448412016f,000044841201ed,86,86,R F D B,3
000044841201ac,0000448412012e,56,56,R F D B,3
000044841201ad,0000448412016e,100,100,R F D B,3
000044841201ae,000044841201ae,128,128,R F D B,3
000044841201af,000044841201ee,136,136,R F D B,3
000044841201ec,0000448412012f,64,64,R F D B,3
000044841201ed,0000448412016f,86,86,R F D B,3
000044841201ee,000044841201af,136,136,R F D B,3
000044841201ef,000044841201ef,104,104,R F D B,3
000044c410016d,000044c410016d,494,494,R F D B,3
000044c410016f,000044c41001ed,594,594,R F D B,3
000044c41001ed,000044c410016f,594,594,R F D B,3
000044c41001ef,000044c41001ef,694,694,R F D B,3
000044c412012c,000044c412012c,96,96,R F D B,3
000044c412012d,000044c412016c,130,130,R F D B,3
000044c412012e,000044c41201ac,194,194,R F D B,3
000044c412012f,000044c41201ec,166,166,R F D B,3
000044c4120166,000045841201a5,128,128,U R F D B,3
000044c412016c,000044c412012d,130,130,R F D B,3
000044c412016e,000045841201ad,84,84,R F D B,3
000044c412016f,000045841201ed,60,60,R F D B,3
000044c41201ac,000044c412012e,194,194,R F D B,3
000044c41201ad,0000458412016e,148,148,R F D B,3
000044c41201ae,000044c41201ae,376,376,R F D B,3
000044c41201af,000045841201ee,184,184,R F D B,3
000044c41201e6,000045841201a7,146,146,U R F D B,3
000044c41201ec,000044c412012f,166,166,R F D B,3
000044c41201ee,000045841201af,102,102,R F D B,3
000044c41201ef,000045841201ef,78,78,R F D B,3
0000450410056f,000040c41101ed,654,654,R F D B,3
000045041005ef,000040c41101ef,770,770,R F D B,3
000045041007af,000041841181ee,180,180,R F D B,3
000045041007ef,000041841181ef,106,106,R F D B,3
0000458412016e,000044c41201ad,148,148,R F D B,3
000045841201a5,000044c4120166,128,128,U R F D B,3
000045841201a7,000044c41201e6,146,146,U R F D B,3
000045841201ad,000044c412016e,84,84,R F D B,3
000045841201af,000044c41201ee,102,102,R F D B,3
000045841201ed,000044c412016f,60,60,R F D B,3
000045841201ee,000044c41201af,184,184,R F D B,3
000045841201ef,000044c41201ef,78,78,R F D B,3
000045c41001ef,000045c41200ef,57,57,R F D B,3
000045c41200ef,000045c41001ef,57,57,R F D B,3
000045c4120127,000045c41201e4,147,147,U R F D B,3
000045c412012c,000045c412012c,146,146,R F D B,3
000045c412012e,000045c41201ac,248,248,R F D B,3
000045c41201a7,000045c41201e6,120,120,U R F D B,3
000045c41201ac,000045c412012e,248,248,R F D B,3
000045c41201ae,000045c41201ae,140,140,R F D B,3
000045c41201af,000045c41201ee,76,76,R F D B,3
000045c41201e4,000045c4120127,147,147,U R F D B,3
000045c41201e6,000045c41201a7,120,120,U R F D B,3
000045c41201ee,000045c41201af,76,76,R F D B,3
000045c41201ef,000045c41201ef,52,52,R F D B,3
0000460410076f,000040e08109ed,152,152,R F D B,3
000046041007ef,000040e08109ef,198,198,R F D B,3
0000462080072f,000040c41181ec,204,204,R F D B,3
0000462080076f,000040c41181ed,130,130,R F D B,3
000046208007af,000040c41181ee,250,250,R F D B,3
000046208007ef,000040c41181ef,176,176,R F D B,3
000047041003ef,000041c41081ef,139,139,R F D B,3
000047041005ef,000041c41101ef,69,69,R F D B,3
000047041007af,000041c41181ee,156,156,R F D B,3
000047041007ee,000041c41149cb,55,55,R F D B,3
000047041007ef,000041c41181ef,82,82,R F D B,3
000050000c9f44,000050000c9f44,21,21,U R F L B,3
000050000c9f64,000050000c9fc4,36,36,U R F L B,3
000050000c9fc4,000050000c9f64,36,36,U R F L B,3
000050000c9fe4,000050000c9fe4,60,60,U R F L B,3
000050000ccce4,000050000ccce4,64,64,U R F L B,3
000050001e5fc0,000050008ede84,250,125,U R F L B,3
000050001f5ec0,000050411dcd80,47,47,U R F L B,3
000050001f5fc0,000050411dcdc0,76,76,U R F L B,3
000050001fd1c0,0000a0001fd1c0,51,51,U R F L B,3
000050008ede84,000050001e5fc0,250,125,U R F L B,3
000050010c8ce4,000050010c8ce4,280,140,U R F L B,3
000050010ccce4,000050010ccce4,96,96,U R F L B,3
000050041c0024,000050041c0024,12,7,U R F D L B,3
000050041c0064,000050041c0064,172,86,U R F D L B,3
000050041c00a4,000050041c00a4,34,34,U R F D L B,3
000050041c00e4,000050041c00e4,424,424,U R F D L B,3
000050041c0164,000050041c0164,888,447,U R F D L B,3
000050041c01e4,000050041c01e4,1834,1834,U R F D L B,3
000050041c0364,000050041c0364,2032,1016,U R F D L B,3
000050041c03e4,000050041c03e4,3456,3456,U R F D L B,3
000050041c04a4,000050041c04a4,88,46,U R F D L B,3
000050041c04e4,000050041c04e4,936,468,U R F D L B,3
000050041c05e4,000050041c05e4,3424,1716,U R F D L B,3
000050041c07e4,000050041c07e4,5516,2758,U R F D L B,3
000050041c1024,000050041c1024,40,40,U R F D L B,3
000050041c1064,000050041c1064,486,486,U R F D L B,3
000050041c10a4,000050041c1424,93,93,U R F D L B,3
000050041c10e4,000050041c1464,956,956,U R F D L B,3
000050041c1164,000050041c1164,2074,2074,U R F D L B,3
000050041c11e4,000050041c1564,3362,3362,U R F D L B,3
000050041c1364,000050041c1364,3948,3948,U R F D L B,3
000050041c13e4,000050041c1764,5152,5152,U R F D L B,3
000050041c1424,000050041c10a4,93,93,U R F D L B,3
000050041c1464,000050041c10e4,956,956,U R F D L B,3
000050041c14a4,000050041c14a4,178,178,U R F L B,3
000050041c14e4,000050041c14e4,1538,1538,U R F L B,3
000050041c1564,000050041c11e4,3362,3362,U R F D L B,3
000050041c15e4,000050041c15e4,4470,4470,U R F L B,3
000050041c1764,000050041c13e4,5152,5152,U R F D L B,3
000050041c17e4,000050041c17e4,5648,5648,U R F L B,3
000050041c8064,000050041c8064,76,40,U R F D L B,3
000050041c80e4,000050041c80e4,186,186,U R F D L B,3
000050041c8164,000050041c8164,636,318,U R F D L B,3
000050041c81e4,000050041c81e4,1292,1292,U R F D L B,3
000050041c8364,000050041c8364,556,278,U R F D L B,3
000050041c83e4,000050041c83e4,898,898,U R F D L B,3
000050041c84e4,000050041c84e4,384,194,U R F D L B,3
000050041c85e4,000050041c85e4,2264,1132,U R F D L B,3
000050041c87e4,000050041c87e4,1328,664,U R F D L B,3
000050041c9064,000050041c9064,202,202,U R F D L B,3
000050041c90e4,000050041c9464,405,405,U R F D L B,3
000050041c9164,000050041c9164,1344,1344,U R F D L B,3
000050041c91e4,000050041c9564,2193,2193,U R F D L B,3
000050041c9364,000050041c9364,916,916,U R F D L B,3
000050041c93e4,000050041c9764,1125,1125,U R F D L B,3
000050041c9464,000050041c90e4,405,405,U R F D L B,3
000050041c94e4,000050041c94e4,648,648,U R F L B,3
000050041c9564,000050041c91e4,2193,2193,U R F D L B,3
000050041c95e4,000050041c95e4,2322,2322,U R F L B,3
000050041c9764,000050041c93e4,1125,1125,U R F D L B,3
000050041c97e4,000050041c97e4,980,980,U R F L B,3
000050041d00a4,000050041d00a4,10,10,U R F D L,3
000050041d00e4,000050041d00e4,96,96,U R F D L,3
000050041d01e4,000050041d01e4,324,324,U R F D L,3
000050041d03e4,000050041d03e4,384,384,U R F D L,3
000050041d10a4,000050410d12a0,23,23,U R F D L,3
000050041d10e4,000050410d12a4,178,178,U R F D L,3
000050041d11e4,000050410d12e4,455,455,U R F D L,3
000050041d13e4,000050410d13e4,426,426,U R F D L,3
000050041d80e4,000050041d80e4,36,36,U R F D L,3
000050041d81e4,000050041d81e4,152,152,U R F D L,3
000050041d90e4,000050410d1aa4,76,76,U R F D L,3
000050041e8164,0000a0011e8149,29,15,U R F D L B,3
000050041f01e4,000050041f01e4,80,80,U R F D L,3
000050051d81e4,000050411dd2c0,120,120,U R F D L,3
000050051e8164,0000a0051e8149,45,45,U R F D L B,3
000050051f01e4,000050410d1ae4,98,98,U R F D L,3
0000500d1c0024,0000500d1c0024,16,16,U R F D L B,3
0000500d1c0124,0000500d1c0124,164,164,U R F D L B,3
0000500d1c0424,0000500d1d0024,25,25,U R F L B,3
0000500d1c0524,0000500d1d0124,190,190,U R F L B,3
0000500d1d0024,0000500d1c0424,25,25,U R F L B,3
0000500d1d0124,0000500d1c0524,190,190,U R F L B,3
0000500d1d0424,0000500d1d0424,34,34,U R F L B,3
0000500d1d0524,0000500d1d0524,248,248,U R F L B,3
0000500d1e0124,0000500d1e0124,64,64,U R F D L B,3
0000500d1e0524,0000500d1f0124,84,84,U R F L B,3
0000500d1f0124,0000500d1e0524,84,84,U R F L B,3
0000500d1f0524,0000500d1f0524,112,112,U R F L B,3
000050208c0b64,000050208c0b64,1144,576,U R F D L B,3
000050208c0be4,000050208c0be4,1846,1846,U R F D L B,3
000050208c1b64,000050208c1b64,1822,1822,U R F D L B,3
000050208c1f64,000050208c93e4,2214,2214,U R F D L B,3
000050208c87e4,000050208c87e4,2280,1142,U R F D L B,3
000050208c93e4,000050208c1f64,2214,2214,U R F D L B,3
000050208c97e4,000050208c97e4,892,892,U R F L B,3
000050208c9fa4,000050208c9fa4,1000,1000,U R F L B,3
000050249c0124,000050249c0124,10,10,U R F D L B,3
000050249c0164,000050249c0164,114,114,U R F D L B,3
000050249c01a4,000050249c0524,25,25,U R F D L B,3
000050249c01e4,000050249c0564,243,243,U R F D L B,3
000050249c0364,000050249c0364,424,424,U R F D L B,3
000050249c03e4,000050249c0764,686,686,U R F D L B,3
000050249c0524,000050249c01a4,25,25,U R F D L B,3
000050249c0564,000050249c01e4,243,243,U R F D L B,3
000050249c05a4,000050249c05a4,60,60,U R F D L B,3
000050249c05e4,000050249c05e4,446,446,U R F D L B,3
000050249c0764,000050249c03e4,686,686,U R F D L B,3
000050249c07e4,000050249c07e4,724,724,U R F D L B,3
000050249c1124,000050249c1124,32,32,U R F D L B,3
000050249c1164,000050249c1164,296,296,U R F D L B,3
000050249c11a4,000050249c1524,62,62,U R F D L B,3
000050249c11e4,000050249c1564,465,465,U R F D L B,3
000050249c1364,000050249c1364,812,812,U R F D L B,3
000050249c13e4,000050249c1764,904,904,U R F D L B,3
000050249c1524,000050249c11a4,62,62,U R F D L B,3
000050249c1564,000050249c11e4,465,465,U R F D L B,3
000050249c15a4,000050249c15a4,112,112,U R F L B,3
000050249c15e4,000050249c15e4,556,556,U R F L B,3
000050249c1764,000050249c13e4,904,904,U R F D L B,3
000050249c17e4,000050249c17e4,334,334,U R F L B,3
000050249c8164,000050249c8164,44,44,U R F D L B,3
000050249c85e4,000050249c85e4,40,40,U R F L B,3
000050249c87a4,000050249c87a4,282,282,U R F L B,3
000050249c97a4,000050249c97a4,322,322,U R F L B,3
0000502d9c0124,0000502d9c0124,12,12,U R D L,2
000050410c5264,000050410c5264,584,584,U R F D L B,3
000050410c52e4,000050410c5664,471,471,U R F L B,3
000050410c5364,000050410c5364,876,876,U R F D L B,3
000050410c53e4,000050410c5764,457,457,U R F L B,3
000050410c5664,000050410c52e4,471,471,U R F L B,3
000050410c56e4,000050410c56e4,572,572,U R F L B,3
000050410c5764,000050410c53e4,457,457,U R F L B,3
000050410c57e4,000050410c57e4,510,510,U R F L B,3
000050410c5a64,000050410c5a64,292,292,U R F D L B,3
000050410c5ae4,000050410c5e64,340,340,U R F L B,3
000050410c5b64,000050410c5b64,228,228,U R F D L B,3
000050410c5be4,000050410c5f64,248,248,U R F L B,3
000050410c5e64,000050410c5ae4,340,340,U R F L B,3
000050410c5ee4,000050410c5fa4,208,208,U R F L B,3
000050410c5f64,000050410c5be4,248,248,U R F L B,3
000050410c5fa4,000050410c5ee4,208,208,U R F L B,3
000050410c5fe4,0000a104185fc9,144,144,U R F L B,3
000050410c8ce4,0000a1041886c9,216,108,U R F L B,3
000050410c9b44,0000a1041a4b41,22,22,U R F D L B,3
000050410c9b64,0000a1041a4b49,38,38,U R F D L B,3
000050410ccce4,0000a1041896c9,83,83,U R F L B,3
000050410cdb24,000054c10c9b04,75,75,U R F D L B,3
000050410cdb64,0000a1041a5b49,16,16,U R F D L,3
000050410cdf24,000055841e01e4,69,69,U R F L B,3
000050410cdfa4,0000a1041a5ec9,78,78,U R F L B,3
000050410d12a0,000050041d10a4,23,23,U R F D L,3
000050410d12a4,000050041d10e4,178,178,U R F D L,3
000050410d12e4,000050041d11e4,455,455,U R F D L,3
000050410d13e4,000050041d13e4,426,426,U R F D L,3
000050410d1aa4,000050041d90e4,76,76,U R F D L,3
000050410d1ae4,000050051f01e4,98,98,U R F D L,3
000050411c1b40,000050411c1b40,2080,1042,U R F D L B,3
000050411c1bc0,000050411c1bc0,2894,2894,U R F D L B,3
000050411c1fc0,000050411c1fc0,3928,1966,U R F D L B,3
000050411c5b40,000050411c5b40,3418,3418,U R F D L B,3
000050411c5bc0,000050411c5f40,3525,3525,U R F D L B,3
000050411c5f40,000050411c5bc0,3525,3525,U R F D L B,3
000050411c5fc0,000050411c5fc0,3180,3180,U R F L B,3
000050411c9b40,000050411e1b40,160,160,U R F D L B,3
000050411c9bc0,000050411e1f40,219,219,U R F D L B,3
000050411c9f40,000050411e1bc0,213,213,U R F D L B,3
000050411c9fc0,000050411e1fc0,103,103,U R F L B,3
000050411cdb40,000050411e5b40,186,186,U R F D L B,3
000050411cdbc0,000050411e5f40,193,193,U R F D L B,3
000050411cdf40,000050411e5bc0,208,208,U R F D L B,3
000050411cdfc0,000050411e5fc0,97,97,U R F L B,3
000050411d9f40,000050411e9ec0,166,166,U R F D L B,3
000050411dcd80,000050001f5ec0,47,47,U R F L B,3
000050411dcdc0,000050001f5fc0,76,76,U R F L B,3
000050411dd2c0,000050051d81e4,120,120,U R F D L,3
000050411ddf40,000050411edec0,118,118,U R F L B,3
000050411e1b40,000050411c9b40,160,160,U R F D L B,3
000050411e1bc0,000050411c9f40,213,213,U R F D L B,3
000050411e1f40,000050411c9bc0,219,219,U R F D L B,3
000050411e1fc0,000050411c9fc0,103,103,U R F L B,3
000050411e5b40,000050411cdb40,186,186,U R F D L B,3
000050411e5bc0,000050411cdf40,208,208,U R F D L B,3
000050411e5f40,000050411cdbc0,193,193,U R F D L B,3
000050411e5fc0,000050411cdfc0,97,97,U R F L B,3
000050411e9ec0,000050411d9f40,166,166,U R F D L B,3
000050411edec0,000050411ddf40,118,118,U R F L B,3
000050418e9a04,000050418e9a04,372,372,U R F D L B,3
000050418e9a84,000050418e9a84,404,404,U R F D L B,3
000050418e9e04,000051041c8764,252,252,U R F D L B,3
000050418e9e84,000051041c87e4,238,238,U R F D L B,3
000050418eda04,000050c18e9a04,499,499,U R F D L B,3
000050418eda84,0000a1043ada81,124,124,U R F D L B,3
000050418ede04,0000a1043ade01,136,136,U R F L B,3
000050418ede84,0000a1043ade81,118,118,U R F L B,3
000050451c1224,000050451c1224,32,16,U R F L B,3
000050451c1264,000050451c1264,260,130,U R F L B,3
000050451c12a4,000050451c12a4,66,66,U R F L B,3
000050451c12e4,000050451c12e4,460,460,U R F L B,3
000050451c1364,000050451c1364,716,358,U R F L B,3
000050451c13e4,000050451c13e4,1054,1054,U R F L B,3
000050451c16a4,000050451c16a4,100,50,U R F L B,3
000050451c16e4,000050451c16e4,660,330,U R F L B,3
000050451c17e4,000050451c17e4,1392,696,U R F L B,3
000050451c9264,000050451c9264,92,46,U R F L B,3
000050451c92e4,000050451c92e4,176,176,U R F L B,3
000050451c9364,000050451c9364,132,132,U R F L B,3
000050451c93e4,000050451c9764,166,166,U R F L B,3
000050451c96e4,000050451d9664,130,65,U R F L B,3
000050451c9764,000050451c93e4,166,166,U R F L B,3
000050451c97e4,000050451d9764,100,100,U R F L B,3
000050451d9664,000050451c96e4,130,65,U R F L B,3
000050451d9764,000050451c97e4,100,100,U R F L B,3
000050618c1b64,0000a10c384b49,76,38,U R F L B,3
000050618c1f64,0000a10c384f49,55,55,U R F L B,3
000050649c8164,0000a1093e0149,41,41,U R F D L B,3
000050649c85e4,0000a1093e05c9,37,37,U R F L B,3
000050659c1324,000050659c1324,24,24,U R F L B,3
000050659c1364,000050659c1364,124,124,U R F L B,3
000050659c13a4,000050659c1724,39,39,U R F L B,3
000050659c13e4,000050659c1764,156,156,U R F L B,3
000050659c1724,000050659c13a4,39,39,U R F L B,3
000050659c1764,000050659c13e4,156,156,U R F L B,3
000050659c17a4,000050659c17a4,54,54,U R F L B,3
000050659c17e4,000050659c97a4,94,94,U R F L B,3
000050659c97a4,000050659c17e4,94,94,U R F L B,3
0000506d9c0124,0000510d1e4824,44,44,U R D L,2
000050800d0fc4,000050c00d8d84,47,47,U R F L,3
000050800d0fe4,000050c10d8d84,65,65,U R F L,3
000050800d1fa4,000050800d1fa4,228,228,U R F L,3
000050800d1fc4,000050c00d8da4,56,56,U R F L,3
000050800d1fe4,000050c10d8da4,74,74,U R F L,3
000050800d9f84,000050801dcec0,51,51,U R F L,3
000050800d9fa4,000050801ddec0,60,60,U R F L,3
000050801cdf40,000050801cdf40,94,94,U R F L,3
000050801cdfc0,000050801ddf40,61,61,U R F L,3
000050801dcec0,000050800d9f84,51,51,U R F L,3
000050801ddec0,000050800d9fa4,60,60,U R F L,3
000050801ddf40,000050801cdfc0,61,61,U R F L,3
000050801e1f40,000050c01ccd40,160,160,U R F L,3
000050801e5f40,000050c11ccd40,154,154,U R F L,3
000050801ecec0,000050808e9e84,166,166,U R F L,3
000050801edec0,000050c11dcd40,127,127,U R F L,3
000050808e9e84,000050801ecec0,166,166,U R F L,3
000050810c8ce4,000050810c8ce4,204,204,U R F L,3
000050841c0424,000050c10c1600,12,12,U R F L,3
000050841c0464,000050c10c1604,143,143,U R F L,3
000050841c04a4,000050c10c1680,34,34,U R F L,3
000050841c04e4,000050c10c1684,331,331,U R F L,3
000050841c0564,000050c10c1644,592,592,U R F L,3
000050841c05e4,000050c10c16c4,1154,1154,U R F L,3
000050841c0764,000050c10c1744,1118,1118,U R F L,3
000050841c07e4,000050c10c17c4,1815,1815,U R F L,3
000050841c1024,000050841c1024,112,58,U R F D L B,3
000050841c1064,000050841c1064,1144,572,U R F D L B,3
000050841c10a4,000050841c10a4,152,152,U R F D L,3
000050841c10e4,000050841c10e4,1316,1316,U R F D L,3
000050841c1164,000050841c1164,3970,1987,U R F D L B,3
000050841c11e4,000050841c11e4,3856,3856,U R F D L,3
000050841c1364,000050841c1364,6144,3072,U R F D L B,3
000050841c13e4,000050841c13e4,4894,4894,U R F D L,3
000050841c1424,000050c10c1620,40,40,U R F L,3
000050841c1464,000050c10c1624,392,392,U R F L,3
000050841c14a4,000050c10c16a0,93,93,U R F L,3
000050841c14e4,000050c10c16a4,788,788,U R F L,3
000050841c1564,000050c10c1664,1301,1301,U R F L,3
000050841c15e4,000050c10c16e4,2275,2275,U R F L,3
000050841c1764,000050c10c1764,1934,1934,U R F L,3
000050841c17e4,000050c10c17e4,2870,2870,U R F L,3
000050841c8464,000050c10c1e04,59,59,U R F L,3
000050841c84e4,000050c10c1e84,127,127,U R F L,3
000050841c8564,000050c10c1e44,359,359,U R F L,3
000050841c85e4,000050c10c1ec4,664,664,U R F L,3
000050841c8764,000050c10c9f04,243,243,U R F L,3
000050841c87e4,000050c10c9f84,292,292,U R F L,3
000050841c9064,000050841c9064,424,216,U R F D L B,3
000050841c90e4,000050841c90e4,536,536,U R F D L,3
000050841c9164,000050841c9164,2300,1150,U R F D L B,3
000050841c91e4,000050841c91e4,2266,2266,U R F D L,3
000050841c9364,000050841c9364,1188,594,U R F D L B,3
000050841c93e4,000050c10c9ba4,266,266,U R F D L,3
000050841c9464,000050c10c1e24,152,152,U R F L,3
000050841c94e4,000050c10c1ea4,313,313,U R F L,3
000050841c9564,000050c10c1e64,778,778,U R F L,3
000050841c95e4,000050c10c1ee4,1118,1118,U R F L,3
000050841c9764,000050c10c9f24,206,206,U R F L,3
000050841c97e4,000050c10c9fa4,248,248,U R F L,3
000050841d04a4,000050c10d1680,10,10,U R F L,3
000050841d04e4,000050c10d1684,82,82,U R F L,3
000050841d05e4,000050c10d16c4,224,224,U R F L,3
000050841d07e4,000050c10d17c4,234,234,U R F L,3
000050841d10a4,000050841d10a4,36,36,U R F D L,3
000050841d10e4,000050841d10e4,260,260,U R F D L,3
000050841d11e4,000050841d11e4,586,586,U R F D L,3
000050841d13e4,000050841d13e4,468,468,U R F D L,3
000050841d14a4,000050c10d16a0,23,23,U R F L,3
000050841d14e4,000050c10d16a4,164,164,U R F L,3
000050841d15e4,000050c10d16e4,355,355,U R F L,3
000050841d17e4,000050c10d17e4,276,276,U R F L,3
000050841d84e4,000050c10d1e84,32,32,U R F L,3
000050841d85e4,000050c10d1f84,90,90,U R F L,3
000050841d87e4,000050c10d9f84,33,33,U R F L,3
000050841d90e4,000050841d90e4,116,116,U R F D L,3
000050841d94e4,000050c10d1ea4,72,72,U R F L,3
000050841d95e4,000050c10d1fa4,108,108,U R F L,3
000050841d97e4,000050c10d9fa4,42,42,U R F L,3
000050851d81e4,000050851d81e4,88,88,U R F D L,3
000050851d8564,000050c11cd6c0,94,94,U R F L,3
000050851d85e4,000050c11dd6c0,58,58,U R F L,3
0000508d1c0024,0000508d1c0024,48,48,U R F D L B,3
0000508d1c0124,0000508d1c0124,404,404,U R F D L B,3
0000508d1c0424,000050c10c5620,16,16,U R F L,3
0000508d1c0524,000050c10c5624,122,122,U R F L,3
0000508d1d0424,000050c10c56a0,25,25,U R F L,3
0000508d1d0524,000050c10c56a4,180,180,U R F L,3
0000508d1e0124,0000508d1e0124,120,120,U R F D L B,3
0000508d1e0524,000050c10c5e24,52,52,U R F L,3
0000508d1f0524,000050c10c5ea4,80,80,U R F L,3
000050a08c0f64,000050c10c1f44,510,510,U R F L,3
000050a08c1b64,000050a08c1b64,2464,1236,U R F D L B,3
000050a08c1f64,000050c10c1f64,697,697,U R F L,3
000050a08c87e4,000050c10c1fc4,572,572,U R F L,3
000050a08c97e4,0000a088394f49,124,124,U R F L,3
000050a08c9ba4,000050c11cdac0,124,124,U R F D L,3
000050a08c9be0,000050c10c5bc4,707,707,U R F D L,3
000050a08c9fa4,000050c11cdec0,85,85,U R F L,3
000050a08c9fe0,000050c10c5fc4,315,315,U R F L,3
000050a08d9fa4,000050c11ddec0,52,52,U R F L,3
000050a49c0124,000050a49c0124,32,32,U R F D L B,3
000050a49c0164,000050a49c0164,306,306,U R F D L B,3
000050a49c01a4,000052c90d9200,67,67,U R F D L B,3
000050a49c01e4,000052c90d9204,500,500,U R F D L B,3
000050a49c0364,000050a49c0364,896,896,U R F D L B,3
000050a49c03e4,000052c90d9304,1043,1043,U R F D L B,3
000050a49c0524,000052c90c9600,10,10,U R F L,3
000050a49c0564,000052c90c9604,94,94,U R F L,3
000050a49c05a4,000052c90d9600,25,25,U R F L,3
000050a49c05e4,000052c90d9700,81,81,U R F L,3
000050a49c0764,000052c90c9704,258,258,U R F L,3
000050a49c07e4,000052c90d9f00,89,89,U R F L,3
000050a49c1124,000050a49c1124,88,88,U R F D L B,3
000050a49c1164,000050a49c1164,686,686,U R F D L B,3
000050a49c11a4,000052c90d9220,104,104,U R F D L,3
000050a49c11e4,000052c90d9224,593,593,U R F D L,3
000050a49c1364,000050a49c1364,1388,1388,U R F D L B,3
000050a49c13e4,000052c90d9b20,121,121,U R F D L,3
000050a49c1524,000052c90c9620,32,32,U R F L,3
000050a49c1564,000052c90c9624,236,236,U R F L,3
000050a49c15a4,000052c90d9620,62,62,U R F L,3
000050a49c15e4,000052c90d9720,171,171,U R F L,3
000050a49c1764,000052c90c9724,419,419,U R F L,3
000050a49c17e4,000052c90d9f20,109,109,U R F L,3
000050a49c85a4,000052c90d9604,75,75,U R F L,3
000050a49c87a4,000052c90d9704,174,174,U R F L,3
000050a49c93a4,000052c90d9324,356,356,U R F D L,3
000050a49c95a4,000052c90d9624,159,159,U R F L,3
000050a49c97a4,000052c90d9724,226,226,U R F L,3
000050a59c8164,000050a59c8164,76,76,U R F D L B,3
000050ad9c0124,000050ad9c0124,36,36,U R D L,2
000050c00c8ce4,0000a1801886c9,105,105,U R F L,3
000050c00ccce4,0000a1801896c9,48,48,U R F L,3
000050c00d8d84,000050800d0fc4,47,47,U R F L,3
000050c00d8da4,000050800d1fc4,56,56,U R F L,3
000050c01ccd40,000050801e1f40,160,160,U R F L,3
000050c10c1600,000050841c0424,12,12,U R F L,3
000050c10c1604,000050841c0464,143,143,U R F L,3
000050c10c1620,000050841c1424,40,40,U R F L,3
000050c10c1624,000050841c1464,392,392,U R F L,3
000050c10c1644,000050841c0564,592,592,U R F L,3
000050c10c1664,000050841c1564,1301,1301,U R F L,3
000050c10c1680,000050841c04a4,34,34,U R F L,3
000050c10c1684,000050841c04e4,331,331,U R F L,3
000050c10c16a0,000050841c14a4,93,93,U R F L,3
000050c10c16a4,000050841c14e4,788,788,U R F L,3
000050c10c16c4,000050841c05e4,1154,1154,U R F L,3
000050c10c16e4,000050841c15e4,2275,2275,U R F L,3
000050c10c1744,000050841c0764,1118,1118,U R F L,3
000050c10c1764,000050841c1764,1934,1934,U R F L,3
000050c10c17c4,000050841c07e4,1815,1815,U R F L,3
000050c10c17e4,000050841c17e4,2870,2870,U R F L,3
000050c10c1e04,000050841c8464,59,59,U R F L,3
000050c10c1e24,000050841c9464,152,152,U R F L,3
000050c10c1e44,000050841c8564,359,359,U R F L,3
000050c10c1e64,000050841c9564,778,778,U R F L,3
000050c10c1e84,000050841c84e4,127,127,U R F L,3
000050c10c1ea4,000050841c94e4,313,313,U R F L,3
000050c10c1ec4,000050841c85e4,664,664,U R F L,3
000050c10c1ee4,000050841c95e4,1118,1118,U R F L,3
000050c10c1f44,000050a08c0f64,510,510,U R F L,3
000050c10c1f64,000050a08c1f64,697,697,U R F L,3
000050c10c1fc4,000050a08c87e4,572,572,U R F L,3
000050c10c1fe4,000050e18c85e4,357,357,U R F L,3
000050c10c5264,000050c10c5264,1154,1154,U R F D L B,3
000050c10c5364,000050c10c5364,1368,1368,U R F D L B,3
000050c10c5620,0000508d1c0424,16,16,U R F L,3
000050c10c5624,0000508d1c0524,122,122,U R F L,3
000050c10c5664,000050cd1c0524,313,313,U R F L,3
000050c10c56a0,0000508d1d0424,25,25,U R F L,3
000050c10c56a4,0000508d1d0524,180,180,U R F L,3
000050c10c56e4,000050cd1d0524,414,414,U R F L,3
000050c10c5764,000051cd1c0524,297,297,U R F L,3
000050c10c57e4,000051cd1d0524,347,347,U R F L,3
000050c10c5a64,000050c10c5a64,496,496,U R F D L B,3
000050c10c5b64,000050c10c5b64,376,376,U R F D L B,3
000050c10c5bc4,000050a08c9be0,707,707,U R F D L,3
000050c10c5e24,0000508d1e0524,52,52,U R F L,3
000050c10c5e64,000050cd1e0524,220,220,U R F L,3
000050c10c5ea4,0000508d1f0524,80,80,U R F L,3
000050c10c5ee4,000050cd1f0524,162,162,U R F L,3
000050c10c5f64,000051cd1e0524,168,168,U R F L,3
000050c10c5fa4,0000518d1f0524,134,134,U R F L,3
000050c10c5fc4,000050a08c9fe0,315,315,U R F L,3
000050c10c5fe4,0000a184185fc9,120,120,U R F L,3
000050c10c8ce4,0000a1841886c9,172,172,U R F L,3
000050c10c9a64,0000a18418ca49,70,36,U R F D L B,3
000050c10c9b44,0000a1841a4b41,34,34,U R F D L B,3
000050c10c9b64,0000a1841a4b49,59,59,U R F D L B,3
000050c10c9ba4,000050841c93e4,266,266,U R F D L,3
000050c10c9f04,000050841c8764,243,243,U R F L,3
000050c10c9f24,000050841c9764,206,206,U R F L,3
000050c10c9f44,0000a1841a4f41,18,18,U R F L,3
000050c10c9f64,0000a1841a4f49,33,33,U R F L,3
000050c10c9f84,000050841c87e4,292,292,U R F L,3
000050c10c9fa4,000050841c97e4,248,248,U R F L,3
000050c10c9fc4,0000a1841a4fc1,30,30,U R F L,3
000050c10c9fe4,0000a1841a4fc9,54,54,U R F L,3
000050c10ccce4,0000a1841896c9,80,80,U R F L,3
000050c10cdb24,000054c10c9b24,121,121,U R F D L B,3
000050c10cdb64,0000a1841a5b49,25,25,U R F D L,3
000050c10cdf20,0000a1841a5e48,25,25,U R F L,3
000050c10cdf24,0000a1841a5e49,45,45,U R F L,3
000050c10cdf64,0000a1841a5f49,15,15,U R F L,3
000050c10cdfa0,0000a1841a5ec8,28,28,U R F L,3
000050c10cdfa4,0000a1841a5ec9,54,54,U R F L,3
000050c10cdfe4,0000a1841a5fc9,24,24,U R F L,3
000050c10d1680,000050841d04a4,10,10,U R F L,3
000050c10d1684,000050841d04e4,82,82,U R F L,3
000050c10d16a0,000050841d14a4,23,23,U R F L,3
000050c10d16a4,000050841d14e4,164,164,U R F L,3
000050c10d16c4,000050841d05e4,224,224,U R F L,3
000050c10d16e4,000050841d15e4,355,355,U R F L,3
000050c10d17c4,000050841d07e4,234,234,U R F L,3
000050c10d17e4,000050841d17e4,276,276,U R F L,3
000050c10d1ae4,000050c10d1ae4,116,116,U R F D L,3
000050c10d1e84,000050841d84e4,32,32,U R F L,3
000050c10d1ea4,000050841d94e4,72,72,U R F L,3
000050c10d1ec4,000050c41d84e4,54,54,U R F L,3
000050c10d1ee4,000050c51d84e4,72,72,U R F L,3
000050c10d1f84,000050841d85e4,90,90,U R F L,3
000050c10d1fa4,000050841d95e4,108,108,U R F L,3
000050c10d1fc4,000050e08d8da4,48,48,U R F L,3
000050c10d1fe4,000050e18d8da4,66,66,U R F L,3
000050c10d8d84,000050800d0fe4,65,65,U R F L,3
000050c10d8da4,000050800d1fe4,74,74,U R F L,3
000050c10d9f84,000050841d87e4,33,33,U R F L,3
000050c10d9fa4,000050841d97e4,42,42,U R F L,3
000050c11c1f40,000051841c0764,985,985,U R F L,3
000050c11c1fc0,000051841c07e4,1288,1288,U R F L,3
000050c11c5b40,000050c11c5b40,4322,2161,U R F D L B,3
000050c11c5bc0,000050c11c5bc0,2756,2756,U R F D L,3
000050c11c5f40,000051841c1764,1315,1315,U R F L,3
000050c11c5fc0,000051841c17e4,1618,1618,U R F L,3
000050c11c9b40,000050c11e1b40,220,220,U R F D L B,3
000050c11ccd40,000050801e5f40,154,154,U R F L,3
000050c11cd6c0,000050851d8564,94,94,U R F L,3
000050c11cd740,000051841cdd40,82,82,U R F L,3
000050c11cdac0,000050a08c9ba4,124,124,U R F D L,3
000050c11cdb40,000051841cdb40,82,82,U R F D L,3
000050c11cdec0,000050a08c9fa4,85,85,U R F L,3
000050c11cdf40,000051841cdf40,64,64,U R F L,3
000050c11d5bc0,000050c11d5bc0,56,56,U R F D L,3
000050c11d5fc0,000051841ddf80,37,37,U R F L,3
000050c11d9b40,000051451c8564,139,139,U R F D L B,3
000050c11dcd40,000050801edec0,127,127,U R F L,3
000050c11dd6c0,000050851d85e4,58,58,U R F L,3
000050c11dd740,000051841cddc0,67,67,U R F L,3
000050c11ddb40,000051841cdbc0,70,70,U R F D L,3
000050c11ddec0,000050a08d9fa4,52,52,U R F L,3
000050c11ddf40,000051841cdfc0,52,52,U R F L,3
000050c11e1b40,000050c11c9b40,220,220,U R F D L B,3
000050c11e1f40,000051c41ccd40,94,94,U R F L,3
000050c11e1fc0,000051c41ccdc0,73,73,U R F L,3
000050c11e53c0,000050c11e53c0,412,412,U R F D L,3
000050c11e5740,000050c51c8564,186,186,U R F L,3
000050c11e57c0,000050c51c85e4,181,181,U R F L,3
000050c11e5b40,000051c51cc940,109,109,U R F D L,3
000050c11e5f40,000051c51ccd40,88,88,U R F L,3
000050c11e5fc0,000051c51ccdc0,67,67,U R F L,3
000050c11e9ac0,000051c41dc940,136,136,U R F D L B,3
000050c11ed6c0,000050c51d8564,70,70,U R F L,3
000050c11edac0,000051c51dc940,82,82,U R F D L,3
000050c11edec0,000051c51dcd40,61,61,U R F L,3
000050c11f53c0,000050c11f53c0,64,64,U R F D L,3
000050c11f57c0,000050c51d85e4,46,46,U R F L,3
000050c11f5ec0,000051c51dcd80,25,25,U R F L,3
000050c11f5fc0,000051c51dcdc0,40,40,U R F L,3
000050c18e9a04,000050418eda04,499,499,U R F D L B,3
000050c18e9a84,000051841c83e4,136,136,U R F D L,3
000050c18e9e04,000051841c8764,151,151,U R F L,3
000050c18e9e84,000051841c87e4,130,130,U R F L,3
000050c18eda04,000050c18eda04,280,280,U R F D L B,3
000050c18eda84,0000a1843ada81,109,109,U R F D L,3
000050c18edac0,000050c18edac0,58,58,U R F D L,3
000050c18ede04,0000a1843ade01,121,121,U R F L,3
000050c18ede84,0000a1843ade81,103,103,U R F L,3
000050c41d84e4,000050c10d1ec4,54,54,U R F L,3
000050c51c1624,000050c51c1624,32,32,U R F L,3
000050c51c1664,000050c51c1664,224,224,U R F L,3
000050c51c16a4,000050c51c16a4,66,66,U R F L,3
000050c51c16e4,000050c51c16e4,424,424,U R F L,3
000050c51c1764,000050c51c1764,544,544,U R F L,3
000050c51c17e4,000050c51c17e4,882,882,U R F L,3
000050c51c8564,000050c11e5740,186,186,U R F L,3
000050c51c85e4,000050c11e57c0,181,181,U R F L,3
000050c51c9664,000050c51c9664,56,56,U R F L,3
000050c51c96e4,000050c51d9664,70,70,U R F L,3
000050c51c9764,000050e18c9f24,76,76,U R F L,3
000050c51c97e4,000050e18c9fa4,61,61,U R F L,3
000050c51d16a4,000050c51d16a4,14,14,U R F L,3
000050c51d16e4,000050c51d16e4,82,82,U R F L,3
000050c51d17e4,000050c51d17e4,110,110,U R F L,3
000050c51d84e4,000050c10d1ee4,72,72,U R F L,3
000050c51d8564,000050c11ed6c0,70,70,U R F L,3
000050c51d85e4,000050c11f57c0,46,46,U R F L,3
000050c51d9664,000050c51c96e4,70,70,U R F L,3
000050c51d96e4,000050c51d96e4,40,40,U R F L,3
000050c51d9764,000050e18c9fe0,49,49,U R F L,3
000050c51d97e4,000050e18d9fa4,34,34,U R F L,3
000050cd1c0524,000050c10c5664,313,313,U R F L,3
000050cd1d0524,000050c10c56e4,414,414,U R F L,3
000050cd1e0524,000050c10c5e64,220,220,U R F L,3
000050cd1f0524,000050c10c5ee4,162,162,U R F L,3
000050e08d8da4,000050c10d1fc4,48,48,U R F L,3
000050e18c1f64,0000a18c384f49,43,43,U R F L,3
000050e18c85e4,000050c10c1fe4,357,357,U R F L,3
000050e18c9f24,000050c51c9764,76,76,U R F L,3
000050e18c9fa4,000050c51c97e4,61,61,U R F L,3
000050e18c9fe0,000050c51d9764,49,49,U R F L,3
000050e18d8da4,000050c10d1fe4,66,66,U R F L,3
000050e18d9fa4,000050c51d97e4,34,34,U R F L,3
000050e49c85a4,000052c98d9604,77,77,U R F L,3
000050e59c1724,000052cd1c9624,24,24,U R F L,3
000050e59c1764,000052cd1c9724,108,108,U R F L,3
000050e59c17a4,000052cd1d9624,39,39,U R F L,3
000050e59c17e4,000052cd1d9724,73,73,U R F L,3
000050e59c8164,0000a18d3e0149,73,73,U R F D L B,3
000050e59c81a4,000052c98dda00,408,408,U R F D L,3
000050e59c85a4,000052c98fd600,97,97,U R F L,3
000050e59c85e4,0000a18d3e05c9,34,34,U R F L,3
000050e59c97a4,000052e98d9724,67,67,U R F L,3
000050ed9c0124,0000518d1e4824,112,112,U R D L,2
0000510410cfac,0000510410cfac,245,245,R F D B,3
000051041c4b64,000051041c4b64,570,570,U R F D L B,3
000051041c4be4,000051041c4f64,742,742,U R F D L B,3
000051041c4f64,000051041c4be4,742,742,U R F D L B,3
000051041c4fe4,0000a0411c1fc9,94,94,U R F L B,3
000051041c5b64,000051041c5b64,726,726,U R F D L B,3
000051041c5be4,000051041c5f64,518,518,U R F D L B,3
000051041c5de4,000051041c5de4,124,124,U R F L B,3
000051041c5f64,000051041c5be4,518,518,U R F D L B,3
000051041c5fe4,0000a0411c5fc9,91,91,U R F L B,3
000051041c8764,000050418e9e04,252,252,U R F D L B,3
000051041c87e4,000050418e9e84,238,238,U R F D L B,3
000051041c93e4,000053c41c01e4,229,229,U R F D L B,3
000051041c9764,0000a0411cdf40,184,184,U R F D L B,3
000051041c97e4,0000a0411ddf40,157,157,U R F L B,3
000051041ccfa4,0000a0411e1ec9,89,89,U R F L B,3
000051041cdfa4,0000a0411e5ec9,109,109,U R F L B,3
000051051ccda4,0000a0451e16c9,64,64,U R F L B,3
0000510d1e4824,0000506d9c0124,44,44,U R D L,2
0000514412486c,0000514412486c,158,158,R F D B,3
000051441248ec,00006820824d69,183,183,R F D B,3
000051441ccda4,0000a1411e16c9,228,228,U R F D L B,3
000051451c1364,000051451c1364,796,398,U R F L B,3
000051451c13e4,000051451c13e4,968,968,U R F L B,3
000051451c17e4,000051451c17e4,1140,570,U R F L B,3
000051451c5b64,000051451c5b64,102,102,U R F L B,3
000051451c5be4,000051451c5f64,115,115,U R F L B,3
000051451c5f64,000051451c5be4,115,115,U R F L B,3
000051451c5fe4,0000a1451c5fc9,64,64,U R F L B,3
000051451c8564,000050c11d9b40,139,139,U R F D L B,3
000051451c85e4,0000a1451d9740,97,97,U R F L B,3
000051451ccd24,0000a1451e1649,74,74,U R F L B,3
000051451ccda4,0000a1451e16c9,61,61,U R F L B,3
000051451cdb40,000051451cdb40,84,42,U R F L B,3
000051451cdbc0,000051451cdbc0,112,112,U R F L B,3
000051451cdf24,0000a1451e5e49,35,35,U R F L B,3
000051451cdfa4,0000a1451e5ec9,40,40,U R F L B,3
000051451cdfc0,000051451ddf40,70,35,U R F L B,3
000051451ddf40,000051451cdfc0,70,35,U R F L B,3
0000514d1c4924,0000a1651c1249,53,53,U R D L,2
0000514d1e4824,0000514d1e4824,104,104,U R D L,2
000051841c0764,000050c11c1f40,985,985,U R F L,3
000051841c07e4,000050c11c1fc0,1288,1288,U R F L,3
000051841c1764,000050c11c5f40,1315,1315,U R F L,3
000051841c17e4,000050c11c5fc0,1618,1618,U R F L,3
000051841c4b64,000051841ccb24,394,394,U R F D L B,3
000051841c4be4,000052c91f9a00,272,272,U R F D L B,3
000051841c4f64,000052c91e9e00,119,119,U R F L,3
000051841c5b64,000051841cdb24,456,456,U R F D L B,3
000051841c5be4,0000a0c11c5bc9,82,82,U R F D L,3
000051841c5de4,000052c98dde00,82,82,U R F L,3
000051841c5f64,000052c91ede00,139,139,U R F L,3
000051841c5fe4,0000a0c11c5fc9,70,70,U R F L,3
000051841c83e4,000050c18e9a84,136,136,U R F D L,3
000051841c8764,000050c18e9e04,151,151,U R F L,3
000051841c87e4,000050c18e9e84,130,130,U R F L,3
000051841c9364,000051841c9364,230,230,U R F D L B,3
000051841c9764,0000a0c11cdf40,94,94,U R F L,3
000051841c97e4,0000a0c11ddf40,91,91,U R F L,3
000051841ccb24,000051841c4b64,394,394,U R F D L B,3
000051841ccba4,0000a0c11e1ac9,153,153,U R F D L B,3
000051841ccf24,000052c98e9e00,99,99,U R F L,3
000051841ccfa4,0000a0c11e1ec9,62,62,U R F L,3
000051841cdb24,000051841c5b64,456,456,U R F D L B,3
000051841cdb40,000050c11cdb40,82,82,U R F D L,3
000051841cdba4,0000a0c11e5ac9,127,127,U R F D L,3
000051841cdbc0,000050c11ddb40,70,70,U R F D L,3
000051841cdd40,000050c11cd740,82,82,U R F L,3
000051841cddc0,000050c11dd740,67,67,U R F L,3
000051841cdf24,000052c98ede00,119,119,U R F L,3
000051841cdf40,000050c11cdf40,64,64,U R F L,3
000051841cdfa4,0000a0c11e5ec9,82,82,U R F L,3
000051841cdfc0,000050c11ddf40,52,52,U R F L,3
000051841ddf80,000050c11d5fc0,37,37,U R F L,3
0000518d1e4824,000050ed9c0124,112,112,U R D L,2
0000518d1f0524,000050c10c5fa4,134,134,U R F L,3
000051c412486c,0000960820936c,87,87,R F D B,3
000051c41248ec,000096082093ec,92,92,R F D B,3
000051c41ccd40,000050c11e1f40,94,94,U R F L,3
000051c41ccdc0,000050c11e1fc0,73,73,U R F L,3
000051c41dc940,000050c11e9ac0,136,136,U R F D L B,3
000051c51c1764,000051c51c1764,552,552,U R F L,3
000051c51c17e4,000051c51c17e4,724,724,U R F L,3
000051c51c5f64,000053cd1c9724,85,85,U R F L,3
000051c51c5fe4,0000a1c51c5fc9,52,52,U R F L,3
000051c51c8564,0000a1c51c9740,52,52,U R F L,3
000051c51c85e4,0000a1c51d9740,49,49,U R F L,3
000051c51c9764,0000a1c51cdf40,40,40,U R F L,3
000051c51c97e4,0000a1c51ddf40,37,37,U R F L,3
000051c51cc940,000050c11e5b40,109,109,U R F D L,3
000051c51ccd40,000050c11e5f40,88,88,U R F L,3
000051c51ccdc0,000050c11e5fc0,67,67,U R F L,3
000051c51cdf24,0000a1c51e5e49,23,23,U R F L,3
000051c51cdf40,000051c51cdf40,52,52,U R F L,3
000051c51cdfa4,0000a1c51e5ec9,28,28,U R F L,3
000051c51cdfc0,000051c51ddf40,40,40,U R F L,3
000051c51cdfe4,0000a1c51e5fc9,16,16,U R F L,3
000051c51d5fc0,000051c51ddf80,21,21,U R F L,3
000051c51dc940,000050c11edac0,82,82,U R F D L,3
000051c51dcd40,000050c11edec0,61,61,U R F L,3
000051c51dcd80,000050c11f5ec0,25,25,U R F L,3
000051c51dcdc0,000050c11f5fc0,40,40,U R F L,3
000051c51ddf40,000051c51cdfc0,40,40,U R F L,3
000051c51ddf80,000051c51d5fc0,21,21,U R F L,3
000051c51ddfc0,000051c51ddfc0,28,28,U R F L,3
000051cd1c0524,000050c10c5764,297,297,U R F L,3
000051cd1c4924,0000a1e51c1249,76,76,U R D L,2
000051cd1d0524,000050c10c57e4,347,347,U R F L,3
000051cd1e0524,000050c10c5f64,168,168,U R F L,3
000051cd1e4824,000051cd1e4824,164,164,U R D L,2
000051cd1f0524,0000a1e51d8449,88,88,U R F L,3
000052c90c9600,000050a49c0524,10,10,U R F L,3
000052c90c9604,000050a49c0564,94,94,U R F L,3
000052c90c9620,000050a49c1524,32,32,U R F L,3
000052c90c9624,000050a49c1564,236,236,U R F L,3
000052c90c9704,000050a49c0764,258,258,U R F L,3
000052c90c9724,000050a49c1764,419,419,U R F L,3
000052c90d9200,000050a49c01a4,67,67,U R F D L B,3
000052c90d9204,000050a49c01e4,500,500,U R F D L B,3
000052c90d9220,000050a49c11a4,104,104,U R F D L,3
000052c90d9224,000050a49c11e4,593,593,U R F D L,3
000052c90d9304,000050a49c03e4,1043,1043,U R F D L B,3
000052c90d9324,000050a49c93a4,356,356,U R F D L,3
000052c90d9600,000050a49c05a4,25,25,U R F L,3
000052c90d9604,000050a49c85a4,75,75,U R F L,3
000052c90d9620,000050a49c15a4,62,62,U R F L,3
000052c90d9624,000050a49c95a4,159,159,U R F L,3
000052c90d9700,000050a49c05e4,81,81,U R F L,3
000052c90d9704,000050a49c87a4,174,174,U R F L,3
000052c90d9720,000050a49c15e4,171,171,U R F L,3
000052c90d9724,000050a49c97a4,226,226,U R F L,3
000052c90d9b20,000050a49c13e4,121,121,U R F D L,3
000052c90d9f00,000050a49c07e4,89,89,U R F L,3
000052c90d9f20,000050a49c17e4,109,109,U R F L,3
000052c91e9e00,000051841c4f64,119,119,U R F L,3
000052c91ede00,000051841c5f64,139,139,U R F L,3
000052c91f9a00,000051841c4be4,272,272,U R F D L B,3
000052c91f9e00,0000a4411f1e49,62,62,U R F L,3
000052c91fda00,0000a4411e5e49,94,94,U R F D L,3
000052c91fde00,0000a4411f5e49,82,82,U R F L,3
000052c98d9604,000050e49c85a4,77,77,U R F L,3
000052c98dda00,000050e59c81a4,408,408,U R F D L,3
000052c98dde00,000051841c5de4,82,82,U R F L,3
000052c98e9e00,000051841ccf24,99,99,U R F L,3
000052c98ede00,000051841cdf24,119,119,U R F L,3
000052c98f9a00,0000a4411e9e09,217,217,U R F D L B,3
000052c98fd600,000050e59c85a4,97,97,U R F L,3
000052c98fda00,0000a4411ede09,148,148,U R F D L,3
000052c98fde00,0000a4411fde09,55,55,U R F L,3
000052cd1c9624,000050e59c1724,24,24,U R F L,3
000052cd1c9724,000050e59c1764,108,108,U R F L,3
000052cd1d9624,000050e59c17a4,39,39,U R F L,3
000052cd1d9724,000050e59c17e4,73,73,U R F L,3
000052e98d9724,000050e59c97a4,67,67,U R F L,3
000053c41c01e4,000051041c93e4,229,229,U R F D L B,3
000053cd1c9724,000051c51c5f64,85,85,U R F L,3
000053cd1d9724,0000a5451fde09,46,46,U R F L,3
000054800d0400,000054800d0400,4,2,U R L,2
000054800d0404,000054800d0500,28,14,U R L,2
000054800d0420,000054800d0420,14,14,U R L,2
000054800d0424,000054800d0520,85,85,U R L,2
000054800d0500,000054800d0404,28,14,U R L,2
000054800d0504,000054800d0504,140,70,U R L,2
000054800d0520,000054800d0424,85,85,U R L,2
000054800d0524,000054800d0524,362,362,U R L,2
000054800d0604,000054800d0d00,82,41,U R L,2
000054800d0624,000054800d0d20,212,212,U R L,2
000054800d0704,000054800d0f00,280,140,U R L,2
000054800d0724,000054800d0f20,604,604,U R L,2
000054800d0c04,000054800d0c04,24,12,U R L,2
000054800d0c24,000054800d0c24,72,72,U R L,2
000054800d0d00,000054800d0604,82,41,U R L,2
000054800d0d04,000054800d0e04,112,56,U R L,2
000054800d0d20,000054800d0624,212,212,U R L,2
000054800d0d24,000054800d0e24,266,266,U R L,2
000054800d0e04,000054800d0d04,112,56,U R L,2
000054800d0e24,000054800d0d24,266,266,U R L,2
000054800d0f00,000054800d0704,280,140,U R L,2
000054800d0f04,000054800d0f04,304,152,U R L,2
000054800d0f20,000054800d0724,604,604,U R L,2
000054800d0f24,000054800d0f24,516,516,U R L,2
000054800d1420,000054800d1420,48,24,U R L,2
000054800d1424,000054800d1520,250,125,U R L,2
000054800d1520,000054800d1424,250,125,U R L,2
000054800d1524,000054800d1524,896,448,U R L,2
000054800d1624,000054800d1d20,522,261,U R L,2
000054800d1724,000054800d1f20,1232,616,U R L,2
000054800d1c24,000054800d1c24,192,96,U R L,2
000054800d1d20,000054800d1624,522,261,U R L,2
000054800d1d24,000054800d1e24,616,308,U R L,2
000054800d1e24,000054800d1d24,616,308,U R L,2
000054800d1f20,000054800d1724,1232,616,U R L,2
000054800d1f24,000054800d1f24,848,424,U R L,2
000054800d4420,000054800d4420,6,6,U R L,2
000054800d4424,000054800d4520,31,31,U R L,2
000054800d4520,000054800d4424,31,31,U R L,2
000054800d4524,000054800d4524,114,114,U R L,2
000054800d4624,000054800d4d20,65,65,U R L,2
000054800d4724,000054800d4f20,158,158,U R L,2
000054800d4c24,000054800d4c24,26,26,U R L,2
000054800d4d20,000054800d4624,65,65,U R L,2
000054800d4d24,000054800d4e24,93,93,U R L,2
000054800d4e24,000054800d4d24,93,93,U R L,2
000054800d4f20,000054800d4724,158,158,U R L,2
000054800d4f24,000054800d4f24,212,212,U R L,2
000054800d5420,000054800d5420,20,20,U R L,2
000054800d5424,000054800d5520,88,88,U R L,2
000054800d5520,000054800d5424,88,88,U R L,2
000054800d5524,000054800d5524,272,272,U R L,2
000054800d5624,000054800d5d20,152,152,U R L,2
000054800d5724,000054800d5f20,304,304,U R L,2
000054800d5c24,000054800d5c24,76,76,U R L,2
000054800d5d20,000054800d5624,152,152,U R L,2
000054800d5d24,000054800d5e24,228,228,U R L,2
000054800d5e24,000054800d5d24,228,228,U R L,2
000054800d5f20,000054800d5724,304,304,U R L,2
000054800d5f24,000054800d5f24,332,332,U R L,2
000054800d8704,000054800d8704,360,180,U R L,2
000054800d8724,000054800d8724,632,632,U R L,2
000054800d8d00,000054800f0604,124,62,U R L,2
000054800d8d04,000054800f0704,166,83,U R L,2
000054800d8d20,000054800f0624,259,259,U R L,2
000054800d8d24,000054800f0724,272,272,U R L,2
000054800d8f00,000054800f8604,284,142,U R L,2
000054800d8f04,0000a4801b0e41,118,59,U R L,2
000054800d8f20,000054800f8624,496,496,U R L,2
000054800d8f24,0000a4801b0e49,200,200,U R L,2
000054800d9724,000054800d9724,1032,516,U R L,2
000054800d9d20,000054800f1624,462,231,U R L,2
000054800d9d24,000054800f1724,424,212,U R L,2
000054800d9f20,000054800f9624,776,388,U R L,2
000054800d9f24,0000a4801b4e49,328,164,U R L,2
000054800dc724,000054800dc724,128,128,U R L,2
000054800dcd20,000054800f4624,64,64,U R L,2
000054800dcd24,000054800f4724,106,106,U R L,2
000054800dcf20,000054800fc624,100,100,U R L,2
000054800dcf24,0000a4801b1e49,82,82,U R L,2
000054800dd724,000054800dd724,188,188,U R L,2
000054800ddd20,000054800f5624,84,84,U R L,2
000054800ddd24,000054800f5724,152,152,U R L,2
000054800ddf20,000054800fd624,120,120,U R L,2
000054800ddf24,0000a4801b5e49,128,128,U R L,2
000054800f0604,000054800d8d00,124,62,U R L,2
000054800f0624,000054800d8d20,259,259,U R L,2
000054800f0704,000054800d8d04,166,83,U R L,2
000054800f0724,000054800d8d24,272,272,U R L,2
000054800f1624,000054800d9d20,462,231,U R L,2
000054800f1724,000054800d9d24,424,212,U R L,2
000054800f4624,000054800dcd20,64,64,U R L,2
000054800f4724,000054800dcd24,106,106,U R L,2
000054800f5624,000054800ddd20,84,84,U R L,2
000054800f5724,000054800ddd24,152,152,U R L,2
000054800f8604,000054800d8f00,284,142,U R L,2
000054800f8624,000054800d8f20,496,496,U R L,2
000054800f9624,000054800d9f20,776,388,U R L,2
000054800fc624,000054800dcf20,100,100,U R L,2
000054800fd524,000054800fd524,100,100,U R L,2
000054800fd624,000054800ddf20,120,120,U R L,2
000054800fd724,0000a4801bdc49,76,76,U R L,2
000054801d8d00,000054808f0604,94,47,U R L,2
000054801d8f00,000054808f8604,142,71,U R L,2
000054801d9d00,000054808f1604,118,118,U R L,2
000054801d9f00,000054808f9604,166,166,U R L,2
000054801ddd00,000054808f5604,142,71,U R L,2
000054801ddf00,000054808fd604,190,95,U R L,2
000054801f8e00,000054808f8e00,214,107,U R L,2
000054801f9e00,000054808f9e00,292,292,U R L,2
000054801fde00,000054808fde00,370,185,U R L,2
000054808f0604,000054801d8d00,94,47,U R L,2
000054808f1604,000054801d9d00,118,118,U R L,2
000054808f5604,000054801ddd00,142,71,U R L,2
000054808f8604,000054801d8f00,142,71,U R L,2
000054808f8e00,000054801f8e00,214,107,U R L,2
000054808f9604,000054801d9f00,166,166,U R L,2
000054808f9e00,000054801f9e00,292,292,U R L,2
000054808fd604,000054801ddf00,190,95,U R L,2
000054808fde00,000054801fde00,370,185,U R L,2
000054841d0424,000054841d0424,12,12,U R L,2
000054841d0524,000054841d0624,60,60,U R L,2
000054841d0624,000054841d0524,60,60,U R L,2
000054841d0724,000054841d0724,198,198,U R L,2
000054841d1424,000054841d1424,40,40,U R L,2
000054841d1524,000054841d1624,168,168,U R L,2
000054841d1624,000054841d1524,168,168,U R L,2
000054841d1724,000054841d1724,452,452,U R L,2
000054841d8524,000054841f0624,111,111,U R L,2
000054841d8724,000054841f8624,242,242,U R L,2
000054841d9524,000054841f1624,244,244,U R L,2
000054841d9724,000054841f9624,442,442,U R L,2
000054841f0624,000054841d8524,111,111,U R L,2
000054841f1624,000054841d9524,244,244,U R L,2
000054841f8624,000054841d8724,242,242,U R L,2
000054841f9624,000054841d9724,442,442,U R L,2
000054890d4420,000054890d4420,8,4,U R L,2
000054890d4424,000054890d4520,30,15,U R L,2
000054890d4520,000054890d4424,30,15,U R L,2
000054890d4524,000054890d4524,80,40,U R L,2
000054890d4c24,000054890d4c24,28,14,U R L,2
000054890d4d20,000054890f4424,42,21,U R L,2
000054890d4d24,000054890f4524,74,37,U R L,2
000054890f4424,000054890d4d20,42,21,U R L,2
000054890f4524,000054890d4d24,74,37,U R L,2
0000548d1c0024,0000548d1c0024,20,11,U R D L,2
0000548d1c0124,0000548d1c0124,68,68,U R D L,2
0000548d1d0424,0000548d1d0424,16,16,U R L,2
0000548d1d0524,0000548d1f0424,56,56,U R L,2
0000548d1e0124,0000548d1e0124,56,30,U R D L,2
0000548d1f0424,0000548d1d0524,56,56,U R L,2
0000548d1f0524,0000548d1f0524,48,48,U R L,2
000054a49c0124,000054a49c0124,12,12,U R D L,2
000054a49c0324,000054a49c8124,44,44,U R D L,2
000054a49c1124,000054a49c1124,36,36,U R D L,2
000054a49c1324,000054a49c9124,112,112,U R D L,2
000054a49c8124,000054a49c0324,44,44,U R D L,2
000054a49c8324,000054a49c8324,104,104,U R D L,2
000054a49c9124,000054a49c1324,112,112,U R D L,2
000054a49c9324,000054a49c9324,164,164,U R D L,2
000054a49d0524,000054a49d0524,10,10,U R L,2
000054a49d0724,000054a49d8524,39,39,U R L,2
000054a49d1524,000054a49d1524,32,32,U R L,2
000054a49d1724,000054a49d9524,102,102,U R L,2
000054a49d8524,000054a49d0724,39,39,U R L,2
000054a49d8724,000054a49d8724,96,96,U R L,2
000054a49d9524,000054a49d1724,102,102,U R L,2
000054a49d9724,000054a49d9724,148,148,U R L,2
000054ad9c0124,000054ad9c0124,14,14,U R D L,2
000054ad9d0524,000054ad9d0524,12,12,U R L,2
000054c10c5324,000054c10c5324,154,78,U R D L,2
000054c10c5b20,000054c10c5b20,76,76,U R D L,2
000054c10c5b24,000054c10c5b24,102,102,U R D L,2
000054c10c9b04,000050410cdb24,75,75,U R F D L B,3
000054c10c9b24,000050c10cdb24,121,121,U R F D L B,3
000054c10cd324,000054c10cd324,114,114,U R D L,2
000054c10d5724,000054c10d5724,128,128,U R L,2
000054c10d5f20,000054c10f5624,64,64,U R L,2
000054c10d5f24,000054c10f5724,88,88,U R L,2
000054c10d9f00,000054c18f1604,92,92,U R L,2
000054c10d9f20,000054c18f5604,116,116,U R L,2
000054c10dd724,000054c10fd624,96,96,U R L,2
000054c10ed324,0000a5841ad849,74,38,U R D L,2
000054c10f5624,000054c10d5f20,64,64,U R L,2
000054c10f5724,000054c10d5f24,88,88,U R L,2
000054c10fd624,000054c10dd724,96,96,U R L,2
000054c10fd724,0000a5841bdc49,64,64,U R L,2
000054c11e9a00,000054c18e9204,158,158,U R F D L B,3
000054c11eda00,000054c18ed204,186,186,U R F D L B,3
000054c11f9e00,000054c18f9604,134,134,U R L,2
000054c11fde00,000054c18fd604,158,158,U R L,2
000054c18e9204,000054c11e9a00,158,158,U R F D L B,3
000054c18e9a00,000054c18e9a00,210,210,U R F D L B,3
000054c18ed204,000054c11eda00,186,186,U R F D L B,3
000054c18eda00,000054c18eda00,284,284,U R F D L B,3
000054c18f1604,000054c10d9f00,92,92,U R L,2
000054c18f5604,000054c10d9f20,116,116,U R L,2
000054c18f9604,000054c11f9e00,134,134,U R L,2
000054c18f9e00,000054c18f9e00,172,172,U R L,2
000054c18fd604,000054c11fde00,158,158,U R L,2
000054c18fde00,000054c18fde00,240,240,U R L,2
000054c51d1624,000054c51d1624,32,16,U R L,2
000054c51d1724,000054c51f1624,94,47,U R L,2
000054c51d9724,000055c51f1624,90,45,U R L,2
000054c51f1624,000054c51d1724,94,47,U R L,2
000054c51f9624,000054c51f9624,192,96,U R L,2
000054c90d4524,000054c90f4424,70,35,U R L,2
000054c90f4424,000054c90d4524,70,35,U R L,2
000054c90f4524,000054c90f4524,120,60,U R L,2
000054e49c8124,000055841e4a24,53,53,U R D L,2
000054e49d8524,000055841f4e24,50,50,U R L,2
000054e59c8124,000055841e5a24,76,76,U R D L,2
000054e59d1724,000054e59d1724,24,24,U R L,2
000054e59d8524,000055841f5e24,70,70,U R L,2
000054e59d9724,000055c51f5e24,46,46,U R L,2
000054ed9c0124,0000558d1e4824,37,37,U R D L,2
000054ed9d0524,0000558d1f4c24,32,32,U R L,2
000055841ccb24,0000a4c11e1a49,41,41,U R D L,2
000055841cdb24,0000a4c11e5a49,64,64,U R D L,2
000055841dcf24,0000a4c11f1e49,38,38,U R L,2
000055841ddf24,0000a4c11f5e49,58,58,U R L,2
000055841e01e4,000050410cdf24,69,69,U R F D B,3
000055841e4a24,000054e49c8124,53,53,U R D L,2
000055841e5a24,000054e59c8124,76,76,U R D L,2
000055841f4e24,000054e49d8524,50,50,U R L,2
000055841f5e24,000054e59d8524,70,70,U R L,2
000055841fdc24,000055841fdc24,52,52,U R L,2
000055841fde24,0000a4c11fde09,40,40,U R L,2
0000558d1e4824,000054ed9c0124,37,37,U R D L,2
0000558d1f4c24,000054ed9d0524,32,32,U R L,2
000055c41e0164,0000a5c11c8149,76,76,U R F D L B,3
000055c51d9724,000055c51f9624,126,63,U R L,2
000055c51e0164,0000a5c51c8149,122,122,U R F D L B,3
000055c51f1624,000054c51d9724,90,45,U R L,2
000055c51f5e24,000054e59d9724,46,46,U R L,2
000055c51f9624,000055c51d9724,126,63,U R L,2
000055c51fde24,0000a5c51fde09,34,34,U R L,2
000055cd1e4824,000055cd1e4824,60,60,U R D L,2
000055cd1f4c24,000055cd1f4c24,52,52,U R L,2
000057041007e4,000057041007e4,596,149,U R F D B,3
000057041007ec,000057041007ec,256,256,R F D B,3
00005704104fc0,00005704104fc0,620,155,U R F D B,3
00005704104fc8,00005704104fc8,272,272,R F D B,3
00006620800f69,00009c08200f6c,52,52,R F D B,3
00006820824d69,000051441248ec,183,183,R F D B,3
00006820824de9,00006820824de9,208,208,R F D B,3
00006a20824da9,00006a20824da9,126,126,R F D B,3
00006c20824d69,0000960820976c,107,107,R F D B,3
00006c20824de9,000096082097ec,112,112,R F D B,3
00006e20800fe1,00006e20800fe1,96,48,U R F D B,3
00006e20800fe9,00009e08200fec,43,43,R F D B,3
00006e20824da9,00006e20824da9,136,136,R F D B,3
00006e20824de0,00006e20824de0,672,168,U R F D B,3
00006e20824de1,00009e082097cc,136,34,U R F D B,3
00006e20824de8,00006e20824de8,215,215,R F D B,3
00006e20824de9,00009e082097ec,67,67,R F D B,3
00006e20824fe0,00009e08209fc8,52,26,U R F D B,3
00007c20800be8,0000b608200be8,88,88,R F D B,3
00007c20800fe8,0000b608200fe8,79,79,R F D B,3
00007e20800fe0,0000be08200fc8,112,28,U R F D B,3
00007e20800fe8,0000be08200fe8,43,43,R F D B,3
0000960820936c,000051c412486c,87,87,F D L B,3
000096082093ec,000051c41248ec,92,92,F D L B,3
0000960820976c,00006c20824d69,107,107,F D L B,3
000096082097ec,00006c20824de9,112,112,F D L B,3
00009c08200f6c,00006620800f69,52,52,F D L B,3
00009e08200fec,00006e20800fe9,43,43,F D L B,3
00009e082097cc,00006e20824de1,136,34,U F D L B,3
00009e082097ec,00006e20824de9,67,67,F D L B,3
00009e08209fc8,00006e20824fe0,52,26,U F D L B,3
0000a0001fd1c0,000050001fd1c0,51,51,U R F L B,3
0000a0011e8149,000050041e8164,29,15,U R F D L B,3
0000a0051e8149,000050051e8164,45,45,U R F D L B,3
0000a0411c1fc9,000051041c4fe4,94,94,U R F L B,3
0000a0411c5fc9,000051041c5fe4,91,91,U R F L B,3
0000a0411cdf40,000051041c9764,184,184,U R F D L B,3
0000a0411ddf40,000051041c97e4,157,157,U R F L B,3
0000a0411e1ec9,000051041ccfa4,89,89,U R F L B,3
0000a0411e5ec9,000051041cdfa4,109,109,U R F L B,3
0000a0451e16c9,000051051ccda4,64,64,U R F L B,3
0000a088394f49,000050a08c97e4,124,124,U R F L,3
0000a0c11c5bc9,000051841c5be4,82,82,U R F D L,3
0000a0c11c5fc9,000051841c5fe4,70,70,U R F L,3
0000a0c11cdf40,000051841c9764,94,94,U R F L,3
0000a0c11ddf40,000051841c97e4,91,91,U R F L,3
0000a0c11e1ac9,000051841ccba4,153,153,U R F D L B,3
0000a0c11e1ec9,000051841ccfa4,62,62,U R F L,3
0000a0c11e5ac9,000051841cdba4,127,127,U R F D L,3
0000a0c11e5ec9,000051841cdfa4,82,82,U R F L,3
0000a104185fc9,000050410c5fe4,144,144,U R F L B,3
0000a1041886c9,000050410c8ce4,216,108,U R F L B,3
0000a1041896c9,000050410ccce4,83,83,U R F L B,3
0000a1041a4b41,000050410c9b44,22,22,U R F D L B,3
0000a1041a4b49,000050410c9b64,38,38,U R F D L B,3
0000a1041a5b49,000050410cdb64,16,16,U R F D L,3
0000a1041a5ec9,000050410cdfa4,78,78,U R F L B,3
0000a1043ada81,000050418eda84,124,124,U R F D L B,3
0000a1043ade01,000050418ede04,136,136,U R F L B,3
0000a1043ade81,000050418ede84,118,118,U R F L B,3
0000a1093e0149,000050649c8164,41,41,U R F D L B,3
0000a1093e05c9,000050649c85e4,37,37,U R F L B,3
0000a10c384b49,000050618c1b64,76,38,U R F L B,3
0000a10c384f49,000050618c1f64,55,55,U R F L B,3
0000a1411e16c9,000051441ccda4,228,228,U R F D L B,3
0000a1451c5fc9,000051451c5fe4,64,64,U R F L B,3
0000a1451d9740,000051451c85e4,97,97,U R F L B,3
0000a1451e1649,000051451ccd24,74,74,U R F L B,3
0000a1451e16c9,000051451ccda4,61,61,U R F L B,3
0000a1451e5e49,000051451cdf24,35,35,U R F L B,3
0000a1451e5ec9,000051451cdfa4,40,40,U R F L B,3
0000a1651c1249,0000514d1c4924,53,53,U R D L,2
0000a1801886c9,000050c00c8ce4,105,105,U R F L,3
0000a1801896c9,000050c00ccce4,48,48,U R F L,3
0000a184185fc9,000050c10c5fe4,120,120,U R F L,3
0000a1841886c9,000050c10c8ce4,172,172,U R F L,3
0000a1841896c9,000050c10ccce4,80,80,U R F L,3
0000a18418ca49,000050c10c9a64,70,36,U R F D L B,3
0000a1841a4b41,000050c10c9b44,34,34,U R F D L B,3
0000a1841a4b49,000050c10c9b64,59,59,U R F D L B,3
0000a1841a4f41,000050c10c9f44,18,18,U R F L,3
0000a1841a4f49,000050c10c9f64,33,33,U R F L,3
0000a1841a4fc1,000050c10c9fc4,30,30,U R F L,3
0000a1841a4fc9,000050c10c9fe4,54,54,U R F L,3
0000a1841a5b49,000050c10cdb64,25,25,U R F D L,3
0000a1841a5e48,000050c10cdf20,25,25,U R F L,3
0000a1841a5e49,000050c10cdf24,45,45,U R F L,3
0000a1841a5ec8,000050c10cdfa0,28,28,U R F L,3
0000a1841a5ec9,000050c10cdfa4,54,54,U R F L,3
0000a1841a5f49,000050c10cdf64,15,15,U R F L,3
0000a1841a5fc9,000050c10cdfe4,24,24,U R F L,3
0000a1843ada81,000050c18eda84,109,109,U R F D L,3
0000a1843ade01,000050c18ede04,121,121,U R F L,3
0000a1843ade81,000050c18ede84,103,103,U R F L,3
0000a18c384f49,000050e18c1f64,43,43,U R F L,3
0000a18d3e0149,000050e59c8164,73,73,U R F D L B,3
0000a18d3e05c9,000050e59c85e4,34,34,U R F L,3
0000a1c51c5fc9,000051c51c5fe4,52,52,U R F L,3
0000a1c51c9740,000051c51c8564,52,52,U R F L,3
0000a1c51cdf40,000051c51c9764,40,40,U R F L,3
0000a1c51d9740,000051c51c85e4,49,49,U R F L,3
0000a1c51ddf40,000051c51c97e4,37,37,U R F L,3
0000a1c51e5e49,000051c51cdf24,23,23,U R F L,3
0000a1c51e5ec9,000051c51cdfa4,28,28,U R F L,3
0000a1c51e5fc9,000051c51cdfe4,16,16,U R F L,3
0000a1e51c1249,000051cd1c4924,76,76,U R D L,2
0000a1e51d8449,000051cd1f0524,88,88,U R F L,3
0000a4411e5e49,000052c91fda00,94,94,U R D L B,3
0000a4411e9e09,000052c98f9a00,217,217,U R F D L B,3
0000a4411ede09,000052c98fda00,148,148,U R D L B,3
0000a4411f1e49,000052c91f9e00,62,62,U R L B,3
0000a4411f5e49,000052c91fde00,82,82,U R L B,3
0000a4411fde09,000052c98fde00,55,55,U R L B,3
0000a4801b0e41,000054800d8f04,118,59,U R L,2
0000a4801b0e49,000054800d8f24,200,200,U R L,2
0000a4801b1e49,000054800dcf24,82,82,U R L,2
0000a4801b4e49,000054800d9f24,328,164,U R L,2
0000a4801b5e49,000054800ddf24,128,128,U R L,2
0000a4801bdc49,000054800fd724,76,76,U R L,2
0000a4c11e1a49,000055841ccb24,41,41,U R D L,2
0000a4c11e5a49,000055841cdb24,64,64,U R D L,2
0000a4c11f1e49,000055841dcf24,38,38,U R L,2
0000a4c11f5e49,000055841ddf24,58,58,U R L,2
0000a4c11fde09,000055841fde24,40,40,U R L,2
0000a5451fde09,000053cd1d9724,46,46,U R L B,3
0000a5841ad849,000054c10ed324,74,38,U R D L,2
0000a5841bdc49,000054c10fd724,64,64,U R L,2
0000a5c11c8149,000055c41e0164,76,76,U R F D L B,3
0000a5c51c8149,000055c51e0164,122,122,U R F D L B,3
0000a5c51fde09,000055c51fde24,34,34,U R L,2
0000b608200be8,00007c20800be8,88,88,F D L B,3
0000b608200fe8,00007c20800fe8,79,79,F D L B,3
0000be08200fc8,00007e20800fe0,112,28,U F D L B,3
0000be08200fe8,00007e20800fe8,43,43,F D L B,3
0000f0001cd040,0000f0001cd040,22,11,U R F L B,3
0000f0001cd0c0,0000f0001cd0c0,58,58,U R F L B,3
0000f0001cd4c0,0000f0001cd4c0,138,69,U R F L B,3
0000f0001cda40,0000f0001cda40,78,39,U R F L B,3
0000f0001cdac0,0000f0001cdac0,126,126,U R F L B,3
0000f0411c5680,0000f0411c5680,122,122,U R F L B,3
0000f0411c56c0,0000f0411c56c0,642,642,U R F L B,3
0000f0411c57c0,0000f0411c57c0,440,440,U R F L B,3
0000f0411c5f80,0000f0411c5f80,508,508,U R F L B,3
0000f0411c5fc0,0000f1041c5fc0,154,154,U R F L B,3
0000f0c11c1600,0000f1841c4c00,10,10,U R F L,3
0000f0c11c1640,0000f1841c4c40,94,94,U R F L,3
0000f0c11c1680,0000f1841c4c80,25,25,U R F L,3
0000f0c11c16c0,0000f1841c4cc0,169,169,U R F L,3
0000f0c11c1740,0000f1841c4d40,271,271,U R F L,3
0000f0c11c17c0,0000f1841c4dc0,374,374,U R F L,3
0000f0c11c1f40,0000f1841c4f40,83,83,U R F L,3
0000f0c11c1fc0,0000f1841c4fc0,68,68,U R F L,3
0000f0c11c5600,0000f1841c5c00,32,32,U R F L,3
0000f0c11c5640,0000f1841c5c40,241,241,U R F L,3
0000f0c11c5680,0000f1841c5c80,67,67,U R F L,3
0000f0c11c56c0,0000f1841c5cc0,357,357,U R F L,3
0000f0c11c5740,0000f1841c5d40,503,503,U R F L,3
0000f0c11c57c0,0000f1841c5dc0,276,276,U R F L,3
0000f0c11c5f40,0000f1841c5f40,103,103,U R F L,3
0000f0c11c5f80,0000f1841c5ec0,124,124,U R F L,3
0000f0c11c5fc0,0000f1841c5fc0,88,88,U R F L,3
0000f0c51c17c0,0000f1851c4dc0,196,196,U R F L,3
0000f1041c5fc0,0000f0411c5fc0,154,154,U R F L B,3
0000f1411c9640,0000f1441ccc40,37,37,U R F L B,3
0000f1441ccc40,0000f1411c9640,37,37,U R F L B,3
0000f1451c17c0,0000f1451c4dc0,118,118,U R F L B,3
0000f1451c4dc0,0000f1451c17c0,118,118,U R F L B,3
0000f1451c5a00,0000f1451c5a00,24,12,U R F L B,3
0000f1451c5a40,0000f1451c5a40,136,68,U R F L B,3
0000f1451c5a80,0000f1451c5a80,45,45,U R F L B,3
0000f1451c5ac0,0000f1451c5ac0,174,174,U R F L B,3
0000f1451c5e80,0000f1451c5e80,66,33,U R F L B,3
0000f1451c5ec0,0000f1451c5f80,106,53,U R F L B,3
0000f1451c5f80,0000f1451c5ec0,106,53,U R F L B,3
0000f1451c5fc0,0000f1451c5fc0,73,73,U R F L B,3
0000f1841c4c00,0000f0c11c1600,10,10,U R F L,3
0000f1841c4c40,0000f0c11c1640,94,94,U R F L,3
0000f1841c4c80,0000f0c11c1680,25,25,U R F L,3
0000f1841c4cc0,0000f0c11c16c0,169,169,U R F L,3
0000f1841c4d40,0000f0c11c1740,271,271,U R F L,3
0000f1841c4dc0,0000f0c11c17c0,374,374,U R F L,3
0000f1841c4f40,0000f0c11c1f40,83,83,U R F L,3
0000f1841c4fc0,0000f0c11c1fc0,68,68,U R F L,3
0000f1841c5c00,0000f0c11c5600,32,32,U R F L,3
0000f1841c5c40,0000f0c11c5640,241,241,U R F L,3
0000f1841c5c80,0000f0c11c5680,67,67,U R F L,3
0000f1841c5cc0,0000f0c11c56c0,357,357,U R F L,3
0000f1841c5d40,0000f0c11c5740,503,503,U R F L,3
0000f1841c5dc0,0000f0c11c57c0,276,276,U R F L,3
0000f1841c5ec0,0000f0c11c5f80,124,124,U R F L,3
0000f1841c5f40,0000f0c11c5f40,103,103,U R F L,3
0000f1841c5fc0,0000f0c11c5fc0,88,88,U R F L,3
0000f1851c4dc0,0000f0c51c17c0,196,196,U R F L,3
0000f1c11c17c0,0000f1c41c4dc0,62,62,U R F L,3
0000f1c11e1640,0000f1c41ccd00,156,156,U R F L,3
0000f1c11e16c0,0000f1c41ccd80,146,146,U R F L,3
0000f1c41c4dc0,0000f1c11c17c0,62,62,U R F L,3
0000f1c41ccd00,0000f1c11e1640,156,156,U R F L,3
0000f1c41ccd80,0000f1c11e16c0,146,146,U R F L,3
0000f1c51c17c0,0000f1c51c4dc0,67,67,U R F L,3
0000f1c51c4dc0,0000f1c51c17c0,67,67,U R F L,3
0000f1c51c5e00,0000f1c51c5e00,24,24,U R F L,3
0000f1c51c5e40,0000f1c51c5e40,114,114,U R F L,3
0000f1c51c5e80,0000f1c51c5e80,45,45,U R F L,3
0000f1c51c5ec0,0000f1c51c5f80,76,76,U R F L,3
0000f1c51c5f80,0000f1c51c5ec0,76,76,U R F L,3
0000f1c51c5fc0,0000f1c51c5fc0,49,49,U R F L,3
0000f1c51c9640,0000f1c51ccc40,34,34,U R F L,3
0000f1c51ccc40,0000f1c51c9640,34,34,U R F L,3
0000f1c51ccd00,0000f1c51e1640,77,77,U R F L,3
0000f1c51ccd80,0000f1c51e16c0,82,82,U R F L,3
0000f1c51cde40,0000f1c51cde40,16,16,U R F L,3
0000f1c51e1640,0000f1c51ccd00,77,77,U R F L,3
0000f1c51e16c0,0000f1c51ccd80,82,82,U R F L,3
0000f2491c9200,0000f2491c9200,7,4,U R D L,2
0000f2491cd200,0000f2491cd200,22,22,U R D L,2
0000f2491e9a00,0000f2491e9a00,30,15,U R D L,2
0000f2491eda00,0000f2491eda00,54,54,U R D L,2
0000f26d1c9200,0000f26d1c9200,8,8,U R D L,2
0000f2881ede00,0000f38c1e4e00,130,130,U R F L,3
0000f2881fde00,0000f4411fde00,115,115,U R F L,3
0000f2c01d0400,0000f2c01d0400,19,19,U R F L,3
0000f2c01d4400,0000f2c11d0400,52,52,U R F L,3
0000f2c01f0c00,0000f2c01f0c00,69,69,U R F L,3
0000f2c01f4c00,0000f2c11f0c00,117,117,U R F L,3
0000f2c11d0400,0000f2c01d4400,52,52,U R F L,3
0000f2c11d4400,0000f2c11d4400,129,129,U R F L,3
0000f2c11f0c00,0000f2c01f4c00,117,117,U R F L,3
0000f2c81f4c00,0000f2c81f4c00,105,105,U R F L,3
0000f2c91cd200,0000f2c91cd200,60,31,U R D L,2
0000f2c91eda00,0000f2c91eda00,48,48,U R D L,2
0000f2ed1c9200,0000f2ed1c9200,24,24,U R D L,2
0000f30c1eda00,0000f30c1eda00,48,24,U R F L B,3
0000f30c1ede00,0000f30c1ede00,64,64,U R F L B,3
0000f38c1e4e00,0000f2881ede00,130,130,U R F L,3
0000f38c1ede00,0000f38c1ede00,46,46,U R F L,3
0000f4411fde00,0000f2881fde00,115,115,U R L B,3
0000f4801d0400,0000f4801d0400,4,2,U R L,2
0000f4801d0600,0000f4801d0c00,22,11,U R L,2
0000f4801d0c00,0000f4801d0600,22,11,U R L,2
0000f4801d0e00,0000f4801d0e00,86,43,U R L,2
0000f4801d1400,0000f4801d1400,13,13,U R L,2
0000f4801d1600,0000f4801d1c00,62,62,U R L,2
0000f4801d1c00,0000f4801d1600,62,62,U R L,2
0000f4801d1e00,0000f4801d1e00,205,205,U R L,2
0000f4801d5400,0000f4801d5400,42,21,U R L,2
0000f4801d5600,0000f4801d5c00,170,85,U R L,2
0000f4801d5c00,0000f4801d5600,170,85,U R L,2
0000f4801d5e00,0000f4801d5e00,468,234,U R L,2
0000f4801d8c00,0000f4801f0600,50,25,U R L,2
0000f4801d8e00,0000f4801f0e00,128,64,U R L,2
0000f4801d9c00,0000f4801f1600,119,119,U R L,2
0000f4801d9e00,0000f4801f1e00,248,248,U R L,2
0000f4801ddc00,0000f4801f5600,246,123,U R L,2
0000f4801dde00,0000f4801f5e00,284,142,U R L,2
0000f4801f0600,0000f4801d8c00,50,25,U R L,2
0000f4801f0e00,0000f4801d8e00,128,64,U R L,2
0000f4801f1600,0000f4801d9c00,119,119,U R L,2
0000f4801f1e00,0000f4801d9e00,248,248,U R L,2
0000f4801f5600,0000f4801ddc00,246,123,U R L,2
0000f4801f5e00,0000f4801dde00,284,142,U R L,2
0000f4801f8e00,0000f4801f8e00,50,25,U R L,2
0000f4801f9e00,0000f4801f9e00,74,74,U R L,2
0000f4801fde00,0000f4801fde00,98,49,U R L,2
0000f4811fcc00,0000f4841f9600,142,71,U R L,2
0000f4841f9600,0000f4811fcc00,142,71,U R L,2
0000f4891d0400,0000f4891d0400,5,5,U R L,2
0000f4891d0c00,0000f4891f0400,21,21,U R L,2
0000f4891d4400,0000f4891d4400,16,16,U R L,2
0000f4891d4c00,0000f4891f4400,56,56,U R L,2
0000f4891f0400,0000f4891d0c00,21,21,U R L,2
0000f4891f0c00,0000f4891f0c00,60,60,U R L,2
0000f4891f4400,0000f4891d4c00,56,56,U R L,2
0000f4891f4c00,0000f4891f4c00,132,132,U R L,2
0000f4c01d8c00,0000f5801f0600,54,27,U R L,2
0000f4c01dcc00,0000f5801f1600,74,74,U R L,2
0000f4c11d1600,0000f4c11d1600,10,10,U R L,2
0000f4c11d1e00,0000f4c11f1600,39,39,U R L,2
0000f4c11d5600,0000f4c11d5600,32,32,U R L,2
0000f4c11d5e00,0000f4c11f5600,102,102,U R L,2
0000f4c11d9e00,0000f5841f4e00,50,50,U R L,2
0000f4c11dcc00,0000f5841f1600,94,47,U R L,2
0000f4c11dde00,0000f5841f5e00,70,70,U R L,2
0000f4c11e9a00,0000f5841eca00,41,41,U R D L,2
0000f4c11eda00,0000f5841eda00,64,64,U R D L,2
0000f4c11f1600,0000f4c11d1e00,39,39,U R L,2
0000f4c11f1e00,0000f4c11f1e00,96,96,U R L,2
0000f4c11f5600,0000f4c11d5e00,102,102,U R L,2
0000f4c11f5e00,0000f4c11f5e00,148,148,U R L,2
0000f4c11f8c00,0000f5841f8600,44,44,U R L,2
0000f4c11f9e00,0000f5841fce00,38,38,U R L,2
0000f4c11fcc00,0000f5841f9600,64,64,U R L,2
0000f4c11fde00,0000f5841fde00,58,58,U R L,2
0000f4c51f9600,0000f4c51f9600,52,52,U R L,2
0000f4c91d0c00,0000f5891f0400,34,34,U R L,2
0000f4c91d4c00,0000f58d1f0400,52,52,U R L,2
0000f4c91f0c00,0000f5a41d8600,58,58,U R L,2
0000f4c91f4c00,0000f5a41d9600,76,76,U R L,2
0000f4e51d1600,0000f4e51d1600,12,12,U R L,2
0000f4e51d9600,0000f58d1f4c00,32,32,U R L,2
0000f5451fde00,0000f5451fde00,58,58,U R L B,3
0000f5801f0600,0000f4c01d8c00,54,27,U R L,2
0000f5801f1600,0000f4c01dcc00,74,74,U R L,2
0000f5841eca00,0000f4c11e9a00,41,41,U R D L,2
0000f5841eda00,0000f4c11eda00,64,64,U R D L,2
0000f5841f1600,0000f4c11dcc00,94,47,U R L,2
0000f5841f4e00,0000f4c11d9e00,50,50,U R L,2
0000f5841f5e00,0000f4c11dde00,70,70,U R L,2
0000f5841f8600,0000f4c11f8c00,44,44,U R L,2
0000f5841f9600,0000f4c11fcc00,64,64,U R L,2
0000f5841fce00,0000f4c11f9e00,38,38,U R L,2
0000f5841fde00,0000f4c11fde00,58,58,U R L,2
0000f5891f0400,0000f4c91d0c00,34,34,U R L,2
0000f58d1f0400,0000f4c91d4c00,52,52,U R L,2
0000f58d1f4c00,0000f4e51d9600,32,32,U R L,2
0000f5a41d8600,0000f4c91f0c00,58,58,U R L,2
0000f5a41d9600,0000f4c91f4c00,76,76,U R L,2
0000f5c01f8400,0000f5c01f8400,60,30,U R L,2
0000f5c11f8400,0000f5c11f8400,88,88,U R L,2
0000f5c51d5e00,0000f5c51d5e00,24,12,U R L,2
0000f5c51dde00,0000f5c51f5e00,46,23,U R L,2
0000f5c51f5e00,0000f5c51dde00,46,23,U R L,2
0000f5c51f8400,0000f5c51f8400,58,58,U R L,2
0000f5c51f9600,0000f5c51fcc00,40,40,U R L,2
0000f5c51fcc00,0000f5c51f9600,40,40,U R L,2
0000f5c51fde00,0000f5c51fde00,34,34,U R L,2
0000f5cd1f4c00,0000f5cd1f4c00,52,52,U R L,2
0000f6c01d0400,0000f6c01d0400,16,8,U R L,2
0000f6c01d4400,0000f6c01d4400,46,46,U R L,2
0000f6c01f0c00,0000f6c01f0c00,60,30,U R L,2
0000f6c01f4c00,0000f6c01f4c00,108,108,U R L,2
0000f6c11d4400,0000f6c11d4400,120,60,U R L,2
0000f6c11f4c00,0000f6c11f4c00,96,96,U R L,2
0000f6c91d0400,0000f6c91d0400,17,17,U R L,2
0000f6c91d4400,0000f6c91d4400,48,48,U R L,2
0000f6c91d9600,0000f6c91d9600,7,7,U R L,2
0000f6c91e9a00,0000f6c91e9a00,24,24,U R D L,2
0000f6c91eda00,0000f6c91eda00,42,42,U R D L,2
0000f6c91f0c00,0000f6c91f0c00,48,48,U R L,2
0000f6c91f4c00,0000f6c91f4c00,84,84,U R L,2
0000f6c91fde00,0000f6c91fde00,22,22,U R L,2
00015000ffde00,00015000ffde00,16,4,U R F L B,3
00015004739324,000150208c9f24,136,136,U R F D L B,3
000150208c9f24,00015004739324,136,136,U R F D L B,3
000150400f0d04,000150400f0d04,44,22,U R F L B,3
000150400f0d24,000150400f0d24,82,82,U R F L B,3
000150400f4d24,000150400f4d24,38,38,U R F L B,3
000150410dd724,000150410dd724,64,64,U R F L B,3
000150410ddf20,000150410fd624,44,44,U R F L B,3
000150410ddf24,000150410fd724,70,70,U R F L B,3
000150410e9b04,00015208629b04,15,8,U R F D L B,3
000150410e9b24,00015208629b24,27,27,U R F D L B,3
000150410edb24,0001520862db24,12,12,U R F D L,3
000150410f0d24,000150410f0d24,152,76,U R F L B,3
000150410f4d24,000150410f4d24,70,70,U R F L B,3
000150410fd624,000150410ddf20,44,44,U R F L B,3
000150410fd724,000150410ddf24,70,70,U R F L B,3
000150411c9b00,000150411c9b00,776,388,U R F D L B,3
000150411c9f00,000150411c9f00,878,878,U R F D L B,3
000150411cdb00,000150411eda00,547,547,U R F D L B,3
000150411cdf00,000150411fda00,436,436,U R F D L B,3
000150411d9f00,000150411d9f00,490,490,U R F D L B,3
000150411ddb00,000150411ede00,432,432,U R F D L B,3
000150411ddf00,000150411fde00,321,321,U R F L B,3
000150411eda00,000150411cdb00,547,547,U R F D L B,3
000150411ede00,000150411ddb00,432,432,U R F D L B,3
000150411fda00,000150411cdf00,436,436,U R F D L B,3
000150411fde00,000150411ddf00,321,321,U R F L B,3
000150416e9304,000150416e9304,38,38,U R F D L B,3
000150416f9704,000150416f9704,34,34,U R F L B,3
000150417e9a00,000150417e9a00,112,112,U R F D L B,3
000150417e9e00,00015041ef9204,85,85,U R F D L B,3
000150417ede00,00015041efd204,70,70,U R F D L B,3
000150417fde00,00015041efd604,46,46,U R F L B,3
000150419e9a00,00015041e29a04,77,39,U R F D L B,3
000150419e9e00,00015041e29e04,90,90,U R F D L B,3
000150419eda00,00015041e2da04,109,109,U R F D L B,3
000150419ede00,00015041e3da04,88,88,U R F D L B,3
000150419f9e00,00015041e39e04,103,52,U R F D L B,3
000150419fda00,00015041e2de04,91,91,U R F D L B,3
000150419fde00,00015041e3de04,70,70,U R F L B,3
00015041e29a04,000150419e9a00,77,39,U R F D L B,3
00015041e29e04,000150419e9e00,90,90,U R F D L B,3
00015041e2da04,000150419eda00,109,109,U R F D L B,3
00015041e2de04,000150419fda00,91,91,U R F D L B,3
00015041e39e04,000150419f9e00,103,52,U R F D L B,3
00015041e3da04,000150419ede00,88,88,U R F D L B,3
00015041e3de04,000150419fde00,70,70,U R F L B,3
00015041ef9204,000150417e9e00,85,85,U R F D L B,3
00015041efd204,000150417ede00,70,70,U R F D L B,3
00015041efd604,000150417fde00,46,46,U R F L B,3
00015041efde00,00015041efde00,64,64,U R F L B,3
00015045729724,000151451e1724,37,37,U R F L B,3
00015084728724,000150c10c9f04,82,82,U R F L,3
00015084729724,000150c10cdf04,73,73,U R F L,3
00015084739324,000150c19f5a00,88,88,U R F D L,3
000150c00f0d04,000150c00f0d04,38,38,U R F L,3
000150c00f0d24,000150c10f0d04,73,73,U R F L,3
000150c00f4d24,000150c90f0d04,35,35,U R F L,3
000150c10c9f04,00015084728724,82,82,U R F L,3
000150c10cdf04,00015084729724,73,73,U R F L,3
000150c10d9f04,000151841f4f00,79,79,U R F L,3
000150c10d9f24,000151cc1f0524,55,55,U R F L,3
000150c10dd724,000151cd1d0524,48,48,U R F L,3
000150c10ddf04,000151841f5f00,70,70,U R F L,3
000150c10ddf20,000151cd1f0424,27,27,U R F L,3
000150c10ddf24,000151cd1f0524,46,46,U R F L,3
000150c10e9b24,00015288629b24,48,25,U R F D L B,3
000150c10edb24,0001528862db24,21,21,U R F D L,3
000150c10f0d04,000150c00f0d24,73,73,U R F L,3
000150c10f0d24,000150c10f0d24,140,140,U R F L,3
000150c10f4d24,000150c90f0d24,67,67,U R F L,3
000150c10fd624,000151cd1d4d00,41,41,U R F L,3
000150c10fd724,000151cd1f4d00,64,64,U R F L,3
000150c10fdf24,000153cd730524,11,11,U R F L,3
000150c11ddb00,000150c11fda00,277,277,U R F D L,3
000150c11ddf00,000151841ddf00,166,166,U R F L,3
000150c11fda00,000150c11ddb00,277,277,U R F D L,3
000150c11fde00,000151841d9724,162,162,U R F L,3
000150c16e9324,000150c16e9324,70,70,U R F D L B,3
000150c16f9724,000151c57f0524,31,31,U R F L,3
000150c17fde00,000151847f9624,37,37,U R F L,3
000150c18fda04,000150c18fda04,28,28,U R F D L,3
000150c19f5a00,00015084739324,88,88,U R F D L,3
000150c19fda00,000150c1e3da04,52,52,U R F D L,3
000150c19fde00,00015184739724,31,31,U R F L,3
000150c1e3da04,000150c19fda00,52,52,U R F D L,3
000150c1e3de04,000151841fdf00,34,34,U R F L,3
000150c1ee9204,000150c1ee9204,82,82,U R F D L B,3
000150c1ef9204,000151041cdf24,70,70,U R F D L B,3
000150c1efd204,000151847ddb00,55,55,U R F D L,3
000150c1efde00,000151847d9724,46,46,U R F L,3
000150c5729724,000151c51e1724,25,25,U R F L,3
000150c90f0d04,000150c00f4d24,35,35,U R F L,3
000150c90f0d24,000150c10f4d24,67,67,U R F L,3
000151041cdf24,000150c1ef9204,70,70,U R F D L B,3
000151041ddf24,000151041ddf24,58,58,U R F L B,3
000151041fde24,0001510471df24,40,40,U R F L B,3
0001510471df24,000151041fde24,40,40,U R F L B,3
000151441f4d24,000151441f4d24,34,34,U R F L B,3
000151451d9724,000151451d9724,164,82,U R F L B,3
000151451ddf00,000151451ddf00,144,72,U R F L B,3
000151451ddf24,000151451fde24,37,37,U R F L B,3
000151451e1724,00015045729724,37,37,U R F L B,3
000151451fde24,000151451ddf24,37,37,U R F L B,3
000151451fdf00,0001530c739724,34,17,U R F L B,3
000151457d9724,000151457f9624,40,20,U R F L B,3
000151457f9624,000151457d9724,40,20,U R F L B,3
000151841d9724,000150c11fde00,162,162,U R F L,3
000151841ddf00,000150c11ddf00,166,166,U R F L,3
000151841ddf24,000152c91fde00,43,43,U R F L,3
000151841f4f00,000150c10d9f04,79,79,U R F L,3
000151841f5f00,000150c10ddf04,70,70,U R F L,3
000151841fdf00,000150c1e3de04,34,34,U R F L,3
00015184739724,000150c19fde00,31,31,U R F L,3
000151847d9724,000150c1efde00,46,46,U R F L,3
000151847ddb00,000150c1efd204,55,55,U R F D L,3
000151847f9624,000150c17fde00,37,37,U R F L,3
000151c51d9724,000151c51d9724,100,100,U R F L,3
000151c51ddf00,000151c51ddf00,100,100,U R F L,3
000151c51ddf24,000153cd1d9724,25,25,U R F L,3
000151c51e1724,000150c5729724,25,25,U R F L,3
000151c51f4d24,000152c90ddf04,31,31,U R F L,3
000151c51f9724,000151c5739724,22,22,U R F L,3
000151c51fde24,000153cd1ddf00,34,34,U R F L,3
000151c51fdf00,0001538c739724,22,22,U R F L,3
000151c51fdf24,000153cd739724,13,13,U R F L,3
000151c5739724,000151c51f9724,22,22,U R F L,3
000151c57d9724,000151c57f9624,31,31,U R F L,3
000151c57f0524,000150c16f9724,31,31,U R F L,3
000151c57f9624,000151c57d9724,31,31,U R F L,3
000151c57f9724,000151c57f9724,13,13,U R F L,3
000151cc1f0524,000150c10d9f24,55,55,U R F L,3
000151cd1d0524,000150c10dd724,48,48,U R F L,3
000151cd1d4d00,000150c10fd624,41,41,U R F L,3
000151cd1f0424,000150c10ddf20,27,27,U R F L,3
000151cd1f0524,000150c10ddf24,46,46,U R F L,3
000151cd1f4d00,000150c10fd724,64,64,U R F L,3
00015208629b04,000150410e9b04,15,8,U R F D L B,3
00015208629b24,000150410e9b24,27,27,U R F D L B,3
0001520862db24,000150410edb24,12,12,U R D L B,3
00015288629b24,000150c10e9b24,48,25,U R F D L B,3
0001528862db24,000150c10edb24,21,21,U R D L B,3
000152c90ddf04,000151c51f4d24,31,31,U R F L,3
000152c91fde00,000151841ddf24,43,43,U R F L,3
0001530c739724,000151451fdf00,34,17,U R F L B,3
0001538c739724,000151c51fdf00,22,22,U R F L,3
000153cd1d9724,000151c51ddf24,25,25,U R F L,3
000153cd1ddf00,000151c51fde24,34,34,U R F L,3
000153cd730524,000150c10fdf24,11,11,U R F L,3
000153cd739724,000151c51fdf24,13,13,U R F L,3
000154800dd724,000154800ddf20,36,36,U R L,2
000154800ddf20,000154800dd724,36,36,U R L,2
000154800ddf24,000154800ddf24,52,52,U R L,2
000154801ddf00,000154808fde00,48,24,U R L,2
000154801fde00,000154801fde00,56,28,U R L,2
000154806dd724,000154806dd724,24,24,U R L,2
000154807fde00,00015480efde00,34,17,U R L,2
000154808fde00,000154801ddf00,48,24,U R L,2
00015480efde00,000154807fde00,34,17,U R L,2
000154c10cd324,000154c10cd324,38,19,U R D L,2
000154c10cdb20,000154c10cdb20,28,28,U R D L,2
000154c10cdb24,000154c10cdb24,46,46,U R D L,2
000154c10dd724,000154c10dd724,32,32,U R L,2
000154c10ddf20,000154c10fd624,24,24,U R L,2
000154c10ddf24,000154c10fd724,40,40,U R L,2
000154c10fd624,000154c10ddf20,24,24,U R L,2
000154c10fd724,000154c10ddf24,40,40,U R L,2
000154c11fde00,000154c18fde00,42,42,U R L,2
000154c16cd324,000154c16ed224,23,23,U R D L,2
000154c16dd724,000154c16fd624,20,20,U R L,2
000154c16ed224,000154c16cd324,23,23,U R D L,2
000154c16ed324,000154c16ed324,32,32,U R D L,2
000154c16fd624,000154c16dd724,20,20,U R L,2
000154c16fd724,000154c16fd724,28,28,U R L,2
000154c18fde00,000154c11fde00,42,42,U R L,2
000154c1efde00,000154c1efde00,28,28,U R L,2
000154c90d4524,000154c90d4524,28,14,U R L,2
000154c90d4d20,000154c90f4424,20,10,U R L,2
000154c90d4d24,000154c90f4524,46,23,U R L,2
000154c90f4424,000154c90d4d20,20,10,U R L,2
000154c90f4524,000154c90d4d24,46,23,U R L,2
000154c90f4d24,000154c90f4d24,32,16,U R L,2
000155841ddf24,000155841ddf24,28,28,U R L,2
000155c51d9724,000155c51d9724,36,18,U R L,2
000155c51ddf00,000155c51f9624,28,14,U R L,2
000155c51ddf24,000155c51fde24,22,22,U R L,2
000155c51f9624,000155c51ddf00,28,14,U R L,2
000155c51fde24,000155c51ddf24,22,22,U R L,2
000155c57d9724,000155c57f9624,22,11,U R L,2
000155c57f9624,000155c57d9724,22,11,U R L,2
000155c57fde24,000155c57fde24,16,16,U R L,2
000155cd1d4d24,000155cd1f4c24,20,20,U R L,2
000155cd1f4c24,000155cd1d4d24,20,20,U R L,2
000155cd1f4d24,000155cd1f4d24,28,28,U R L,2
000156c96edb24,000156c96edb24,9,5,U R D L,2
000156c96f4d24,000156c96f4d24,6,3,U R L,2
000156c96fdf24,000156c96fdf24,8,8,U R L,2
000157cd1ddf24,000157cd1ddf24,16,8,U R L,2
000157cd7fdf24,000157cd7fdf24,10,5,U R L,2
000450010c000b,000450010c000b,1,1,R F D,3
000450010c000f,000450010c000f,18,6,R F D,3
000450010c002b,000450010c002b,4,4,R F D,3
000450010c002f,000450010c002f,62,62,R F D,3
000450010c004f,000450010c004f,129,43,R F D,3
000450010c006f,000450010c006f,370,370,R F D,3
000450010c00ab,000450010c00ab,15,15,R F D,3
000450010c00af,000450010c00af,196,196,R F D,3
000450010c00ef,000450010c00ef,970,970,R F D,3
000450010c014f,000450010c014f,450,152,R F D,3
000450010c016f,000450010c016f,1048,1048,R F D,3
000450010c01ef,000450010c01ef,2213,2213,R F D,3
000450010c080f,000450010c080f,9,3,R F D,3
000450010c082f,000450010c082f,30,30,R F D,3
000450010c084f,000450010c084f,114,38,R F D,3
000450010c086f,000450010c086f,310,310,R F D,3
000450010c08af,000450010c08af,91,91,R F D,3
000450010c08ef,000450010c08ef,782,782,R F D,3
000450010c094f,000450010c094f,477,159,R F D,3
000450010c096f,000450010c096f,1048,1048,R F D,3
000450010c09ef,000450010c09ef,2054,2054,R F D,3
000450010c402b,000450010c402b,2,2,R F D,3
000450010c402f,000450010c402f,26,26,R F D,3
000450010c406f,000450010c406f,126,126,R F D,3
000450010c40ab,000450010d00ab,7,7,R F D,3
000450010c40af,000450010d00af,74,74,R F D,3
000450010c40ef,000450010d00ef,293,293,R F D,3
000450010c416f,000450010c416f,286,286,R F D,3
000450010c41ef,000450010d01ef,515,515,R F D,3
000450010c482f,000450010c482f,12,12,R F D,3
000450010c486f,000450010c486f,100,100,R F D,3
000450010c48af,000450010d08af,32,32,R F D,3
000450010c48ef,000450010d08ef,228,228,R F D,3
000450010c496f,000450010c496f,282,282,R F D,3
000450010c49ef,000450010d09ef,279,279,R F D,3
000450010c884f,000450010c884f,21,7,R F D,3
000450010c886f,000450010c886f,52,52,R F D,3
000450010d00ab,000450010c40ab,7,7,R F D,3
000450010d00af,000450010c40af,74,74,R F D,3
000450010d00ef,000450010c40ef,293,293,R F D,3
000450010d01ef,000450010c41ef,515,515,R F D,3
000450010d08af,000450010c48af,32,32,R F D,3
000450010d08ef,000450010c48ef,228,228,R F D,3
000450010d09ef,000450010c49ef,279,279,R F D,3
000450010e094f,000450010e094f,29,29,R F D,3
000450010e096f,000450010e09cf,45,45,R F D,3
000450010e09cf,000450010e096f,45,45,R F D,3
000450010e09ef,000450010e09ef,70,70,R F D,3
000450010e41ef,000450010f01ef,220,220,R F D,3
000450010f01ef,000450010e41ef,220,220,R F D,3
000450011c094b,000450011c094b,807,269,R F D,3
000450011c09cb,000450011c09cb,1484,1484,R F D,3
000450011c49cb,000450011c49cb,2459,2459,R F D,3
000450011d09cb,000450011d09cb,282,282,R F D,3
000450011d49cb,000450410c41ef,339,339,R F D,3
000450011e094b,000450011e094b,870,290,R F D,3
000450011e09cb,000450011e09cb,1414,1414,R F D,3
000450011e49cb,000450011e49cb,2094,2094,R F D,3
000450011f09cb,000450410c496f,53,53,R F D,3
000450011f49cb,000450410c49ef,71,71,R F D,3
000450018f08cf,000450018f08cf,80,80,R F D,3
000450018f48cf,000450c10d09cf,98,98,R F D,3
000450018f888f,000450018f888f,100,100,R F D,3
000450018fc88f,000450818f888f,88,88,R F D,3
000450051c002f,000450051c002f,4,4,R F D,3
000450051c006f,000450051c006f,51,51,R F D,3
000450051c00af,000450851c002f,14,14,R F D,3
000450051c00ef,000450851c006f,148,148,R F D,3
000450051c016f,000450051c016f,229,229,R F D,3
000450051c01ef,000450851c016f,540,540,R F D,3
000450051c806f,000450051c806f,23,23,R F D,3
000450051c80ef,000450851c806f,64,64,R F D,3
000450051c816f,000450051c816f,160,160,R F D,3
000450051c81ef,000450851c816f,369,369,R F D,3
000450051d00af,000454851c002f,6,6,R F D,3
000450051d00ef,000454851c006f,50,50,R F D,3
000450051d01ef,000454851c016f,146,146,R F D,3
000450051d80ef,000454851e012f,20,20,R F D,3
000450051d81ef,000454c51e012f,60,60,R F D,3
000450259c012f,000450259c012f,4,4,R F D,3
000450259c016f,000450259c016f,40,40,R F D,3
000450259c01af,000450a59c012f,13,13,R F D,3
000450259c01ef,000450a59c016f,94,94,R F D,3
000450410c41ef,000450011d49cb,339,339,R F D,3
000450410c496f,000450011f09cb,53,53,R F D,3
000450410c49ef,000450011f49cb,71,71,R F D,3
000450410e094f,000450410e094f,22,22,R F D,3
000450410e096f,000450410e096f,38,38,R F D,3
000450410e09cf,000450c10e094f,34,34,R F D,3
000450410e09ef,000450c10e096f,59,59,R F D,3
000450410e41ef,000450418f488f,62,62,R F D,3
000450410e496f,000450410e496f,16,16,R F D,3
000450410e49ef,000450c10e496f,25,25,R F D,3
000450411c094b,000450411c094b,711,237,R F D,3
000450411c09cb,000450411c09cb,994,994,R F D,3
000450411c49cb,000450411c49cb,1277,1277,R F D,3
000450411e094b,000450411e094b,495,165,R F D,3
000450411e09cb,000450418e88cb,109,109,R F D,3
000450411e494b,000450411e88cb,139,139,R F D,3
000450411e49cb,000450c18e484f,91,91,R F D,3
000450411e88cb,000450411e494b,139,139,R F D,3
000450418e08cf,000450418e08cf,154,154,R F D,3
000450418e48cf,000450418ec88f,124,124,R F D,3
000450418e88cb,000450411e09cb,109,109,R F D,3
000450418ec88f,000450418e48cf,124,124,R F D,3
000450418f488f,000450410e41ef,62,62,R F D,3
000450451c016f,000450451c016f,470,470,R F D,3
000450451c01ef,000450c51c016f,871,871,R F D,3
000450451c816f,000450451c816f,72,72,R F D,3
000450451d01ef,000454c51c016f,152,152,R F D,3
000450451d816f,000450c51c816f,97,97,R F D,3
000450451e016f,000450451e016f,252,252,R F D,3
000450451e01ef,000450c51e016f,279,279,R F D,3
000450618d09ef,000454c51e016f,42,42,R F D,3
000450659c016f,000450659c016f,128,128,R F D,3
000450659c01ef,000450e59c016f,86,86,R F D,3
000450810c00ab,000450810c00ab,50,18,R F D,3
000450810c00af,000450810c00af,558,186,R F D,3
000450810c00ef,000450810c00ef,2304,768,R F D,3
000450810c01ef,000450810c01ef,4210,1406,R F D,3
000450810c08af,000450810c08af,258,86,R F D,3
000450810c08ef,000450810c08ef,1794,598,R F D,3
000450810c09ef,000450810c09ef,3552,1184,R F D,3
000450810c40ab,000450810c40ab,20,20,R F D,3
000450810c40af,000450810c40af,180,180,R F D,3
000450810c40ef,000450810c40ef,596,596,R F D,3
000450810c41ef,000450810c41ef,798,798,R F D,3
000450810c48af,000450810c48af,80,80,R F D,3
000450810c48ef,000450810c48ef,480,480,R F D,3
000450810c49ef,000450810c49ef,252,252,R F D,3
000450810d09ef,000450818dc88f,192,192,R F D,3
000450811c49cb,000450811c49cb,3732,1244,R F D,3
000450811d49cb,000450811d49cb,396,396,R F D,3
000450811e49cb,000450811e49cb,2364,788,R F D,3
000450811f49cb,000450c10c49ef,80,80,R F D,3
000450818dc88f,000450810d09ef,192,192,R F D,3
000450818e48cf,000450818e48cf,130,130,R F D,3
000450818ec0cf,000450818ec0cf,52,52,R F D,3
000450818f888f,000450018fc88f,88,88,R F D,3
000450818fc88f,000450818fc88f,76,76,R F D,3
000450851c002f,000450051c00af,14,14,R F D,3
000450851c006f,000450051c00ef,148,148,R F D,3
000450851c00af,000450851c00af,43,43,R F D,3
000450851c00ef,000450851c00ef,386,386,R F D,3
000450851c016f,000450051c01ef,540,540,R F D,3
000450851c01ef,000450851c01ef,1146,1146,R F D,3
000450851c806f,000450051c80ef,64,64,R F D,3
000450851c80ef,000450851c80ef,171,171,R F D,3
000450851c816f,000450051c81ef,369,369,R F D,3
000450851d00af,000454851c00af,15,15,R F D,3
000450851d00ef,000454851c00ef,108,108,R F D,3
000450851d01ef,000454851c01ef,247,247,R F D,3
000450851d80ef,000454851e01af,48,48,R F D,3
000450851d816f,000450851e01ef,292,292,R F D,3
000450851e01ef,000450851d816f,292,292,R F D,3
000450a18d09ef,000454c51e01af,78,78,R F D,3
000450a59c012f,000450259c01af,13,13,R F D,3
000450a59c016f,000450259c01ef,94,94,R F D,3
000450a59c01af,000450a59c01af,36,36,R F D,3
000450a59c01ef,000450a59c01ef,82,82,R F D,3
000450a59d016f,000450a59d016f,82,82,R F D,3
000450c10c49ef,000450811f49cb,80,80,R F D,3
000450c10d09cf,000450018f48cf,98,98,R F D,3
000450c10d09ef,000450c10d09ef,116,116,R F D,3
000450c10e094f,000450410e09cf,34,34,R F D,3
000450c10e096f,000450410e09ef,59,59,R F D,3
000450c10e09cf,000450c10e09cf,46,46,R F D,3
000450c10e09ef,000450c10e09ef,80,80,R F D,3
000450c10e496f,000450410e49ef,25,25,R F D,3
000450c10e49ef,000450c10e49ef,34,34,R F D,3
000450c11c49cb,000450c11c49cb,1560,520,R F D,3
000450c11d49cb,000450c18f48cb,31,31,R F D,3
000450c11e49cb,000450c18e48cf,76,76,R F D,3
000450c11ec8cb,000450c11ec8cb,94,94,R F D,3
000450c11f48cb,000450c11f48cb,34,34,R F D,3
000450c11f49cb,000450c18fc88f,46,46,R F D,3
000450c18e484f,000450411e49cb,91,91,R F D,3
000450c18e48cf,000450c11e49cb,76,76,R F D,3
000450c18e80cf,000450c18e80cf,55,55,R F D,3
000450c18ec0cf,000452c11c49cb,37,37,R F D,3
000450c18f48cb,000450c11d49cb,31,31,R F D,3
000450c18fc88f,000450c11f49cb,46,46,R F D,3
000450c51c016f,000450451c01ef,871,871,R F D,3
000450c51c01ef,000450c51c01ef,1449,1449,R F D,3
000450c51c816f,000450451d816f,97,97,R F D,3
000450c51d01ef,000454c51c01ef,161,161,R F D,3
000450c51e016f,000450451e01ef,279,279,R F D,3
000450c51e01ef,000450e18c09ef,162,162,R F D,3
000450e18c09ef,000450c51e01ef,162,162,R F D,3
000450e18d09ef,000454c51e01ef,60,60,R F D,3
000450e59c016f,000450659c01ef,86,86,R F D,3
000450e59c01ef,000450e59c01ef,46,46,R F D,3
000450e59c812f,000451051e48ef,82,82,R F D,3
000450e59d812f,000451851e48ef,61,61,R F D,3
000451051e48ef,000450e59c812f,82,82,R F D,3
000451451c016f,000451451c016f,447,447,R F D,3
000451451c01ef,000451c51c016f,626,626,R F D,3
000451451c49ef,000451c51e486f,26,26,R F D,3
000451451c816f,000451451e016f,67,67,R F D,3
000451451d816f,000451c51e016f,61,61,R F D,3
000451451e016f,000451451c816f,67,67,R F D,3
000451451e01ef,000451c51c816f,61,61,R F D,3
000451851c81ef,000453c51c01af,49,49,R F D,3
000451851d81ef,000455c51e01af,40,40,R F D,3
000451851e48ef,000450e59d812f,61,61,R F D,3
000451c51c016f,000451451c01ef,626,626,R F D,3
000451c51c01ef,000451c51c01ef,805,805,R F D,3
000451c51c49ef,000451c51e48ef,31,31,R F D,3
000451c51c816f,000451451e01ef,61,61,R F D,3
000451c51c81ef,000453c51c01ef,40,40,R F D,3
000451c51d01ef,000455c51c01ef,22,22,R F D,3
000451c51d49cb,000455c51e00ef,27,27,R F D,3
000451c51d816f,000451c51e01ef,55,55,R F D,3
000451c51d81ef,000455c51e01ef,34,34,R F D,3
000451c51e016f,000451451d816f,61,61,R F D,3
000451c51e01ef,000451c51d816f,55,55,R F D,3
000451c51e486f,000451451c49ef,26,26,R F D,3
000451c51e48ef,000451c51c49ef,31,31,R F D,3
000451c51e49ef,000451c51e49ef,16,16,R F D,3
000452c11c49cb,000450c18ec0cf,37,37,R F D,3
000453c51c01af,000451851c81ef,49,49,R F D,3
000453c51c01ef,000451c51c81ef,40,40,R F D,3
000454851c002f,000450051d00af,6,6,R F D,3
000454851c006f,000450051d00ef,50,50,R F D,3
000454851c00af,000450851d00af,15,15,R F D,3
000454851c00ef,000450851d00ef,108,108,R F D,3
000454851c016f,000450051d01ef,146,146,R F D,3
000454851c01ef,000450851d01ef,247,247,R F D,3
000454851e012f,000450051d80ef,20,20,R F D,3
000454851e01af,000450851d80ef,48,48,R F D,3
000454c51c016f,000450451d01ef,152,152,R F D,3
000454c51c01ef,000450c51d01ef,161,161,R F D,3
000454c51e012f,000450051d81ef,60,60,R F D,3
000454c51e016f,000450618d09ef,42,42,R F D,3
000454c51e01af,000450a18d09ef,78,78,R F D,3
000454c51e01ef,000450e18d09ef,60,60,R F D,3
000455c51c01ef,000451c51d01ef,22,22,R F D,3
000455c51e00ef,000451c51d49cb,27,27,R F D,3
000455c51e01af,000451851d81ef,40,40,R F D,3
000455c51e01ef,000451c51d81ef,34,34,R F D,3
00055004700027,00055004700027,25,9,U R F D L B,3
00055004700127,00055004700127,246,82,U R F D L B,3
00055004701027,00055004701027,60,60,U R F D L B,3
00055004701127,00055004701127,468,468,U R F D L B,3
00055004708127,00055004708127,744,248,U R F D L B,3
00055004709127,00055004709127,1168,1168,U R F D L B,3
00055004711027,00055004711027,95,95,U R F L B,3
00055004711127,00055004711127,621,621,U R F L B,3
00055004719127,00055004719127,1281,1281,U R F L B,3
00055004720127,00055004720127,96,32,U R F D L B,3
00055004721127,00055004721127,92,92,U R F D L B,3
00055024f00127,00055024f00127,16,16,U R F D B,3
00055024f08127,00055024f08127,76,76,U R F D B,3
00055024f10127,000550a4f00127,37,37,U R F D B,3
000550a4f00127,00055024f10127,37,37,U R F D B,3
000550c11fc80b,000550c18fc80b,121,41,R F D,3
000550c18fc80b,000550c11fc80b,121,41,R F D,3
000550c18fc80f,000550c18fc80f,22,22,R F D,3
00055104708127,00055104708127,580,194,U R F D L B,3
00055104709127,00055104709127,812,812,U R F D L B,3
00055104719127,00055104719127,770,770,U R F L B,3
00055104720127,00055104720127,75,75,U R F D L B,3
00055104721127,00055208639107,88,88,U R F D L B,3
00055104728027,00055104728027,285,95,U R F D L B,3
00055104729027,00055104729027,354,354,U R F D L B,3
00055104739027,00055104739027,277,277,U R F L B,3
000551051e012f,000551051e012f,38,38,R F D,3
000551851e012f,000751051d802f,59,59,R F D,3
000551c51d812f,000551c51d812f,76,76,R F D,3
000551c51f802f,000551c51f802f,83,83,R F D,3
00055208639107,00055104721127,88,88,U R F D L B,3
000552618c092f,000552618c092f,15,15,R F D,3
000552e18c092f,000aa98c38026f,27,27,R F D,3
00055400610003,00055400610003,12,7,U R L B,3
00055400610007,00055400610007,136,68,U R L B,3
00055400610023,00055400610023,34,34,U R L B,3
00055400610027,00055400610027,332,332,U R L B,3
00055400610107,00055400610107,554,280,U R L B,3
00055400610127,00055400610127,1124,1124,U R L B,3
00055400610807,00055400610807,52,27,U R L B,3
00055400610827,00055400610827,128,128,U R L B,3
00055400611023,00055400611023,88,46,U R L B,3
00055400611027,00055400611027,744,372,U R L B,3
00055400611127,00055400611127,2072,1040,U R L B,3
00055400611827,00055408614807,67,34,U R L B,3
00055400615807,00055408610827,85,43,U R L B,3
00055400618107,00055400618107,1042,521,U R L B,3
00055400618127,00055400618127,1708,1708,U R L B,3
00055400618807,00055400618807,164,164,U R L B,3
00055400618827,00055408e10807,61,61,U R L B,3
00055400619127,00055400619127,2568,1284,U R L B,3
00055400619807,00055400631107,105,105,U R L B,3
00055400619827,00055608614807,55,55,U R L B,3
0005540061c807,0005540061c807,94,94,U R L B,3
00055400630127,00055400630827,79,79,U R L B,3
00055400630827,00055400630127,79,79,U R L B,3
00055400631107,00055400619807,105,105,U R L B,3
00055400631127,00055408630827,73,73,U R L B,3
00055400639107,00055400639107,106,106,U R L B,3
00055400639127,00055608630827,61,61,U R L B,3
00055400738803,00055400738803,916,460,U R L B,3
00055400739803,00055400739803,1186,1186,U R L B,3
0005540073d803,0005540073d803,566,284,U R L B,3
00055400e18807,00069400c38807,91,46,U R L B,3
00055400e3d007,00055400e3d007,890,446,U R L B,3
00055400f30803,00069c00e10807,73,37,U R L B,3
00055400f31803,00069c08e10807,67,67,U R L B,3
00055400f39803,00069e08e10807,55,55,U R L B,3
00055404710027,00055404710027,25,25,U R L B,3
00055404710127,00055404710127,183,183,U R L B,3
00055404711027,00055404711027,60,60,U R L B,3
00055404711127,00055404711127,380,380,U R L B,3
00055404718127,00055404718127,464,464,U R L B,3
00055404719127,00055404719127,774,774,U R L B,3
00055408610827,00055400615807,85,43,U R L B,3
00055408614807,00055400611827,67,34,U R L B,3
00055408630827,00055400631127,73,73,U R L B,3
00055408e10807,00055400618827,61,61,U R L B,3
00055504718127,00055504718127,338,338,U R L B,3
00055504719127,00055608e3d007,234,234,U R L B,3
00055504738027,00055504738027,146,146,U R L B,3
00055504739027,00055504739027,164,164,U R L B,3
000555851e002f,000aa4c51c802f,12,12,R F D,3
000555851e012f,000aa4c51c806f,21,21,R F D,3
00055600e10807,00069c00c18807,55,28,U R L B,3
00055608614807,00055400619827,55,55,U R L B,3
00055608619807,00055608619807,45,45,U R L B,3
00055608630827,00055400639127,61,61,U R L B,3
00055608639107,00055608639107,58,58,U R L B,3
00055608639127,00055608639827,43,43,U R L B,3
00055608639827,00055608639127,43,43,U R L B,3
00055608e10807,00069c00c1884b,49,49,U R L B,3
00055608e3d007,00055504719127,234,234,U R L B,3
00055608f39803,00069e08e19807,37,37,U R L B,3
0005560c719027,0005560c719027,38,20,U R L B,3
0005560c719127,0005560c719127,178,89,U R L B,3
000556e18c092f,000aad8c38026f,12,12,R F D,3
0005570c719127,0005570c739027,83,42,U R L B,3
0005570c739027,0005570c719127,83,42,U R L B,3
000651051ec82f,000651051ec82f,52,52,R F D,3
000651051fc82f,000651c51c486f,46,46,R F D,3
000651851f486f,000651851f486f,40,40,R F D,3
000651c51c486f,000651051fc82f,46,46,R F D,3
000651c51f482f,000651c51f482f,40,40,R F D,3
000651c51f486f,000651c51fc82f,25,25,R F D,3
000651c51fc82f,000651c51f486f,25,25,R F D,3
00069208e1984b,00069608e0904f,61,61,U F D L B,3
00069400c3484f,00069c20c1884b,43,22,U R L B,3
00069400c38807,00055400e18807,91,46,U R L B,3
00069400c3884b,00069400e31807,58,58,U R L B,3
00069400e31807,00069400c3884b,58,58,U R L B,3
00069400e39807,00069400e39807,46,46,U R L B,3
00069608c34807,00069c28e10807,61,31,U R L B,3
00069608e0904f,00069208e1984b,61,61,U F D L B,3
00069608e34807,00069e28e10807,49,49,U R L B,3
00069608e3484f,00069e28e19807,31,31,U R L B,3
00069c00c18807,00055600e10807,55,28,U R L B,3
00069c00c1884b,00055608e10807,49,49,U R L B,3
00069c00e10807,00055400f30803,73,37,U R L B,3
00069c08e10807,00055400f31803,67,67,U R L B,3
00069c20c1884b,00069400c3484f,43,22,U R L B,3
00069c28e10807,00069608c34807,61,31,U R L B,3
00069e08e10807,00055400f39803,55,55,U R L B,3
00069e08e19807,00055608f39803,37,37,U R L B,3
00069e28e10807,00069608e34807,49,49,U R L B,3
00069e28e19807,00069608e3484f,31,31,U R L B,3
00069e28e3484b,00069e28e3484b,76,38,U R L B,3
000751051d802f,000551851e012f,59,59,R F D,3
000751451d802f,000751851e802f,37,37,R F D,3
000751851d802f,000751851d802f,89,89,R F D,3
000751851e802f,000751451d802f,37,37,R F D,3
000751851f802f,000751c51d802f,34,34,R F D,3
000751c51d802f,000751851f802f,34,34,R F D,3
000751c51f802f,000751c51f802f,19,19,R F D,3
0007d208e1d003,0007d208e1d003,58,58,U R F L B,3
0007d208e1d007,0007d208e1d007,46,46,U R F L B,3
0007d208e3d003,0007d208e3d003,40,40,U R F L B,3
0007d208e3d007,0007d208e3d007,34,34,U R F L B,3
0007d400e10003,0007d400e10003,10,10,U R L B,3
0007d400e10007,0007d400e10007,42,42,U R L B,3
0007d400e11003,0007d400e14003,25,25,U R L B,3
0007d400e11007,0007d400e14007,90,90,U R L B,3
0007d400e14003,0007d400e11003,25,25,U R L B,3
0007d400e14007,0007d400e11007,90,90,U R L B,3
0007d400e15003,0007d400e15003,60,60,U R L B,3
0007d400e15007,0007d408e14007,91,91,U R L B,3
0007d400e19003,0007d400e34003,22,22,U R L B,3
0007d400e19007,0007d400e34007,64,64,U R L B,3
0007d400e1d003,0007d400e35003,49,49,U R L B,3
0007d400e1d007,0007d408e34007,43,43,U R L B,3
0007d400e34003,0007d400e19003,22,22,U R L B,3
0007d400e34007,0007d400e19007,64,64,U R L B,3
0007d400e35003,0007d400e1d003,49,49,U R L B,3
0007d400e35007,0007dc20e19003,46,46,U R L B,3
0007d400e3d003,0007d400e3d003,34,34,U R L B,3
0007d400e3d007,0007dc20e19803,31,31,U R L B,3
0007d408e14007,0007d400e15007,91,91,U R L B,3
0007d408e34007,0007d400e1d007,43,43,U R L B,3
0007d600e10007,0007d600e10007,68,68,U R L B,3
0007d600e14007,0007d608e10007,90,90,U R L B,3
0007d608e10007,0007d600e14007,90,90,U R L B,3
0007d608e14007,0007d608e14007,70,70,U R L B,3
0007d608e19003,0007dc20e34003,16,16,U R L B,3
0007d608e19007,0007dc20e34007,46,46,U R L B,3
0007d608e1d003,0007dc20e35003,37,37,U R L B,3
0007d608e1d007,0007dc28e34007,31,31,U R L B,3
0007d608e34007,000bec20e19007,40,40,U R L B,3
0007d608e3d003,0007dc20e3d003,28,28,U R L B,3
0007d608e3d007,000bec20e3d007,25,25,U R L B,3
0007dc00e19007,0007de20e10803,23,23,U R L B,3
0007dc20e11007,0007dc20e11007,52,52,U R L B,3
0007dc20e19003,0007d400e35007,46,46,U R L B,3
0007dc20e19007,0007de28e10803,28,28,U R L B,3
0007dc20e19803,0007d400e3d007,31,31,U R L B,3
0007dc20e34003,0007d608e19003,16,16,U R L B,3
0007dc20e34007,0007d608e19007,46,46,U R L B,3
0007dc20e35003,0007d608e1d003,37,37,U R L B,3
0007dc20e35007,0007de28e19003,34,34,U R L B,3
0007dc20e3d003,0007d608e3d003,28,28,U R L B,3
0007dc20e3d007,0007de28e19803,25,25,U R L B,3
0007dc28e34007,0007d608e1d007,31,31,U R L B,3
0007de08e10007,000bee20e10007,26,26,U R L B,3
0007de08e19007,000bee20e34007,17,17,U R L B,3
0007de20e10803,0007dc00e19007,23,23,U R L B,3
0007de28e10007,000bee28e10007,31,31,U R L B,3
0007de28e10803,0007dc20e19007,28,28,U R L B,3
0007de28e19003,0007dc20e35007,34,34,U R L B,3
0007de28e19007,000bee28e34007,22,22,U R L B,3
0007de28e19803,0007dc20e3d007,25,25,U R L B,3
0007de28e34007,000bee28e19007,28,28,U R L B,3
0007de28e3d003,0007de28e3d003,22,22,U R L B,3
0007de28e3d007,000bee28e3d007,19,19,U R L B,3
000aa4c51c802f,000555851e002f,12,12,F D L,3
000aa4c51c806f,000555851e012f,21,21,F D L,3
000aa98c38026f,000552e18c092f,27,27,F D L,3
000aad8c38026f,000556e18c092f,12,12,F D L,3
000bec20e19007,0007d608e34007,40,40,U R L B,3
000bec20e3d007,0007d608e3d007,25,25,U R L B,3
000bee20e10007,0007de08e10007,26,26,U R L B,3
000bee20e34007,0007de08e19007,17,17,U R L B,3
000bee28e10007,0007de28e10007,31,31,U R L B,3
000bee28e19007,0007de28e34007,28,28,U R L B,3
000bee28e34007,0007de28e19007,22,22,U R L B,3
000bee28e3d007,0007de28e3d007,19,19,U R L B,3
000cf0051c002f,000cf0051c002f,1,1,F D,2
000cf0051c006f,000cf0051c006f,7,7,F D,2
000cf0051c00af,000cf0051c00af,4,4,F D,2
000cf0051c00ef,000cf0051c01af,23,23,F D,2
000cf0051c016f,000cf0051c016f,32,18,F D,2
000cf0051c01af,000cf0051c00ef,23,23,F D,2
000cf0051c01ef,000cf0051c01ef,85,85,F D,2
000cf0051c806f,000cf0051c806f,7,4,F D,2
000cf0051c80ef,000cf0051c80ef,22,22,F D,2
000cf0051c812f,000cf0051c812f,20,20,F D,2
000cf0051c81af,000cf0051e00ef,53,53,F D,2
000cf0051d00af,000cf0051d00af,2,2,F D,2
000cf0051d00ef,000cf0051d01af,9,9,F D,2
000cf0051d01af,000cf0051d00ef,9,9,F D,2
000cf0051d01ef,000cf0051d01ef,27,27,F D,2
000cf0051d80ef,000cf0051d80ef,8,8,F D,2
000cf0051d81af,000cf0051f00ef,16,16,F D,2
000cf0051e00ef,000cf0051c81af,53,53,F D,2
000cf0051f00ef,000cf0051d81af,16,16,F D,2
000cf0451c016f,000cf0451c016f,56,56,F D,2
000cf0451c01ef,000cf0451c81af,116,116,F D,2
000cf0451c81af,000cf0451c01ef,116,116,F D,2
000cf0451d01ef,000cf0451d81af,28,28,F D,2
000cf0451d81af,000cf0451d01ef,28,28,F D,2
000cf0451e006f,000cf0451e006f,27,27,F D,2
000cf0451e00ef,000cf0c51e006f,38,38,F D,2
000cf0851c00af,000cf0851c00af,15,9,F D,2
000cf0851c00ef,000cf0851c00ef,71,71,F D,2
000cf0851c01ef,000cf0851c01ef,210,109,F D,2
000cf0851c80ef,000cf0851c80ef,60,31,F D,2
000cf0851c81af,000cf0851c81af,117,117,F D,2
000cf0851d00af,000cf0851d00af,7,7,F D,2
000cf0851d00ef,000cf0851d01af,26,26,F D,2
000cf0851d01af,000cf0851d00ef,26,26,F D,2
000cf0851d01ef,000cf0851d01ef,63,63,F D,2
000cf0851d80ef,000cf0851d80ef,24,24,F D,2
000cf0c51c01ef,000cf0c51c01ef,134,134,F D,2
000cf0c51c81af,000cf0c51c81af,73,73,F D,2
000cf0c51d00ef,000cf1851d01af,25,25,F D,2
000cf0c51d01ef,000cf1851d01ef,37,37,F D,2
000cf0c51e006f,000cf0451e00ef,38,38,F D,2
000cf0c51e00ef,000cf0c51e00ef,49,49,F D,2
000cf1451c016f,000cf1451c016f,23,12,F D,2
000cf1451c01ef,000cf1451c01ef,35,35,F D,2
000cf1451c806f,000cf1451c806f,30,16,F D,2
000cf1451c80ef,000cf1451c80ef,54,54,F D,2
000cf1451d80ef,000cf1451d80ef,24,24,F D,2
000cf1851d01af,000cf0c51d00ef,25,25,F D,2
000cf1851d01ef,000cf0c51d01ef,37,37,F D,2
000cf1c51c01ef,000cf1c51c01ef,47,24,F D,2
000cf1c51c80ef,000cf1c51d806f,48,25,F D,2
000cf1c51c812f,000cf1c51e006f,23,23,F D,2
000cf1c51c81af,000cf1c51e00ef,34,34,F D,2
000cf1c51d01ef,000cf1c51d01ef,12,12,F D,2
000cf1c51d806f,000cf1c51c80ef,48,25,F D,2
000cf1c51d80ef,000cf1c51d80ef,42,42,F D,2
000cf1c51e006f,000cf1c51c812f,23,23,F D,2
000cf1c51e00ef,000cf1c51c81af,34,34,F D,2
000df0451e802f,000df0451e802f,30,16,F D,2
000df0451f802f,000df0451f802f,46,46,F D,2
000df0c51f802f,000df1c51f002f,31,16,F D,2
000df1c51f002f,000df0c51f802f,31,16,F D,2
000df1c51f802f,000df1c51f802f,19,19,F D,2
004550051c00ef,004550051c00ef,12,12,R F D,3
004550051c01ef,004550051c01ef,93,93,R F D,3
004550051e01ef,004550051e01ef,33,33,R F D,3
0045500d7c00ef,0045500d7c00ef,4,4,R D,2
0045500d7c01ef,0045500d7e00ef,18,18,R D,2
0045500d7e00ef,0045500d7c01ef,18,18,R D,2
004550259c01ef,0045502cf001ef,10,10,R F D,3
0045502cf001ef,004550259c01ef,10,10,R D B,3
0045502dfc01ef,0045502dfc01ef,4,4,R D,2
004550451c01ef,004550451c01ef,247,247,R F D,3
004550451e01ef,004550451e01ef,46,46,R F D,3
0045504d7c01ef,0045510d7e00ef,26,26,R D,2
0045504d7e00ef,0045504d7e00ef,48,48,R D,2
004550659c01ef,0045510c7248ef,31,31,R F D,3
004550851c00ef,004550851c00ef,34,34,R F D,3
004550851c01ef,004550851c01ef,226,226,R F D,3
0045508d7c00ef,0045508d7c00ef,14,14,R D,2
0045508d7c01ef,0045508d7e00ef,51,51,R D,2
0045508d7e00ef,0045508d7c01ef,51,51,R D,2
004550c10c49eb,004552886240ef,15,15,R F D,3
004550c10c49ef,004552886241ef,30,30,R F D,3
004550c10e09ef,004550c10e09ef,48,48,R F D,3
004550c10e49ef,004552886249ef,21,21,R F D,3
004550c51c01ef,004550c51c01ef,468,468,R F D,3
004550c51e01ef,004552c51c01ef,37,37,R F D,3
004550cd7c01ef,0045518d7e00ef,37,37,R D,2
004550cd7e00ef,004550cd7e00ef,76,76,R D,2
004550e59c01ef,0045518c7248ef,25,25,R F D,3
0045510c7248ef,004550659c01ef,31,31,R D B,3
0045510d7e00ef,0045504d7c01ef,26,26,R D,2
004551451c01ef,004551451c01ef,82,82,R F D,3
004551451c49cb,004551451c49cb,186,186,R F D,3
004551451c49ef,0045530c7248ef,11,11,R F D,3
004551451e01ef,004551451e49cb,31,31,R F D,3
004551451e49cb,004551451e01ef,31,31,R F D,3
0045514d7c01ef,0045514d7e00ef,20,20,R D,2
0045514d7e00ef,0045514d7c01ef,20,20,R D,2
0045518c7248ef,004550e59c01ef,25,25,R D B,3
0045518d7e00ef,004550cd7c01ef,37,37,R D,2
004551c51c01ef,004551c51c01ef,100,100,R F D,3
004551c51c49cb,004551c51e00ef,139,139,R F D,3
004551c51c49ef,0045538c7248ef,16,16,R F D,3
004551c51e00ef,004551c51c49cb,139,139,R F D,3
004551c51e01ef,004553c51c49cb,28,28,R F D,3
004551c51e48ef,004551cc7248ef,22,22,R F D,3
004551c51e49cb,004553c51c01ef,25,25,R F D,3
004551c51e49ef,004553cc7248ef,13,13,R F D,3
004551cc7248ef,004551c51e48ef,22,22,R D B,3
004551cd7c01ef,004551cd7e00ef,31,31,R D,2
004551cd7e00ef,004551cd7c01ef,31,31,R D,2
004551cd7e48ef,004551cd7e48ef,13,13,R D,2
004552886240ef,004550c10c49eb,15,15,R D B,3
004552886241ef,004550c10c49ef,30,30,R D B,3
004552886249ef,004550c10e49ef,21,21,R D B,3
004552c51c01ef,004550c51e01ef,37,37,R F D,3
0045530c7248ef,004551451c49ef,11,11,R D B,3
0045538c7248ef,004551c51c49ef,16,16,R D B,3
004553c51c01ef,004551c51e49cb,25,25,R F D,3
004553c51c49cb,004551c51e01ef,28,28,R F D,3
004553cc7248ef,004551c51e49ef,13,13,R D B,3
004554851c00ef,004554851c00ef,10,10,R F D,3
004554851c01ef,004554851c01ef,58,58,R F D,3
0045548d7c00ef,0045548d7c00ef,6,6,R D,2
0045548d7c01ef,0045548d7e00ef,17,17,R D,2
0045548d7e00ef,0045548d7c01ef,17,17,R D,2
004554c51c01ef,004554c51c01ef,66,66,R F D,3
004554c51e01ef,004554c51e01ef,28,28,R F D,3
004554cd7e00ef,004554cd7e00ef,28,28,R D,2
004555c51c01ef,004555c51c01ef,18,18,R F D,3
004555c51c49cb,004555c51e00ef,14,14,R F D,3
004555c51e00ef,004555c51c49cb,14,14,R F D,3
004555c51e01ef,004555c51e49cb,22,22,R F D,3
004555c51e49cb,004555c51e01ef,22,22,R F D,3
004555cd7c01ef,004555cd7e00ef,11,11,R D,2
004555cd7e00ef,004555cd7c01ef,11,11,R D,2
004555cd7e01ef,004555cd7e01ef,16,16,R D,2
004556c96e49ef,004556c96e49ef,3,2,R D,2
004557c51e49cb,004557c51e49cb,8,8,R F D,3
004557cd7e49ef,004557cd7e49ef,5,5,R D,2
00496e28e241ef,008651c51c49ef,22,22,R D B,3
004df1851e00ef,004df1851e00ef,28,28,F D,2
004df1c51e00ef,008ef1c51c81af,22,22,F D,2
008651c51c49ef,00496e28e241ef,22,22,R F D,3
008ef1c51c81af,004df1c51e00ef,22,22,F D,2
010551041c8724,010551041c8724,342,114,U R F D L B,3
010551041c9724,010551041cdf00,203,203,U R F D L B,3
010551041cdf00,010551041c9724,203,203,U R F D L B,3
010551041d9724,010551041d9724,142,142,U R F L B,3
010551041ddf00,010551041ddf00,150,150,U R F L B,3
01055104728724,01055104728724,45,15,U R F D L B,3
01055104729724,01055104729724,58,58,U R F D L B,3
01055104739724,01055104739724,43,43,U R F L B,3
010554001ddf00,010554001ddf00,152,152,U R L B,3
010554007fde00,010554007fde00,28,28,U R L B,3
01055400e3de04,01055400f3de00,37,19,U R L B,3
01055400f3de00,01055400e3de04,37,19,U R L B,3
010555041d9724,010555041ddf00,89,89,U R L B,3
010555041ddf00,010555041d9724,89,89,U R L B,3
01055504739724,01055504739724,28,28,U R L B,3
010555047ddf00,010556087fde00,22,22,U R L B,3
010556087fde00,010555047ddf00,22,22,U R L B,3
0105570c1d9724,0105570c1d9724,51,51,U R L B,3
0105570c739627,0105570c739627,16,16,U R L B,3
0105570c739724,0105570c73df00,19,10,U R L B,3
0105570c73df00,0105570c739724,19,10,U R L B,3
014557051c01ef,014557051c49cb,51,51,R F D,3
014557051c49cb,014557051c01ef,51,51,R F D,3
0145570c7007ef,0145570c7049ef,19,19,R D B,3
0145570c7049ef,0145570c7007ef,19,19,R D B,3
0145570c724fc8,0145570c724fc8,16,16,R D B,3
0145570d7c49cb,0145570d7c49cb,16,16,R D,2
054550c51c00ef,054550c51c00ef,25,9,R F D,3
054550c51c01ef,054550c51c01ef,114,38,R F D,3
054550c51c16ef,054550c51c16ef,12,7,R F,2
054550c51c17ef,054550c51c17ef,25,25,R F,2
054551c51c01ef,054551c51c01ef,51,51,R F D,3
054551c51c17ef,054551cd7c01ef,19,10,R F,2
054551c51c5fe4,054551c51c5fe4,16,16,U R F,3
054551cd7c01ef,054551c51c17ef,19,10,R D,2
154551c51c01ef,154551c51c01ef,28,10,R F D,3
154551c51c17e4,154551c51c17e4,36,12,U R F,3
154551c51c17ef,154551c51c17ef,13,13,R F,2
154551c51c49ef,154551c51c5fe4,13,13,R F D,3
154551c51c5fe4,154551c51c49ef,13,13,U R F,3
154551c51c5fef,154551c51c5fef,10,10,R F,2
154551c51e01ef,154551c51e01ef,13,13,R F D,3
154551c51e49ef,154551c51e49ef,10,10,R F D,3
154551c51fdfef,154551c51fdfef,7,4,R F,2
15455fedffdfef,15455fedffdfef,1,1,R,1
3fcfffedffdfef,3fcfffedffdfef,1,1,,0
